filename,image_path,label_path,source,session_id,split_hint,final_split
000000000077.jpg,../datasets/raw/coco_person/train/images/000000000077.jpg,../datasets/raw/coco_person/train/labels/000000000077.txt,coco_person,000000000077,train_pool,val
000000000790.jpg,../datasets/raw/coco_person/train/images/000000000790.jpg,../datasets/raw/coco_person/train/labels/000000000790.txt,coco_person,000000000790,train_pool,train
000000000901.jpg,../datasets/raw/coco_person/train/images/000000000901.jpg,../datasets/raw/coco_person/train/labels/000000000901.txt,coco_person,000000000901,train_pool,train
000000001006.jpg,../datasets/raw/coco_person/train/images/000000001006.jpg,../datasets/raw/coco_person/train/labels/000000001006.txt,coco_person,000000001006,train_pool,train
000000001290.jpg,../datasets/raw/coco_person/train/images/000000001290.jpg,../datasets/raw/coco_person/train/labels/000000001290.txt,coco_person,000000001290,train_pool,train
000000001308.jpg,../datasets/raw/coco_person/train/images/000000001308.jpg,../datasets/raw/coco_person/train/labels/000000001308.txt,coco_person,000000001308,train_pool,train
000000001592.jpg,../datasets/raw/coco_person/train/images/000000001592.jpg,../datasets/raw/coco_person/train/labels/000000001592.txt,coco_person,000000001592,train_pool,train
000000001668.jpg,../datasets/raw/coco_person/train/images/000000001668.jpg,../datasets/raw/coco_person/train/labels/000000001668.txt,coco_person,000000001668,train_pool,train
000000001774.jpg,../datasets/raw/coco_person/train/images/000000001774.jpg,../datasets/raw/coco_person/train/labels/000000001774.txt,coco_person,000000001774,train_pool,train
000000002278.jpg,../datasets/raw/coco_person/train/images/000000002278.jpg,../datasets/raw/coco_person/train/labels/000000002278.txt,coco_person,000000002278,train_pool,train
000000002369.jpg,../datasets/raw/coco_person/train/images/000000002369.jpg,../datasets/raw/coco_person/train/labels/000000002369.txt,coco_person,000000002369,train_pool,train
000000002567.jpg,../datasets/raw/coco_person/train/images/000000002567.jpg,../datasets/raw/coco_person/train/labels/000000002567.txt,coco_person,000000002567,train_pool,train
000000002613.jpg,../datasets/raw/coco_person/train/images/000000002613.jpg,../datasets/raw/coco_person/train/labels/000000002613.txt,coco_person,000000002613,train_pool,train
000000002672.jpg,../datasets/raw/coco_person/train/images/000000002672.jpg,../datasets/raw/coco_person/train/labels/000000002672.txt,coco_person,000000002672,train_pool,train
000000002755.jpg,../datasets/raw/coco_person/train/images/000000002755.jpg,../datasets/raw/coco_person/train/labels/000000002755.txt,coco_person,000000002755,train_pool,train
000000002892.jpg,../datasets/raw/coco_person/train/images/000000002892.jpg,../datasets/raw/coco_person/train/labels/000000002892.txt,coco_person,000000002892,train_pool,val
000000003134.jpg,../datasets/raw/coco_person/train/images/000000003134.jpg,../datasets/raw/coco_person/train/labels/000000003134.txt,coco_person,000000003134,train_pool,train
000000003220.jpg,../datasets/raw/coco_person/train/images/000000003220.jpg,../datasets/raw/coco_person/train/labels/000000003220.txt,coco_person,000000003220,train_pool,train
000000003320.jpg,../datasets/raw/coco_person/train/images/000000003320.jpg,../datasets/raw/coco_person/train/labels/000000003320.txt,coco_person,000000003320,train_pool,train
000000003514.jpg,../datasets/raw/coco_person/train/images/000000003514.jpg,../datasets/raw/coco_person/train/labels/000000003514.txt,coco_person,000000003514,train_pool,val
000000003538.jpg,../datasets/raw/coco_person/train/images/000000003538.jpg,../datasets/raw/coco_person/train/labels/000000003538.txt,coco_person,000000003538,train_pool,val
000000003751.jpg,../datasets/raw/coco_person/train/images/000000003751.jpg,../datasets/raw/coco_person/train/labels/000000003751.txt,coco_person,000000003751,train_pool,val
000000003830.jpg,../datasets/raw/coco_person/train/images/000000003830.jpg,../datasets/raw/coco_person/train/labels/000000003830.txt,coco_person,000000003830,train_pool,train
000000003983.jpg,../datasets/raw/coco_person/train/images/000000003983.jpg,../datasets/raw/coco_person/train/labels/000000003983.txt,coco_person,000000003983,train_pool,train
000000004020.jpg,../datasets/raw/coco_person/train/images/000000004020.jpg,../datasets/raw/coco_person/train/labels/000000004020.txt,coco_person,000000004020,train_pool,train
000000004092.jpg,../datasets/raw/coco_person/train/images/000000004092.jpg,../datasets/raw/coco_person/train/labels/000000004092.txt,coco_person,000000004092,train_pool,train
000000004172.jpg,../datasets/raw/coco_person/train/images/000000004172.jpg,../datasets/raw/coco_person/train/labels/000000004172.txt,coco_person,000000004172,train_pool,train
000000004375.jpg,../datasets/raw/coco_person/train/images/000000004375.jpg,../datasets/raw/coco_person/train/labels/000000004375.txt,coco_person,000000004375,train_pool,train
000000004385.jpg,../datasets/raw/coco_person/train/images/000000004385.jpg,../datasets/raw/coco_person/train/labels/000000004385.txt,coco_person,000000004385,train_pool,train
000000004823.jpg,../datasets/raw/coco_person/train/images/000000004823.jpg,../datasets/raw/coco_person/train/labels/000000004823.txt,coco_person,000000004823,train_pool,train
000000004834.jpg,../datasets/raw/coco_person/train/images/000000004834.jpg,../datasets/raw/coco_person/train/labels/000000004834.txt,coco_person,000000004834,train_pool,train
000000004893.jpg,../datasets/raw/coco_person/train/images/000000004893.jpg,../datasets/raw/coco_person/train/labels/000000004893.txt,coco_person,000000004893,train_pool,train
000000005086.jpg,../datasets/raw/coco_person/train/images/000000005086.jpg,../datasets/raw/coco_person/train/labels/000000005086.txt,coco_person,000000005086,train_pool,train
000000005303.jpg,../datasets/raw/coco_person/train/images/000000005303.jpg,../datasets/raw/coco_person/train/labels/000000005303.txt,coco_person,000000005303,train_pool,train
000000005599.jpg,../datasets/raw/coco_person/train/images/000000005599.jpg,../datasets/raw/coco_person/train/labels/000000005599.txt,coco_person,000000005599,train_pool,train
000000005601.jpg,../datasets/raw/coco_person/train/images/000000005601.jpg,../datasets/raw/coco_person/train/labels/000000005601.txt,coco_person,000000005601,train_pool,val
000000006005.jpg,../datasets/raw/coco_person/train/images/000000006005.jpg,../datasets/raw/coco_person/train/labels/000000006005.txt,coco_person,000000006005,train_pool,val
000000006253.jpg,../datasets/raw/coco_person/train/images/000000006253.jpg,../datasets/raw/coco_person/train/labels/000000006253.txt,coco_person,000000006253,train_pool,train
000000006287.jpg,../datasets/raw/coco_person/train/images/000000006287.jpg,../datasets/raw/coco_person/train/labels/000000006287.txt,coco_person,000000006287,train_pool,train
000000006338.jpg,../datasets/raw/coco_person/train/images/000000006338.jpg,../datasets/raw/coco_person/train/labels/000000006338.txt,coco_person,000000006338,train_pool,train
000000006432.jpg,../datasets/raw/coco_person/train/images/000000006432.jpg,../datasets/raw/coco_person/train/labels/000000006432.txt,coco_person,000000006432,train_pool,val
000000006541.jpg,../datasets/raw/coco_person/train/images/000000006541.jpg,../datasets/raw/coco_person/train/labels/000000006541.txt,coco_person,000000006541,train_pool,train
000000006692.jpg,../datasets/raw/coco_person/train/images/000000006692.jpg,../datasets/raw/coco_person/train/labels/000000006692.txt,coco_person,000000006692,train_pool,val
000000006709.jpg,../datasets/raw/coco_person/train/images/000000006709.jpg,../datasets/raw/coco_person/train/labels/000000006709.txt,coco_person,000000006709,train_pool,train
000000006998.jpg,../datasets/raw/coco_person/train/images/000000006998.jpg,../datasets/raw/coco_person/train/labels/000000006998.txt,coco_person,000000006998,train_pool,train
000000007221.jpg,../datasets/raw/coco_person/train/images/000000007221.jpg,../datasets/raw/coco_person/train/labels/000000007221.txt,coco_person,000000007221,train_pool,train
000000007932.jpg,../datasets/raw/coco_person/train/images/000000007932.jpg,../datasets/raw/coco_person/train/labels/000000007932.txt,coco_person,000000007932,train_pool,train
000000008119.jpg,../datasets/raw/coco_person/train/images/000000008119.jpg,../datasets/raw/coco_person/train/labels/000000008119.txt,coco_person,000000008119,train_pool,train
000000008191.jpg,../datasets/raw/coco_person/train/images/000000008191.jpg,../datasets/raw/coco_person/train/labels/000000008191.txt,coco_person,000000008191,train_pool,val
000000008204.jpg,../datasets/raw/coco_person/train/images/000000008204.jpg,../datasets/raw/coco_person/train/labels/000000008204.txt,coco_person,000000008204,train_pool,train
000000008314.jpg,../datasets/raw/coco_person/train/images/000000008314.jpg,../datasets/raw/coco_person/train/labels/000000008314.txt,coco_person,000000008314,train_pool,train
000000008396.jpg,../datasets/raw/coco_person/train/images/000000008396.jpg,../datasets/raw/coco_person/train/labels/000000008396.txt,coco_person,000000008396,train_pool,train
000000008458.jpg,../datasets/raw/coco_person/train/images/000000008458.jpg,../datasets/raw/coco_person/train/labels/000000008458.txt,coco_person,000000008458,train_pool,val
000000008649.jpg,../datasets/raw/coco_person/train/images/000000008649.jpg,../datasets/raw/coco_person/train/labels/000000008649.txt,coco_person,000000008649,train_pool,train
000000008853.jpg,../datasets/raw/coco_person/train/images/000000008853.jpg,../datasets/raw/coco_person/train/labels/000000008853.txt,coco_person,000000008853,train_pool,train
000000009095.jpg,../datasets/raw/coco_person/train/images/000000009095.jpg,../datasets/raw/coco_person/train/labels/000000009095.txt,coco_person,000000009095,train_pool,val
000000009171.jpg,../datasets/raw/coco_person/train/images/000000009171.jpg,../datasets/raw/coco_person/train/labels/000000009171.txt,coco_person,000000009171,train_pool,train
000000009372.jpg,../datasets/raw/coco_person/train/images/000000009372.jpg,../datasets/raw/coco_person/train/labels/000000009372.txt,coco_person,000000009372,train_pool,train
000000009420.jpg,../datasets/raw/coco_person/train/images/000000009420.jpg,../datasets/raw/coco_person/train/labels/000000009420.txt,coco_person,000000009420,train_pool,train
000000009647.jpg,../datasets/raw/coco_person/train/images/000000009647.jpg,../datasets/raw/coco_person/train/labels/000000009647.txt,coco_person,000000009647,train_pool,val
000000009727.jpg,../datasets/raw/coco_person/train/images/000000009727.jpg,../datasets/raw/coco_person/train/labels/000000009727.txt,coco_person,000000009727,train_pool,train
000000009789.jpg,../datasets/raw/coco_person/train/images/000000009789.jpg,../datasets/raw/coco_person/train/labels/000000009789.txt,coco_person,000000009789,train_pool,train
000000009845.jpg,../datasets/raw/coco_person/train/images/000000009845.jpg,../datasets/raw/coco_person/train/labels/000000009845.txt,coco_person,000000009845,train_pool,train
000000010149.jpg,../datasets/raw/coco_person/train/images/000000010149.jpg,../datasets/raw/coco_person/train/labels/000000010149.txt,coco_person,000000010149,train_pool,train
000000010175.jpg,../datasets/raw/coco_person/train/images/000000010175.jpg,../datasets/raw/coco_person/train/labels/000000010175.txt,coco_person,000000010175,train_pool,train
000000010216.jpg,../datasets/raw/coco_person/train/images/000000010216.jpg,../datasets/raw/coco_person/train/labels/000000010216.txt,coco_person,000000010216,train_pool,train
000000010249.jpg,../datasets/raw/coco_person/train/images/000000010249.jpg,../datasets/raw/coco_person/train/labels/000000010249.txt,coco_person,000000010249,train_pool,train
000000010545.jpg,../datasets/raw/coco_person/train/images/000000010545.jpg,../datasets/raw/coco_person/train/labels/000000010545.txt,coco_person,000000010545,train_pool,val
000000010581.jpg,../datasets/raw/coco_person/train/images/000000010581.jpg,../datasets/raw/coco_person/train/labels/000000010581.txt,coco_person,000000010581,train_pool,train
000000010644.jpg,../datasets/raw/coco_person/train/images/000000010644.jpg,../datasets/raw/coco_person/train/labels/000000010644.txt,coco_person,000000010644,train_pool,train
000000010698.jpg,../datasets/raw/coco_person/train/images/000000010698.jpg,../datasets/raw/coco_person/train/labels/000000010698.txt,coco_person,000000010698,train_pool,train
000000010743.jpg,../datasets/raw/coco_person/train/images/000000010743.jpg,../datasets/raw/coco_person/train/labels/000000010743.txt,coco_person,000000010743,train_pool,train
000000010779.jpg,../datasets/raw/coco_person/train/images/000000010779.jpg,../datasets/raw/coco_person/train/labels/000000010779.txt,coco_person,000000010779,train_pool,val
000000010785.jpg,../datasets/raw/coco_person/train/images/000000010785.jpg,../datasets/raw/coco_person/train/labels/000000010785.txt,coco_person,000000010785,train_pool,val
000000010837.jpg,../datasets/raw/coco_person/train/images/000000010837.jpg,../datasets/raw/coco_person/train/labels/000000010837.txt,coco_person,000000010837,train_pool,train
000000010920.jpg,../datasets/raw/coco_person/train/images/000000010920.jpg,../datasets/raw/coco_person/train/labels/000000010920.txt,coco_person,000000010920,train_pool,train
000000010929.jpg,../datasets/raw/coco_person/train/images/000000010929.jpg,../datasets/raw/coco_person/train/labels/000000010929.txt,coco_person,000000010929,train_pool,train
000000010948.jpg,../datasets/raw/coco_person/train/images/000000010948.jpg,../datasets/raw/coco_person/train/labels/000000010948.txt,coco_person,000000010948,train_pool,train
000000011029.jpg,../datasets/raw/coco_person/train/images/000000011029.jpg,../datasets/raw/coco_person/train/labels/000000011029.txt,coco_person,000000011029,train_pool,train
000000011231.jpg,../datasets/raw/coco_person/train/images/000000011231.jpg,../datasets/raw/coco_person/train/labels/000000011231.txt,coco_person,000000011231,train_pool,train
000000011288.jpg,../datasets/raw/coco_person/train/images/000000011288.jpg,../datasets/raw/coco_person/train/labels/000000011288.txt,coco_person,000000011288,train_pool,train
000000011316.jpg,../datasets/raw/coco_person/train/images/000000011316.jpg,../datasets/raw/coco_person/train/labels/000000011316.txt,coco_person,000000011316,train_pool,val
000000011326.jpg,../datasets/raw/coco_person/train/images/000000011326.jpg,../datasets/raw/coco_person/train/labels/000000011326.txt,coco_person,000000011326,train_pool,train
000000011349.jpg,../datasets/raw/coco_person/train/images/000000011349.jpg,../datasets/raw/coco_person/train/labels/000000011349.txt,coco_person,000000011349,train_pool,train
000000011774.jpg,../datasets/raw/coco_person/train/images/000000011774.jpg,../datasets/raw/coco_person/train/labels/000000011774.txt,coco_person,000000011774,train_pool,train
000000012345.jpg,../datasets/raw/coco_person/train/images/000000012345.jpg,../datasets/raw/coco_person/train/labels/000000012345.txt,coco_person,000000012345,train_pool,train
000000012418.jpg,../datasets/raw/coco_person/train/images/000000012418.jpg,../datasets/raw/coco_person/train/labels/000000012418.txt,coco_person,000000012418,train_pool,train
000000012678.jpg,../datasets/raw/coco_person/train/images/000000012678.jpg,../datasets/raw/coco_person/train/labels/000000012678.txt,coco_person,000000012678,train_pool,train
000000012896.jpg,../datasets/raw/coco_person/train/images/000000012896.jpg,../datasets/raw/coco_person/train/labels/000000012896.txt,coco_person,000000012896,train_pool,val
000000013143.jpg,../datasets/raw/coco_person/train/images/000000013143.jpg,../datasets/raw/coco_person/train/labels/000000013143.txt,coco_person,000000013143,train_pool,train
000000013195.jpg,../datasets/raw/coco_person/train/images/000000013195.jpg,../datasets/raw/coco_person/train/labels/000000013195.txt,coco_person,000000013195,train_pool,train
000000013302.jpg,../datasets/raw/coco_person/train/images/000000013302.jpg,../datasets/raw/coco_person/train/labels/000000013302.txt,coco_person,000000013302,train_pool,train
000000013332.jpg,../datasets/raw/coco_person/train/images/000000013332.jpg,../datasets/raw/coco_person/train/labels/000000013332.txt,coco_person,000000013332,train_pool,train
000000013565.jpg,../datasets/raw/coco_person/train/images/000000013565.jpg,../datasets/raw/coco_person/train/labels/000000013565.txt,coco_person,000000013565,train_pool,train
000000013662.jpg,../datasets/raw/coco_person/train/images/000000013662.jpg,../datasets/raw/coco_person/train/labels/000000013662.txt,coco_person,000000013662,train_pool,val
000000013983.jpg,../datasets/raw/coco_person/train/images/000000013983.jpg,../datasets/raw/coco_person/train/labels/000000013983.txt,coco_person,000000013983,train_pool,train
000000014089.jpg,../datasets/raw/coco_person/train/images/000000014089.jpg,../datasets/raw/coco_person/train/labels/000000014089.txt,coco_person,000000014089,train_pool,train
000000014103.jpg,../datasets/raw/coco_person/train/images/000000014103.jpg,../datasets/raw/coco_person/train/labels/000000014103.txt,coco_person,000000014103,train_pool,train
000000014125.jpg,../datasets/raw/coco_person/train/images/000000014125.jpg,../datasets/raw/coco_person/train/labels/000000014125.txt,coco_person,000000014125,train_pool,train
000000014160.jpg,../datasets/raw/coco_person/train/images/000000014160.jpg,../datasets/raw/coco_person/train/labels/000000014160.txt,coco_person,000000014160,train_pool,train
000000014281.jpg,../datasets/raw/coco_person/train/images/000000014281.jpg,../datasets/raw/coco_person/train/labels/000000014281.txt,coco_person,000000014281,train_pool,train
000000014312.jpg,../datasets/raw/coco_person/train/images/000000014312.jpg,../datasets/raw/coco_person/train/labels/000000014312.txt,coco_person,000000014312,train_pool,train
000000014337.jpg,../datasets/raw/coco_person/train/images/000000014337.jpg,../datasets/raw/coco_person/train/labels/000000014337.txt,coco_person,000000014337,train_pool,train
000000014375.jpg,../datasets/raw/coco_person/train/images/000000014375.jpg,../datasets/raw/coco_person/train/labels/000000014375.txt,coco_person,000000014375,train_pool,train
000000014740.jpg,../datasets/raw/coco_person/train/images/000000014740.jpg,../datasets/raw/coco_person/train/labels/000000014740.txt,coco_person,000000014740,train_pool,train
000000014773.jpg,../datasets/raw/coco_person/train/images/000000014773.jpg,../datasets/raw/coco_person/train/labels/000000014773.txt,coco_person,000000014773,train_pool,train
000000014960.jpg,../datasets/raw/coco_person/train/images/000000014960.jpg,../datasets/raw/coco_person/train/labels/000000014960.txt,coco_person,000000014960,train_pool,val
000000014986.jpg,../datasets/raw/coco_person/train/images/000000014986.jpg,../datasets/raw/coco_person/train/labels/000000014986.txt,coco_person,000000014986,train_pool,train
000000015050.jpg,../datasets/raw/coco_person/train/images/000000015050.jpg,../datasets/raw/coco_person/train/labels/000000015050.txt,coco_person,000000015050,train_pool,train
000000015183.jpg,../datasets/raw/coco_person/train/images/000000015183.jpg,../datasets/raw/coco_person/train/labels/000000015183.txt,coco_person,000000015183,train_pool,train
000000015262.jpg,../datasets/raw/coco_person/train/images/000000015262.jpg,../datasets/raw/coco_person/train/labels/000000015262.txt,coco_person,000000015262,train_pool,train
000000015302.jpg,../datasets/raw/coco_person/train/images/000000015302.jpg,../datasets/raw/coco_person/train/labels/000000015302.txt,coco_person,000000015302,train_pool,train
000000015303.jpg,../datasets/raw/coco_person/train/images/000000015303.jpg,../datasets/raw/coco_person/train/labels/000000015303.txt,coco_person,000000015303,train_pool,val
000000015621.jpg,../datasets/raw/coco_person/train/images/000000015621.jpg,../datasets/raw/coco_person/train/labels/000000015621.txt,coco_person,000000015621,train_pool,train
000000015652.jpg,../datasets/raw/coco_person/train/images/000000015652.jpg,../datasets/raw/coco_person/train/labels/000000015652.txt,coco_person,000000015652,train_pool,val
000000015757.jpg,../datasets/raw/coco_person/train/images/000000015757.jpg,../datasets/raw/coco_person/train/labels/000000015757.txt,coco_person,000000015757,train_pool,train
000000015843.jpg,../datasets/raw/coco_person/train/images/000000015843.jpg,../datasets/raw/coco_person/train/labels/000000015843.txt,coco_person,000000015843,train_pool,train
000000015851.jpg,../datasets/raw/coco_person/train/images/000000015851.jpg,../datasets/raw/coco_person/train/labels/000000015851.txt,coco_person,000000015851,train_pool,train
000000016071.jpg,../datasets/raw/coco_person/train/images/000000016071.jpg,../datasets/raw/coco_person/train/labels/000000016071.txt,coco_person,000000016071,train_pool,train
000000016253.jpg,../datasets/raw/coco_person/train/images/000000016253.jpg,../datasets/raw/coco_person/train/labels/000000016253.txt,coco_person,000000016253,train_pool,train
000000016360.jpg,../datasets/raw/coco_person/train/images/000000016360.jpg,../datasets/raw/coco_person/train/labels/000000016360.txt,coco_person,000000016360,train_pool,train
000000016546.jpg,../datasets/raw/coco_person/train/images/000000016546.jpg,../datasets/raw/coco_person/train/labels/000000016546.txt,coco_person,000000016546,train_pool,train
000000016567.jpg,../datasets/raw/coco_person/train/images/000000016567.jpg,../datasets/raw/coco_person/train/labels/000000016567.txt,coco_person,000000016567,train_pool,train
000000016879.jpg,../datasets/raw/coco_person/train/images/000000016879.jpg,../datasets/raw/coco_person/train/labels/000000016879.txt,coco_person,000000016879,train_pool,train
000000016964.jpg,../datasets/raw/coco_person/train/images/000000016964.jpg,../datasets/raw/coco_person/train/labels/000000016964.txt,coco_person,000000016964,train_pool,train
000000017047.jpg,../datasets/raw/coco_person/train/images/000000017047.jpg,../datasets/raw/coco_person/train/labels/000000017047.txt,coco_person,000000017047,train_pool,train
000000017095.jpg,../datasets/raw/coco_person/train/images/000000017095.jpg,../datasets/raw/coco_person/train/labels/000000017095.txt,coco_person,000000017095,train_pool,train
000000017311.jpg,../datasets/raw/coco_person/train/images/000000017311.jpg,../datasets/raw/coco_person/train/labels/000000017311.txt,coco_person,000000017311,train_pool,train
000000017312.jpg,../datasets/raw/coco_person/train/images/000000017312.jpg,../datasets/raw/coco_person/train/labels/000000017312.txt,coco_person,000000017312,train_pool,train
000000017376.jpg,../datasets/raw/coco_person/train/images/000000017376.jpg,../datasets/raw/coco_person/train/labels/000000017376.txt,coco_person,000000017376,train_pool,train
000000017420.jpg,../datasets/raw/coco_person/train/images/000000017420.jpg,../datasets/raw/coco_person/train/labels/000000017420.txt,coco_person,000000017420,train_pool,train
000000017526.jpg,../datasets/raw/coco_person/train/images/000000017526.jpg,../datasets/raw/coco_person/train/labels/000000017526.txt,coco_person,000000017526,train_pool,train
000000017938.jpg,../datasets/raw/coco_person/train/images/000000017938.jpg,../datasets/raw/coco_person/train/labels/000000017938.txt,coco_person,000000017938,train_pool,train
000000017972.jpg,../datasets/raw/coco_person/train/images/000000017972.jpg,../datasets/raw/coco_person/train/labels/000000017972.txt,coco_person,000000017972,train_pool,train
000000018000.jpg,../datasets/raw/coco_person/train/images/000000018000.jpg,../datasets/raw/coco_person/train/labels/000000018000.txt,coco_person,000000018000,train_pool,train
000000018244.jpg,../datasets/raw/coco_person/train/images/000000018244.jpg,../datasets/raw/coco_person/train/labels/000000018244.txt,coco_person,000000018244,train_pool,train
000000018270.jpg,../datasets/raw/coco_person/train/images/000000018270.jpg,../datasets/raw/coco_person/train/labels/000000018270.txt,coco_person,000000018270,train_pool,train
000000018317.jpg,../datasets/raw/coco_person/train/images/000000018317.jpg,../datasets/raw/coco_person/train/labels/000000018317.txt,coco_person,000000018317,train_pool,train
000000018377.jpg,../datasets/raw/coco_person/train/images/000000018377.jpg,../datasets/raw/coco_person/train/labels/000000018377.txt,coco_person,000000018377,train_pool,train
000000018507.jpg,../datasets/raw/coco_person/train/images/000000018507.jpg,../datasets/raw/coco_person/train/labels/000000018507.txt,coco_person,000000018507,train_pool,train
000000018563.jpg,../datasets/raw/coco_person/train/images/000000018563.jpg,../datasets/raw/coco_person/train/labels/000000018563.txt,coco_person,000000018563,train_pool,train
000000019198.jpg,../datasets/raw/coco_person/train/images/000000019198.jpg,../datasets/raw/coco_person/train/labels/000000019198.txt,coco_person,000000019198,train_pool,train
000000019450.jpg,../datasets/raw/coco_person/train/images/000000019450.jpg,../datasets/raw/coco_person/train/labels/000000019450.txt,coco_person,000000019450,train_pool,train
000000019471.jpg,../datasets/raw/coco_person/train/images/000000019471.jpg,../datasets/raw/coco_person/train/labels/000000019471.txt,coco_person,000000019471,train_pool,train
000000019491.jpg,../datasets/raw/coco_person/train/images/000000019491.jpg,../datasets/raw/coco_person/train/labels/000000019491.txt,coco_person,000000019491,train_pool,train
000000019663.jpg,../datasets/raw/coco_person/train/images/000000019663.jpg,../datasets/raw/coco_person/train/labels/000000019663.txt,coco_person,000000019663,train_pool,train
000000019838.jpg,../datasets/raw/coco_person/train/images/000000019838.jpg,../datasets/raw/coco_person/train/labels/000000019838.txt,coco_person,000000019838,train_pool,val
000000019881.jpg,../datasets/raw/coco_person/train/images/000000019881.jpg,../datasets/raw/coco_person/train/labels/000000019881.txt,coco_person,000000019881,train_pool,train
000000019962.jpg,../datasets/raw/coco_person/train/images/000000019962.jpg,../datasets/raw/coco_person/train/labels/000000019962.txt,coco_person,000000019962,train_pool,val
000000020001.jpg,../datasets/raw/coco_person/train/images/000000020001.jpg,../datasets/raw/coco_person/train/labels/000000020001.txt,coco_person,000000020001,train_pool,train
000000020172.jpg,../datasets/raw/coco_person/train/images/000000020172.jpg,../datasets/raw/coco_person/train/labels/000000020172.txt,coco_person,000000020172,train_pool,train
000000020315.jpg,../datasets/raw/coco_person/train/images/000000020315.jpg,../datasets/raw/coco_person/train/labels/000000020315.txt,coco_person,000000020315,train_pool,train
000000020509.jpg,../datasets/raw/coco_person/train/images/000000020509.jpg,../datasets/raw/coco_person/train/labels/000000020509.txt,coco_person,000000020509,train_pool,train
000000020540.jpg,../datasets/raw/coco_person/train/images/000000020540.jpg,../datasets/raw/coco_person/train/labels/000000020540.txt,coco_person,000000020540,train_pool,train
000000020556.jpg,../datasets/raw/coco_person/train/images/000000020556.jpg,../datasets/raw/coco_person/train/labels/000000020556.txt,coco_person,000000020556,train_pool,train
000000020570.jpg,../datasets/raw/coco_person/train/images/000000020570.jpg,../datasets/raw/coco_person/train/labels/000000020570.txt,coco_person,000000020570,train_pool,val
000000020629.jpg,../datasets/raw/coco_person/train/images/000000020629.jpg,../datasets/raw/coco_person/train/labels/000000020629.txt,coco_person,000000020629,train_pool,train
000000020644.jpg,../datasets/raw/coco_person/train/images/000000020644.jpg,../datasets/raw/coco_person/train/labels/000000020644.txt,coco_person,000000020644,train_pool,train
000000020698.jpg,../datasets/raw/coco_person/train/images/000000020698.jpg,../datasets/raw/coco_person/train/labels/000000020698.txt,coco_person,000000020698,train_pool,train
000000020711.jpg,../datasets/raw/coco_person/train/images/000000020711.jpg,../datasets/raw/coco_person/train/labels/000000020711.txt,coco_person,000000020711,train_pool,train
000000020760.jpg,../datasets/raw/coco_person/train/images/000000020760.jpg,../datasets/raw/coco_person/train/labels/000000020760.txt,coco_person,000000020760,train_pool,train
000000020935.jpg,../datasets/raw/coco_person/train/images/000000020935.jpg,../datasets/raw/coco_person/train/labels/000000020935.txt,coco_person,000000020935,train_pool,train
000000021213.jpg,../datasets/raw/coco_person/train/images/000000021213.jpg,../datasets/raw/coco_person/train/labels/000000021213.txt,coco_person,000000021213,train_pool,train
000000021215.jpg,../datasets/raw/coco_person/train/images/000000021215.jpg,../datasets/raw/coco_person/train/labels/000000021215.txt,coco_person,000000021215,train_pool,train
000000021281.jpg,../datasets/raw/coco_person/train/images/000000021281.jpg,../datasets/raw/coco_person/train/labels/000000021281.txt,coco_person,000000021281,train_pool,train
000000021329.jpg,../datasets/raw/coco_person/train/images/000000021329.jpg,../datasets/raw/coco_person/train/labels/000000021329.txt,coco_person,000000021329,train_pool,val
000000021469.jpg,../datasets/raw/coco_person/train/images/000000021469.jpg,../datasets/raw/coco_person/train/labels/000000021469.txt,coco_person,000000021469,train_pool,train
000000021889.jpg,../datasets/raw/coco_person/train/images/000000021889.jpg,../datasets/raw/coco_person/train/labels/000000021889.txt,coco_person,000000021889,train_pool,train
000000022012.jpg,../datasets/raw/coco_person/train/images/000000022012.jpg,../datasets/raw/coco_person/train/labels/000000022012.txt,coco_person,000000022012,train_pool,train
000000022291.jpg,../datasets/raw/coco_person/train/images/000000022291.jpg,../datasets/raw/coco_person/train/labels/000000022291.txt,coco_person,000000022291,train_pool,train
000000022462.jpg,../datasets/raw/coco_person/train/images/000000022462.jpg,../datasets/raw/coco_person/train/labels/000000022462.txt,coco_person,000000022462,train_pool,train
000000022708.jpg,../datasets/raw/coco_person/train/images/000000022708.jpg,../datasets/raw/coco_person/train/labels/000000022708.txt,coco_person,000000022708,train_pool,train
000000022857.jpg,../datasets/raw/coco_person/train/images/000000022857.jpg,../datasets/raw/coco_person/train/labels/000000022857.txt,coco_person,000000022857,train_pool,train
000000022863.jpg,../datasets/raw/coco_person/train/images/000000022863.jpg,../datasets/raw/coco_person/train/labels/000000022863.txt,coco_person,000000022863,train_pool,train
000000023019.jpg,../datasets/raw/coco_person/train/images/000000023019.jpg,../datasets/raw/coco_person/train/labels/000000023019.txt,coco_person,000000023019,train_pool,val
000000023089.jpg,../datasets/raw/coco_person/train/images/000000023089.jpg,../datasets/raw/coco_person/train/labels/000000023089.txt,coco_person,000000023089,train_pool,train
000000023200.jpg,../datasets/raw/coco_person/train/images/000000023200.jpg,../datasets/raw/coco_person/train/labels/000000023200.txt,coco_person,000000023200,train_pool,train
000000023548.jpg,../datasets/raw/coco_person/train/images/000000023548.jpg,../datasets/raw/coco_person/train/labels/000000023548.txt,coco_person,000000023548,train_pool,train
000000023551.jpg,../datasets/raw/coco_person/train/images/000000023551.jpg,../datasets/raw/coco_person/train/labels/000000023551.txt,coco_person,000000023551,train_pool,train
000000023879.jpg,../datasets/raw/coco_person/train/images/000000023879.jpg,../datasets/raw/coco_person/train/labels/000000023879.txt,coco_person,000000023879,train_pool,train
000000023895.jpg,../datasets/raw/coco_person/train/images/000000023895.jpg,../datasets/raw/coco_person/train/labels/000000023895.txt,coco_person,000000023895,train_pool,train
000000024157.jpg,../datasets/raw/coco_person/train/images/000000024157.jpg,../datasets/raw/coco_person/train/labels/000000024157.txt,coco_person,000000024157,train_pool,train
000000024305.jpg,../datasets/raw/coco_person/train/images/000000024305.jpg,../datasets/raw/coco_person/train/labels/000000024305.txt,coco_person,000000024305,train_pool,val
000000024368.jpg,../datasets/raw/coco_person/train/images/000000024368.jpg,../datasets/raw/coco_person/train/labels/000000024368.txt,coco_person,000000024368,train_pool,train
000000024411.jpg,../datasets/raw/coco_person/train/images/000000024411.jpg,../datasets/raw/coco_person/train/labels/000000024411.txt,coco_person,000000024411,train_pool,train
000000024657.jpg,../datasets/raw/coco_person/train/images/000000024657.jpg,../datasets/raw/coco_person/train/labels/000000024657.txt,coco_person,000000024657,train_pool,train
000000024725.jpg,../datasets/raw/coco_person/train/images/000000024725.jpg,../datasets/raw/coco_person/train/labels/000000024725.txt,coco_person,000000024725,train_pool,train
000000024813.jpg,../datasets/raw/coco_person/train/images/000000024813.jpg,../datasets/raw/coco_person/train/labels/000000024813.txt,coco_person,000000024813,train_pool,train
000000024923.jpg,../datasets/raw/coco_person/train/images/000000024923.jpg,../datasets/raw/coco_person/train/labels/000000024923.txt,coco_person,000000024923,train_pool,train
000000025142.jpg,../datasets/raw/coco_person/train/images/000000025142.jpg,../datasets/raw/coco_person/train/labels/000000025142.txt,coco_person,000000025142,train_pool,train
000000025147.jpg,../datasets/raw/coco_person/train/images/000000025147.jpg,../datasets/raw/coco_person/train/labels/000000025147.txt,coco_person,000000025147,train_pool,train
000000025282.jpg,../datasets/raw/coco_person/train/images/000000025282.jpg,../datasets/raw/coco_person/train/labels/000000025282.txt,coco_person,000000025282,train_pool,train
000000025525.jpg,../datasets/raw/coco_person/train/images/000000025525.jpg,../datasets/raw/coco_person/train/labels/000000025525.txt,coco_person,000000025525,train_pool,train
000000025729.jpg,../datasets/raw/coco_person/train/images/000000025729.jpg,../datasets/raw/coco_person/train/labels/000000025729.txt,coco_person,000000025729,train_pool,val
000000026484.jpg,../datasets/raw/coco_person/train/images/000000026484.jpg,../datasets/raw/coco_person/train/labels/000000026484.txt,coco_person,000000026484,train_pool,val
000000026488.jpg,../datasets/raw/coco_person/train/images/000000026488.jpg,../datasets/raw/coco_person/train/labels/000000026488.txt,coco_person,000000026488,train_pool,train
000000026584.jpg,../datasets/raw/coco_person/train/images/000000026584.jpg,../datasets/raw/coco_person/train/labels/000000026584.txt,coco_person,000000026584,train_pool,train
000000026676.jpg,../datasets/raw/coco_person/train/images/000000026676.jpg,../datasets/raw/coco_person/train/labels/000000026676.txt,coco_person,000000026676,train_pool,val
000000026900.jpg,../datasets/raw/coco_person/train/images/000000026900.jpg,../datasets/raw/coco_person/train/labels/000000026900.txt,coco_person,000000026900,train_pool,train
000000027302.jpg,../datasets/raw/coco_person/train/images/000000027302.jpg,../datasets/raw/coco_person/train/labels/000000027302.txt,coco_person,000000027302,train_pool,train
000000027330.jpg,../datasets/raw/coco_person/train/images/000000027330.jpg,../datasets/raw/coco_person/train/labels/000000027330.txt,coco_person,000000027330,train_pool,train
000000027510.jpg,../datasets/raw/coco_person/train/images/000000027510.jpg,../datasets/raw/coco_person/train/labels/000000027510.txt,coco_person,000000027510,train_pool,train
000000027511.jpg,../datasets/raw/coco_person/train/images/000000027511.jpg,../datasets/raw/coco_person/train/labels/000000027511.txt,coco_person,000000027511,train_pool,train
000000027570.jpg,../datasets/raw/coco_person/train/images/000000027570.jpg,../datasets/raw/coco_person/train/labels/000000027570.txt,coco_person,000000027570,train_pool,train
000000027627.jpg,../datasets/raw/coco_person/train/images/000000027627.jpg,../datasets/raw/coco_person/train/labels/000000027627.txt,coco_person,000000027627,train_pool,train
000000027890.jpg,../datasets/raw/coco_person/train/images/000000027890.jpg,../datasets/raw/coco_person/train/labels/000000027890.txt,coco_person,000000027890,train_pool,train
000000027989.jpg,../datasets/raw/coco_person/train/images/000000027989.jpg,../datasets/raw/coco_person/train/labels/000000027989.txt,coco_person,000000027989,train_pool,train
000000028099.jpg,../datasets/raw/coco_person/train/images/000000028099.jpg,../datasets/raw/coco_person/train/labels/000000028099.txt,coco_person,000000028099,train_pool,train
000000028314.jpg,../datasets/raw/coco_person/train/images/000000028314.jpg,../datasets/raw/coco_person/train/labels/000000028314.txt,coco_person,000000028314,train_pool,train
000000028402.jpg,../datasets/raw/coco_person/train/images/000000028402.jpg,../datasets/raw/coco_person/train/labels/000000028402.txt,coco_person,000000028402,train_pool,val
000000028415.jpg,../datasets/raw/coco_person/train/images/000000028415.jpg,../datasets/raw/coco_person/train/labels/000000028415.txt,coco_person,000000028415,train_pool,train
000000028547.jpg,../datasets/raw/coco_person/train/images/000000028547.jpg,../datasets/raw/coco_person/train/labels/000000028547.txt,coco_person,000000028547,train_pool,train
000000028642.jpg,../datasets/raw/coco_person/train/images/000000028642.jpg,../datasets/raw/coco_person/train/labels/000000028642.txt,coco_person,000000028642,train_pool,train
000000028650.jpg,../datasets/raw/coco_person/train/images/000000028650.jpg,../datasets/raw/coco_person/train/labels/000000028650.txt,coco_person,000000028650,train_pool,train
000000028688.jpg,../datasets/raw/coco_person/train/images/000000028688.jpg,../datasets/raw/coco_person/train/labels/000000028688.txt,coco_person,000000028688,train_pool,train
000000028824.jpg,../datasets/raw/coco_person/train/images/000000028824.jpg,../datasets/raw/coco_person/train/labels/000000028824.txt,coco_person,000000028824,train_pool,train
000000028855.jpg,../datasets/raw/coco_person/train/images/000000028855.jpg,../datasets/raw/coco_person/train/labels/000000028855.txt,coco_person,000000028855,train_pool,train
000000028955.jpg,../datasets/raw/coco_person/train/images/000000028955.jpg,../datasets/raw/coco_person/train/labels/000000028955.txt,coco_person,000000028955,train_pool,train
000000029041.jpg,../datasets/raw/coco_person/train/images/000000029041.jpg,../datasets/raw/coco_person/train/labels/000000029041.txt,coco_person,000000029041,train_pool,train
000000029075.jpg,../datasets/raw/coco_person/train/images/000000029075.jpg,../datasets/raw/coco_person/train/labels/000000029075.txt,coco_person,000000029075,train_pool,train
000000029096.jpg,../datasets/raw/coco_person/train/images/000000029096.jpg,../datasets/raw/coco_person/train/labels/000000029096.txt,coco_person,000000029096,train_pool,train
000000029116.jpg,../datasets/raw/coco_person/train/images/000000029116.jpg,../datasets/raw/coco_person/train/labels/000000029116.txt,coco_person,000000029116,train_pool,train
000000029145.jpg,../datasets/raw/coco_person/train/images/000000029145.jpg,../datasets/raw/coco_person/train/labels/000000029145.txt,coco_person,000000029145,train_pool,train
000000029153.jpg,../datasets/raw/coco_person/train/images/000000029153.jpg,../datasets/raw/coco_person/train/labels/000000029153.txt,coco_person,000000029153,train_pool,train
000000029191.jpg,../datasets/raw/coco_person/train/images/000000029191.jpg,../datasets/raw/coco_person/train/labels/000000029191.txt,coco_person,000000029191,train_pool,train
000000029472.jpg,../datasets/raw/coco_person/train/images/000000029472.jpg,../datasets/raw/coco_person/train/labels/000000029472.txt,coco_person,000000029472,train_pool,train
000000029579.jpg,../datasets/raw/coco_person/train/images/000000029579.jpg,../datasets/raw/coco_person/train/labels/000000029579.txt,coco_person,000000029579,train_pool,train
000000029622.jpg,../datasets/raw/coco_person/train/images/000000029622.jpg,../datasets/raw/coco_person/train/labels/000000029622.txt,coco_person,000000029622,train_pool,train
000000029761.jpg,../datasets/raw/coco_person/train/images/000000029761.jpg,../datasets/raw/coco_person/train/labels/000000029761.txt,coco_person,000000029761,train_pool,val
000000029937.jpg,../datasets/raw/coco_person/train/images/000000029937.jpg,../datasets/raw/coco_person/train/labels/000000029937.txt,coco_person,000000029937,train_pool,train
000000030139.jpg,../datasets/raw/coco_person/train/images/000000030139.jpg,../datasets/raw/coco_person/train/labels/000000030139.txt,coco_person,000000030139,train_pool,train
000000030437.jpg,../datasets/raw/coco_person/train/images/000000030437.jpg,../datasets/raw/coco_person/train/labels/000000030437.txt,coco_person,000000030437,train_pool,train
000000030712.jpg,../datasets/raw/coco_person/train/images/000000030712.jpg,../datasets/raw/coco_person/train/labels/000000030712.txt,coco_person,000000030712,train_pool,train
000000030719.jpg,../datasets/raw/coco_person/train/images/000000030719.jpg,../datasets/raw/coco_person/train/labels/000000030719.txt,coco_person,000000030719,train_pool,train
000000031368.jpg,../datasets/raw/coco_person/train/images/000000031368.jpg,../datasets/raw/coco_person/train/labels/000000031368.txt,coco_person,000000031368,train_pool,train
000000031390.jpg,../datasets/raw/coco_person/train/images/000000031390.jpg,../datasets/raw/coco_person/train/labels/000000031390.txt,coco_person,000000031390,train_pool,train
000000031612.jpg,../datasets/raw/coco_person/train/images/000000031612.jpg,../datasets/raw/coco_person/train/labels/000000031612.txt,coco_person,000000031612,train_pool,train
000000031642.jpg,../datasets/raw/coco_person/train/images/000000031642.jpg,../datasets/raw/coco_person/train/labels/000000031642.txt,coco_person,000000031642,train_pool,train
000000031667.jpg,../datasets/raw/coco_person/train/images/000000031667.jpg,../datasets/raw/coco_person/train/labels/000000031667.txt,coco_person,000000031667,train_pool,train
000000031733.jpg,../datasets/raw/coco_person/train/images/000000031733.jpg,../datasets/raw/coco_person/train/labels/000000031733.txt,coco_person,000000031733,train_pool,train
000000032356.jpg,../datasets/raw/coco_person/train/images/000000032356.jpg,../datasets/raw/coco_person/train/labels/000000032356.txt,coco_person,000000032356,train_pool,train
000000032626.jpg,../datasets/raw/coco_person/train/images/000000032626.jpg,../datasets/raw/coco_person/train/labels/000000032626.txt,coco_person,000000032626,train_pool,train
000000032712.jpg,../datasets/raw/coco_person/train/images/000000032712.jpg,../datasets/raw/coco_person/train/labels/000000032712.txt,coco_person,000000032712,train_pool,train
000000032868.jpg,../datasets/raw/coco_person/train/images/000000032868.jpg,../datasets/raw/coco_person/train/labels/000000032868.txt,coco_person,000000032868,train_pool,train
000000032947.jpg,../datasets/raw/coco_person/train/images/000000032947.jpg,../datasets/raw/coco_person/train/labels/000000032947.txt,coco_person,000000032947,train_pool,train
000000033061.jpg,../datasets/raw/coco_person/train/images/000000033061.jpg,../datasets/raw/coco_person/train/labels/000000033061.txt,coco_person,000000033061,train_pool,train
000000033156.jpg,../datasets/raw/coco_person/train/images/000000033156.jpg,../datasets/raw/coco_person/train/labels/000000033156.txt,coco_person,000000033156,train_pool,train
000000033251.jpg,../datasets/raw/coco_person/train/images/000000033251.jpg,../datasets/raw/coco_person/train/labels/000000033251.txt,coco_person,000000033251,train_pool,train
000000033405.jpg,../datasets/raw/coco_person/train/images/000000033405.jpg,../datasets/raw/coco_person/train/labels/000000033405.txt,coco_person,000000033405,train_pool,train
000000033672.jpg,../datasets/raw/coco_person/train/images/000000033672.jpg,../datasets/raw/coco_person/train/labels/000000033672.txt,coco_person,000000033672,train_pool,train
000000033718.jpg,../datasets/raw/coco_person/train/images/000000033718.jpg,../datasets/raw/coco_person/train/labels/000000033718.txt,coco_person,000000033718,train_pool,train
000000033896.jpg,../datasets/raw/coco_person/train/images/000000033896.jpg,../datasets/raw/coco_person/train/labels/000000033896.txt,coco_person,000000033896,train_pool,train
000000033930.jpg,../datasets/raw/coco_person/train/images/000000033930.jpg,../datasets/raw/coco_person/train/labels/000000033930.txt,coco_person,000000033930,train_pool,train
000000034015.jpg,../datasets/raw/coco_person/train/images/000000034015.jpg,../datasets/raw/coco_person/train/labels/000000034015.txt,coco_person,000000034015,train_pool,train
000000034285.jpg,../datasets/raw/coco_person/train/images/000000034285.jpg,../datasets/raw/coco_person/train/labels/000000034285.txt,coco_person,000000034285,train_pool,train
000000034354.jpg,../datasets/raw/coco_person/train/images/000000034354.jpg,../datasets/raw/coco_person/train/labels/000000034354.txt,coco_person,000000034354,train_pool,train
000000034708.jpg,../datasets/raw/coco_person/train/images/000000034708.jpg,../datasets/raw/coco_person/train/labels/000000034708.txt,coco_person,000000034708,train_pool,train
000000034786.jpg,../datasets/raw/coco_person/train/images/000000034786.jpg,../datasets/raw/coco_person/train/labels/000000034786.txt,coco_person,000000034786,train_pool,train
000000034866.jpg,../datasets/raw/coco_person/train/images/000000034866.jpg,../datasets/raw/coco_person/train/labels/000000034866.txt,coco_person,000000034866,train_pool,train
000000034877.jpg,../datasets/raw/coco_person/train/images/000000034877.jpg,../datasets/raw/coco_person/train/labels/000000034877.txt,coco_person,000000034877,train_pool,val
000000035128.jpg,../datasets/raw/coco_person/train/images/000000035128.jpg,../datasets/raw/coco_person/train/labels/000000035128.txt,coco_person,000000035128,train_pool,train
000000035150.jpg,../datasets/raw/coco_person/train/images/000000035150.jpg,../datasets/raw/coco_person/train/labels/000000035150.txt,coco_person,000000035150,train_pool,val
000000035228.jpg,../datasets/raw/coco_person/train/images/000000035228.jpg,../datasets/raw/coco_person/train/labels/000000035228.txt,coco_person,000000035228,train_pool,train
000000035343.jpg,../datasets/raw/coco_person/train/images/000000035343.jpg,../datasets/raw/coco_person/train/labels/000000035343.txt,coco_person,000000035343,train_pool,train
000000035436.jpg,../datasets/raw/coco_person/train/images/000000035436.jpg,../datasets/raw/coco_person/train/labels/000000035436.txt,coco_person,000000035436,train_pool,train
000000035547.jpg,../datasets/raw/coco_person/train/images/000000035547.jpg,../datasets/raw/coco_person/train/labels/000000035547.txt,coco_person,000000035547,train_pool,train
000000035825.jpg,../datasets/raw/coco_person/train/images/000000035825.jpg,../datasets/raw/coco_person/train/labels/000000035825.txt,coco_person,000000035825,train_pool,val
000000036196.jpg,../datasets/raw/coco_person/train/images/000000036196.jpg,../datasets/raw/coco_person/train/labels/000000036196.txt,coco_person,000000036196,train_pool,train
000000036218.jpg,../datasets/raw/coco_person/train/images/000000036218.jpg,../datasets/raw/coco_person/train/labels/000000036218.txt,coco_person,000000036218,train_pool,train
000000036421.jpg,../datasets/raw/coco_person/train/images/000000036421.jpg,../datasets/raw/coco_person/train/labels/000000036421.txt,coco_person,000000036421,train_pool,train
000000036542.jpg,../datasets/raw/coco_person/train/images/000000036542.jpg,../datasets/raw/coco_person/train/labels/000000036542.txt,coco_person,000000036542,train_pool,train
000000036589.jpg,../datasets/raw/coco_person/train/images/000000036589.jpg,../datasets/raw/coco_person/train/labels/000000036589.txt,coco_person,000000036589,train_pool,train
000000036911.jpg,../datasets/raw/coco_person/train/images/000000036911.jpg,../datasets/raw/coco_person/train/labels/000000036911.txt,coco_person,000000036911,train_pool,train
000000037009.jpg,../datasets/raw/coco_person/train/images/000000037009.jpg,../datasets/raw/coco_person/train/labels/000000037009.txt,coco_person,000000037009,train_pool,train
000000037282.jpg,../datasets/raw/coco_person/train/images/000000037282.jpg,../datasets/raw/coco_person/train/labels/000000037282.txt,coco_person,000000037282,train_pool,train
000000037615.jpg,../datasets/raw/coco_person/train/images/000000037615.jpg,../datasets/raw/coco_person/train/labels/000000037615.txt,coco_person,000000037615,train_pool,train
000000037666.jpg,../datasets/raw/coco_person/train/images/000000037666.jpg,../datasets/raw/coco_person/train/labels/000000037666.txt,coco_person,000000037666,train_pool,train
000000037782.jpg,../datasets/raw/coco_person/train/images/000000037782.jpg,../datasets/raw/coco_person/train/labels/000000037782.txt,coco_person,000000037782,train_pool,train
000000037968.jpg,../datasets/raw/coco_person/train/images/000000037968.jpg,../datasets/raw/coco_person/train/labels/000000037968.txt,coco_person,000000037968,train_pool,train
000000038350.jpg,../datasets/raw/coco_person/train/images/000000038350.jpg,../datasets/raw/coco_person/train/labels/000000038350.txt,coco_person,000000038350,train_pool,train
000000038622.jpg,../datasets/raw/coco_person/train/images/000000038622.jpg,../datasets/raw/coco_person/train/labels/000000038622.txt,coco_person,000000038622,train_pool,train
000000038710.jpg,../datasets/raw/coco_person/train/images/000000038710.jpg,../datasets/raw/coco_person/train/labels/000000038710.txt,coco_person,000000038710,train_pool,train
000000038828.jpg,../datasets/raw/coco_person/train/images/000000038828.jpg,../datasets/raw/coco_person/train/labels/000000038828.txt,coco_person,000000038828,train_pool,train
000000038858.jpg,../datasets/raw/coco_person/train/images/000000038858.jpg,../datasets/raw/coco_person/train/labels/000000038858.txt,coco_person,000000038858,train_pool,train
000000039083.jpg,../datasets/raw/coco_person/train/images/000000039083.jpg,../datasets/raw/coco_person/train/labels/000000039083.txt,coco_person,000000039083,train_pool,train
000000039131.jpg,../datasets/raw/coco_person/train/images/000000039131.jpg,../datasets/raw/coco_person/train/labels/000000039131.txt,coco_person,000000039131,train_pool,train
000000039138.jpg,../datasets/raw/coco_person/train/images/000000039138.jpg,../datasets/raw/coco_person/train/labels/000000039138.txt,coco_person,000000039138,train_pool,train
000000039152.jpg,../datasets/raw/coco_person/train/images/000000039152.jpg,../datasets/raw/coco_person/train/labels/000000039152.txt,coco_person,000000039152,train_pool,train
000000039446.jpg,../datasets/raw/coco_person/train/images/000000039446.jpg,../datasets/raw/coco_person/train/labels/000000039446.txt,coco_person,000000039446,train_pool,train
000000039570.jpg,../datasets/raw/coco_person/train/images/000000039570.jpg,../datasets/raw/coco_person/train/labels/000000039570.txt,coco_person,000000039570,train_pool,train
000000039768.jpg,../datasets/raw/coco_person/train/images/000000039768.jpg,../datasets/raw/coco_person/train/labels/000000039768.txt,coco_person,000000039768,train_pool,train
000000040286.jpg,../datasets/raw/coco_person/train/images/000000040286.jpg,../datasets/raw/coco_person/train/labels/000000040286.txt,coco_person,000000040286,train_pool,train
000000040342.jpg,../datasets/raw/coco_person/train/images/000000040342.jpg,../datasets/raw/coco_person/train/labels/000000040342.txt,coco_person,000000040342,train_pool,train
000000040407.jpg,../datasets/raw/coco_person/train/images/000000040407.jpg,../datasets/raw/coco_person/train/labels/000000040407.txt,coco_person,000000040407,train_pool,train
000000040449.jpg,../datasets/raw/coco_person/train/images/000000040449.jpg,../datasets/raw/coco_person/train/labels/000000040449.txt,coco_person,000000040449,train_pool,train
000000040681.jpg,../datasets/raw/coco_person/train/images/000000040681.jpg,../datasets/raw/coco_person/train/labels/000000040681.txt,coco_person,000000040681,train_pool,train
000000040708.jpg,../datasets/raw/coco_person/train/images/000000040708.jpg,../datasets/raw/coco_person/train/labels/000000040708.txt,coco_person,000000040708,train_pool,val
000000040821.jpg,../datasets/raw/coco_person/train/images/000000040821.jpg,../datasets/raw/coco_person/train/labels/000000040821.txt,coco_person,000000040821,train_pool,train
000000040846.jpg,../datasets/raw/coco_person/train/images/000000040846.jpg,../datasets/raw/coco_person/train/labels/000000040846.txt,coco_person,000000040846,train_pool,train
000000040891.jpg,../datasets/raw/coco_person/train/images/000000040891.jpg,../datasets/raw/coco_person/train/labels/000000040891.txt,coco_person,000000040891,train_pool,train
000000041056.jpg,../datasets/raw/coco_person/train/images/000000041056.jpg,../datasets/raw/coco_person/train/labels/000000041056.txt,coco_person,000000041056,train_pool,train
000000041305.jpg,../datasets/raw/coco_person/train/images/000000041305.jpg,../datasets/raw/coco_person/train/labels/000000041305.txt,coco_person,000000041305,train_pool,train
000000041687.jpg,../datasets/raw/coco_person/train/images/000000041687.jpg,../datasets/raw/coco_person/train/labels/000000041687.txt,coco_person,000000041687,train_pool,train
000000041771.jpg,../datasets/raw/coco_person/train/images/000000041771.jpg,../datasets/raw/coco_person/train/labels/000000041771.txt,coco_person,000000041771,train_pool,train
000000041887.jpg,../datasets/raw/coco_person/train/images/000000041887.jpg,../datasets/raw/coco_person/train/labels/000000041887.txt,coco_person,000000041887,train_pool,train
000000042204.jpg,../datasets/raw/coco_person/train/images/000000042204.jpg,../datasets/raw/coco_person/train/labels/000000042204.txt,coco_person,000000042204,train_pool,train
000000042278.jpg,../datasets/raw/coco_person/train/images/000000042278.jpg,../datasets/raw/coco_person/train/labels/000000042278.txt,coco_person,000000042278,train_pool,train
000000042336.jpg,../datasets/raw/coco_person/train/images/000000042336.jpg,../datasets/raw/coco_person/train/labels/000000042336.txt,coco_person,000000042336,train_pool,train
000000042404.jpg,../datasets/raw/coco_person/train/images/000000042404.jpg,../datasets/raw/coco_person/train/labels/000000042404.txt,coco_person,000000042404,train_pool,train
000000042408.jpg,../datasets/raw/coco_person/train/images/000000042408.jpg,../datasets/raw/coco_person/train/labels/000000042408.txt,coco_person,000000042408,train_pool,val
000000042429.jpg,../datasets/raw/coco_person/train/images/000000042429.jpg,../datasets/raw/coco_person/train/labels/000000042429.txt,coco_person,000000042429,train_pool,train
000000042472.jpg,../datasets/raw/coco_person/train/images/000000042472.jpg,../datasets/raw/coco_person/train/labels/000000042472.txt,coco_person,000000042472,train_pool,train
000000042529.jpg,../datasets/raw/coco_person/train/images/000000042529.jpg,../datasets/raw/coco_person/train/labels/000000042529.txt,coco_person,000000042529,train_pool,train
000000042620.jpg,../datasets/raw/coco_person/train/images/000000042620.jpg,../datasets/raw/coco_person/train/labels/000000042620.txt,coco_person,000000042620,train_pool,train
000000042779.jpg,../datasets/raw/coco_person/train/images/000000042779.jpg,../datasets/raw/coco_person/train/labels/000000042779.txt,coco_person,000000042779,train_pool,train
000000042820.jpg,../datasets/raw/coco_person/train/images/000000042820.jpg,../datasets/raw/coco_person/train/labels/000000042820.txt,coco_person,000000042820,train_pool,train
000000043033.jpg,../datasets/raw/coco_person/train/images/000000043033.jpg,../datasets/raw/coco_person/train/labels/000000043033.txt,coco_person,000000043033,train_pool,train
000000043071.jpg,../datasets/raw/coco_person/train/images/000000043071.jpg,../datasets/raw/coco_person/train/labels/000000043071.txt,coco_person,000000043071,train_pool,train
000000043202.jpg,../datasets/raw/coco_person/train/images/000000043202.jpg,../datasets/raw/coco_person/train/labels/000000043202.txt,coco_person,000000043202,train_pool,train
000000043248.jpg,../datasets/raw/coco_person/train/images/000000043248.jpg,../datasets/raw/coco_person/train/labels/000000043248.txt,coco_person,000000043248,train_pool,train
000000043411.jpg,../datasets/raw/coco_person/train/images/000000043411.jpg,../datasets/raw/coco_person/train/labels/000000043411.txt,coco_person,000000043411,train_pool,train
000000044437.jpg,../datasets/raw/coco_person/train/images/000000044437.jpg,../datasets/raw/coco_person/train/labels/000000044437.txt,coco_person,000000044437,train_pool,train
000000044579.jpg,../datasets/raw/coco_person/train/images/000000044579.jpg,../datasets/raw/coco_person/train/labels/000000044579.txt,coco_person,000000044579,train_pool,train
000000044677.jpg,../datasets/raw/coco_person/train/images/000000044677.jpg,../datasets/raw/coco_person/train/labels/000000044677.txt,coco_person,000000044677,train_pool,train
000000044679.jpg,../datasets/raw/coco_person/train/images/000000044679.jpg,../datasets/raw/coco_person/train/labels/000000044679.txt,coco_person,000000044679,train_pool,train
000000044724.jpg,../datasets/raw/coco_person/train/images/000000044724.jpg,../datasets/raw/coco_person/train/labels/000000044724.txt,coco_person,000000044724,train_pool,val
000000044977.jpg,../datasets/raw/coco_person/train/images/000000044977.jpg,../datasets/raw/coco_person/train/labels/000000044977.txt,coco_person,000000044977,train_pool,train
000000045007.jpg,../datasets/raw/coco_person/train/images/000000045007.jpg,../datasets/raw/coco_person/train/labels/000000045007.txt,coco_person,000000045007,train_pool,train
000000045433.jpg,../datasets/raw/coco_person/train/images/000000045433.jpg,../datasets/raw/coco_person/train/labels/000000045433.txt,coco_person,000000045433,train_pool,train
000000045437.jpg,../datasets/raw/coco_person/train/images/000000045437.jpg,../datasets/raw/coco_person/train/labels/000000045437.txt,coco_person,000000045437,train_pool,train
000000045554.jpg,../datasets/raw/coco_person/train/images/000000045554.jpg,../datasets/raw/coco_person/train/labels/000000045554.txt,coco_person,000000045554,train_pool,train
000000045842.jpg,../datasets/raw/coco_person/train/images/000000045842.jpg,../datasets/raw/coco_person/train/labels/000000045842.txt,coco_person,000000045842,train_pool,train
000000045859.jpg,../datasets/raw/coco_person/train/images/000000045859.jpg,../datasets/raw/coco_person/train/labels/000000045859.txt,coco_person,000000045859,train_pool,train
000000046038.jpg,../datasets/raw/coco_person/train/images/000000046038.jpg,../datasets/raw/coco_person/train/labels/000000046038.txt,coco_person,000000046038,train_pool,train
000000046056.jpg,../datasets/raw/coco_person/train/images/000000046056.jpg,../datasets/raw/coco_person/train/labels/000000046056.txt,coco_person,000000046056,train_pool,train
000000046310.jpg,../datasets/raw/coco_person/train/images/000000046310.jpg,../datasets/raw/coco_person/train/labels/000000046310.txt,coco_person,000000046310,train_pool,train
000000046320.jpg,../datasets/raw/coco_person/train/images/000000046320.jpg,../datasets/raw/coco_person/train/labels/000000046320.txt,coco_person,000000046320,train_pool,train
000000046580.jpg,../datasets/raw/coco_person/train/images/000000046580.jpg,../datasets/raw/coco_person/train/labels/000000046580.txt,coco_person,000000046580,train_pool,train
000000046737.jpg,../datasets/raw/coco_person/train/images/000000046737.jpg,../datasets/raw/coco_person/train/labels/000000046737.txt,coco_person,000000046737,train_pool,train
000000047173.jpg,../datasets/raw/coco_person/train/images/000000047173.jpg,../datasets/raw/coco_person/train/labels/000000047173.txt,coco_person,000000047173,train_pool,train
000000047387.jpg,../datasets/raw/coco_person/train/images/000000047387.jpg,../datasets/raw/coco_person/train/labels/000000047387.txt,coco_person,000000047387,train_pool,train
000000047418.jpg,../datasets/raw/coco_person/train/images/000000047418.jpg,../datasets/raw/coco_person/train/labels/000000047418.txt,coco_person,000000047418,train_pool,train
000000047458.jpg,../datasets/raw/coco_person/train/images/000000047458.jpg,../datasets/raw/coco_person/train/labels/000000047458.txt,coco_person,000000047458,train_pool,train
000000047548.jpg,../datasets/raw/coco_person/train/images/000000047548.jpg,../datasets/raw/coco_person/train/labels/000000047548.txt,coco_person,000000047548,train_pool,train
000000047667.jpg,../datasets/raw/coco_person/train/images/000000047667.jpg,../datasets/raw/coco_person/train/labels/000000047667.txt,coco_person,000000047667,train_pool,val
000000047739.jpg,../datasets/raw/coco_person/train/images/000000047739.jpg,../datasets/raw/coco_person/train/labels/000000047739.txt,coco_person,000000047739,train_pool,train
000000047837.jpg,../datasets/raw/coco_person/train/images/000000047837.jpg,../datasets/raw/coco_person/train/labels/000000047837.txt,coco_person,000000047837,train_pool,val
000000047893.jpg,../datasets/raw/coco_person/train/images/000000047893.jpg,../datasets/raw/coco_person/train/labels/000000047893.txt,coco_person,000000047893,train_pool,train
000000047935.jpg,../datasets/raw/coco_person/train/images/000000047935.jpg,../datasets/raw/coco_person/train/labels/000000047935.txt,coco_person,000000047935,train_pool,train
000000048194.jpg,../datasets/raw/coco_person/train/images/000000048194.jpg,../datasets/raw/coco_person/train/labels/000000048194.txt,coco_person,000000048194,train_pool,train
000000048270.jpg,../datasets/raw/coco_person/train/images/000000048270.jpg,../datasets/raw/coco_person/train/labels/000000048270.txt,coco_person,000000048270,train_pool,train
000000048304.jpg,../datasets/raw/coco_person/train/images/000000048304.jpg,../datasets/raw/coco_person/train/labels/000000048304.txt,coco_person,000000048304,train_pool,train
000000048354.jpg,../datasets/raw/coco_person/train/images/000000048354.jpg,../datasets/raw/coco_person/train/labels/000000048354.txt,coco_person,000000048354,train_pool,val
000000048531.jpg,../datasets/raw/coco_person/train/images/000000048531.jpg,../datasets/raw/coco_person/train/labels/000000048531.txt,coco_person,000000048531,train_pool,train
000000048558.jpg,../datasets/raw/coco_person/train/images/000000048558.jpg,../datasets/raw/coco_person/train/labels/000000048558.txt,coco_person,000000048558,train_pool,train
000000048711.jpg,../datasets/raw/coco_person/train/images/000000048711.jpg,../datasets/raw/coco_person/train/labels/000000048711.txt,coco_person,000000048711,train_pool,val
000000048759.jpg,../datasets/raw/coco_person/train/images/000000048759.jpg,../datasets/raw/coco_person/train/labels/000000048759.txt,coco_person,000000048759,train_pool,train
000000048786.jpg,../datasets/raw/coco_person/train/images/000000048786.jpg,../datasets/raw/coco_person/train/labels/000000048786.txt,coco_person,000000048786,train_pool,val
000000049053.jpg,../datasets/raw/coco_person/train/images/000000049053.jpg,../datasets/raw/coco_person/train/labels/000000049053.txt,coco_person,000000049053,train_pool,train
000000049478.jpg,../datasets/raw/coco_person/train/images/000000049478.jpg,../datasets/raw/coco_person/train/labels/000000049478.txt,coco_person,000000049478,train_pool,train
000000049522.jpg,../datasets/raw/coco_person/train/images/000000049522.jpg,../datasets/raw/coco_person/train/labels/000000049522.txt,coco_person,000000049522,train_pool,train
000000049719.jpg,../datasets/raw/coco_person/train/images/000000049719.jpg,../datasets/raw/coco_person/train/labels/000000049719.txt,coco_person,000000049719,train_pool,val
000000049740.jpg,../datasets/raw/coco_person/train/images/000000049740.jpg,../datasets/raw/coco_person/train/labels/000000049740.txt,coco_person,000000049740,train_pool,train
000000050054.jpg,../datasets/raw/coco_person/train/images/000000050054.jpg,../datasets/raw/coco_person/train/labels/000000050054.txt,coco_person,000000050054,train_pool,train
000000050058.jpg,../datasets/raw/coco_person/train/images/000000050058.jpg,../datasets/raw/coco_person/train/labels/000000050058.txt,coco_person,000000050058,train_pool,train
000000050244.jpg,../datasets/raw/coco_person/train/images/000000050244.jpg,../datasets/raw/coco_person/train/labels/000000050244.txt,coco_person,000000050244,train_pool,train
000000050324.jpg,../datasets/raw/coco_person/train/images/000000050324.jpg,../datasets/raw/coco_person/train/labels/000000050324.txt,coco_person,000000050324,train_pool,val
000000050562.jpg,../datasets/raw/coco_person/train/images/000000050562.jpg,../datasets/raw/coco_person/train/labels/000000050562.txt,coco_person,000000050562,train_pool,train
000000050583.jpg,../datasets/raw/coco_person/train/images/000000050583.jpg,../datasets/raw/coco_person/train/labels/000000050583.txt,coco_person,000000050583,train_pool,train
000000050597.jpg,../datasets/raw/coco_person/train/images/000000050597.jpg,../datasets/raw/coco_person/train/labels/000000050597.txt,coco_person,000000050597,train_pool,train
000000050662.jpg,../datasets/raw/coco_person/train/images/000000050662.jpg,../datasets/raw/coco_person/train/labels/000000050662.txt,coco_person,000000050662,train_pool,train
000000050691.jpg,../datasets/raw/coco_person/train/images/000000050691.jpg,../datasets/raw/coco_person/train/labels/000000050691.txt,coco_person,000000050691,train_pool,val
000000050868.jpg,../datasets/raw/coco_person/train/images/000000050868.jpg,../datasets/raw/coco_person/train/labels/000000050868.txt,coco_person,000000050868,train_pool,train
000000050913.jpg,../datasets/raw/coco_person/train/images/000000050913.jpg,../datasets/raw/coco_person/train/labels/000000050913.txt,coco_person,000000050913,train_pool,train
000000051359.jpg,../datasets/raw/coco_person/train/images/000000051359.jpg,../datasets/raw/coco_person/train/labels/000000051359.txt,coco_person,000000051359,train_pool,train
000000051465.jpg,../datasets/raw/coco_person/train/images/000000051465.jpg,../datasets/raw/coco_person/train/labels/000000051465.txt,coco_person,000000051465,train_pool,train
000000051471.jpg,../datasets/raw/coco_person/train/images/000000051471.jpg,../datasets/raw/coco_person/train/labels/000000051471.txt,coco_person,000000051471,train_pool,train
000000051680.jpg,../datasets/raw/coco_person/train/images/000000051680.jpg,../datasets/raw/coco_person/train/labels/000000051680.txt,coco_person,000000051680,train_pool,val
000000051908.jpg,../datasets/raw/coco_person/train/images/000000051908.jpg,../datasets/raw/coco_person/train/labels/000000051908.txt,coco_person,000000051908,train_pool,train
000000051920.jpg,../datasets/raw/coco_person/train/images/000000051920.jpg,../datasets/raw/coco_person/train/labels/000000051920.txt,coco_person,000000051920,train_pool,train
000000052193.jpg,../datasets/raw/coco_person/train/images/000000052193.jpg,../datasets/raw/coco_person/train/labels/000000052193.txt,coco_person,000000052193,train_pool,train
000000052222.jpg,../datasets/raw/coco_person/train/images/000000052222.jpg,../datasets/raw/coco_person/train/labels/000000052222.txt,coco_person,000000052222,train_pool,train
000000052238.jpg,../datasets/raw/coco_person/train/images/000000052238.jpg,../datasets/raw/coco_person/train/labels/000000052238.txt,coco_person,000000052238,train_pool,train
000000052299.jpg,../datasets/raw/coco_person/train/images/000000052299.jpg,../datasets/raw/coco_person/train/labels/000000052299.txt,coco_person,000000052299,train_pool,train
000000052376.jpg,../datasets/raw/coco_person/train/images/000000052376.jpg,../datasets/raw/coco_person/train/labels/000000052376.txt,coco_person,000000052376,train_pool,train
000000052729.jpg,../datasets/raw/coco_person/train/images/000000052729.jpg,../datasets/raw/coco_person/train/labels/000000052729.txt,coco_person,000000052729,train_pool,train
000000052784.jpg,../datasets/raw/coco_person/train/images/000000052784.jpg,../datasets/raw/coco_person/train/labels/000000052784.txt,coco_person,000000052784,train_pool,train
000000052853.jpg,../datasets/raw/coco_person/train/images/000000052853.jpg,../datasets/raw/coco_person/train/labels/000000052853.txt,coco_person,000000052853,train_pool,train
000000053123.jpg,../datasets/raw/coco_person/train/images/000000053123.jpg,../datasets/raw/coco_person/train/labels/000000053123.txt,coco_person,000000053123,train_pool,train
000000053339.jpg,../datasets/raw/coco_person/train/images/000000053339.jpg,../datasets/raw/coco_person/train/labels/000000053339.txt,coco_person,000000053339,train_pool,train
000000053405.jpg,../datasets/raw/coco_person/train/images/000000053405.jpg,../datasets/raw/coco_person/train/labels/000000053405.txt,coco_person,000000053405,train_pool,train
000000053542.jpg,../datasets/raw/coco_person/train/images/000000053542.jpg,../datasets/raw/coco_person/train/labels/000000053542.txt,coco_person,000000053542,train_pool,train
000000053632.jpg,../datasets/raw/coco_person/train/images/000000053632.jpg,../datasets/raw/coco_person/train/labels/000000053632.txt,coco_person,000000053632,train_pool,train
000000053731.jpg,../datasets/raw/coco_person/train/images/000000053731.jpg,../datasets/raw/coco_person/train/labels/000000053731.txt,coco_person,000000053731,train_pool,train
000000053748.jpg,../datasets/raw/coco_person/train/images/000000053748.jpg,../datasets/raw/coco_person/train/labels/000000053748.txt,coco_person,000000053748,train_pool,train
000000053793.jpg,../datasets/raw/coco_person/train/images/000000053793.jpg,../datasets/raw/coco_person/train/labels/000000053793.txt,coco_person,000000053793,train_pool,train
000000053806.jpg,../datasets/raw/coco_person/train/images/000000053806.jpg,../datasets/raw/coco_person/train/labels/000000053806.txt,coco_person,000000053806,train_pool,train
000000053870.jpg,../datasets/raw/coco_person/train/images/000000053870.jpg,../datasets/raw/coco_person/train/labels/000000053870.txt,coco_person,000000053870,train_pool,train
000000054037.jpg,../datasets/raw/coco_person/train/images/000000054037.jpg,../datasets/raw/coco_person/train/labels/000000054037.txt,coco_person,000000054037,train_pool,train
000000054228.jpg,../datasets/raw/coco_person/train/images/000000054228.jpg,../datasets/raw/coco_person/train/labels/000000054228.txt,coco_person,000000054228,train_pool,train
000000054254.jpg,../datasets/raw/coco_person/train/images/000000054254.jpg,../datasets/raw/coco_person/train/labels/000000054254.txt,coco_person,000000054254,train_pool,train
000000054294.jpg,../datasets/raw/coco_person/train/images/000000054294.jpg,../datasets/raw/coco_person/train/labels/000000054294.txt,coco_person,000000054294,train_pool,train
000000054295.jpg,../datasets/raw/coco_person/train/images/000000054295.jpg,../datasets/raw/coco_person/train/labels/000000054295.txt,coco_person,000000054295,train_pool,train
000000054743.jpg,../datasets/raw/coco_person/train/images/000000054743.jpg,../datasets/raw/coco_person/train/labels/000000054743.txt,coco_person,000000054743,train_pool,train
000000054749.jpg,../datasets/raw/coco_person/train/images/000000054749.jpg,../datasets/raw/coco_person/train/labels/000000054749.txt,coco_person,000000054749,train_pool,val
000000055090.jpg,../datasets/raw/coco_person/train/images/000000055090.jpg,../datasets/raw/coco_person/train/labels/000000055090.txt,coco_person,000000055090,train_pool,train
000000055155.jpg,../datasets/raw/coco_person/train/images/000000055155.jpg,../datasets/raw/coco_person/train/labels/000000055155.txt,coco_person,000000055155,train_pool,train
000000055202.jpg,../datasets/raw/coco_person/train/images/000000055202.jpg,../datasets/raw/coco_person/train/labels/000000055202.txt,coco_person,000000055202,train_pool,train
000000055301.jpg,../datasets/raw/coco_person/train/images/000000055301.jpg,../datasets/raw/coco_person/train/labels/000000055301.txt,coco_person,000000055301,train_pool,train
000000055331.jpg,../datasets/raw/coco_person/train/images/000000055331.jpg,../datasets/raw/coco_person/train/labels/000000055331.txt,coco_person,000000055331,train_pool,train
000000055344.jpg,../datasets/raw/coco_person/train/images/000000055344.jpg,../datasets/raw/coco_person/train/labels/000000055344.txt,coco_person,000000055344,train_pool,train
000000055373.jpg,../datasets/raw/coco_person/train/images/000000055373.jpg,../datasets/raw/coco_person/train/labels/000000055373.txt,coco_person,000000055373,train_pool,train
000000055417.jpg,../datasets/raw/coco_person/train/images/000000055417.jpg,../datasets/raw/coco_person/train/labels/000000055417.txt,coco_person,000000055417,train_pool,train
000000055434.jpg,../datasets/raw/coco_person/train/images/000000055434.jpg,../datasets/raw/coco_person/train/labels/000000055434.txt,coco_person,000000055434,train_pool,train
000000055478.jpg,../datasets/raw/coco_person/train/images/000000055478.jpg,../datasets/raw/coco_person/train/labels/000000055478.txt,coco_person,000000055478,train_pool,train
000000055585.jpg,../datasets/raw/coco_person/train/images/000000055585.jpg,../datasets/raw/coco_person/train/labels/000000055585.txt,coco_person,000000055585,train_pool,train
000000055594.jpg,../datasets/raw/coco_person/train/images/000000055594.jpg,../datasets/raw/coco_person/train/labels/000000055594.txt,coco_person,000000055594,train_pool,train
000000055681.jpg,../datasets/raw/coco_person/train/images/000000055681.jpg,../datasets/raw/coco_person/train/labels/000000055681.txt,coco_person,000000055681,train_pool,train
000000055682.jpg,../datasets/raw/coco_person/train/images/000000055682.jpg,../datasets/raw/coco_person/train/labels/000000055682.txt,coco_person,000000055682,train_pool,train
000000055780.jpg,../datasets/raw/coco_person/train/images/000000055780.jpg,../datasets/raw/coco_person/train/labels/000000055780.txt,coco_person,000000055780,train_pool,train
000000055857.jpg,../datasets/raw/coco_person/train/images/000000055857.jpg,../datasets/raw/coco_person/train/labels/000000055857.txt,coco_person,000000055857,train_pool,train
000000055882.jpg,../datasets/raw/coco_person/train/images/000000055882.jpg,../datasets/raw/coco_person/train/labels/000000055882.txt,coco_person,000000055882,train_pool,train
000000056002.jpg,../datasets/raw/coco_person/train/images/000000056002.jpg,../datasets/raw/coco_person/train/labels/000000056002.txt,coco_person,000000056002,train_pool,train
000000056091.jpg,../datasets/raw/coco_person/train/images/000000056091.jpg,../datasets/raw/coco_person/train/labels/000000056091.txt,coco_person,000000056091,train_pool,train
000000056181.jpg,../datasets/raw/coco_person/train/images/000000056181.jpg,../datasets/raw/coco_person/train/labels/000000056181.txt,coco_person,000000056181,train_pool,train
000000056226.jpg,../datasets/raw/coco_person/train/images/000000056226.jpg,../datasets/raw/coco_person/train/labels/000000056226.txt,coco_person,000000056226,train_pool,train
000000056248.jpg,../datasets/raw/coco_person/train/images/000000056248.jpg,../datasets/raw/coco_person/train/labels/000000056248.txt,coco_person,000000056248,train_pool,val
000000056521.jpg,../datasets/raw/coco_person/train/images/000000056521.jpg,../datasets/raw/coco_person/train/labels/000000056521.txt,coco_person,000000056521,train_pool,train
000000056938.jpg,../datasets/raw/coco_person/train/images/000000056938.jpg,../datasets/raw/coco_person/train/labels/000000056938.txt,coco_person,000000056938,train_pool,train
000000057217.jpg,../datasets/raw/coco_person/train/images/000000057217.jpg,../datasets/raw/coco_person/train/labels/000000057217.txt,coco_person,000000057217,train_pool,val
000000057284.jpg,../datasets/raw/coco_person/train/images/000000057284.jpg,../datasets/raw/coco_person/train/labels/000000057284.txt,coco_person,000000057284,train_pool,val
000000057491.jpg,../datasets/raw/coco_person/train/images/000000057491.jpg,../datasets/raw/coco_person/train/labels/000000057491.txt,coco_person,000000057491,train_pool,train
000000057646.jpg,../datasets/raw/coco_person/train/images/000000057646.jpg,../datasets/raw/coco_person/train/labels/000000057646.txt,coco_person,000000057646,train_pool,train
000000058225.jpg,../datasets/raw/coco_person/train/images/000000058225.jpg,../datasets/raw/coco_person/train/labels/000000058225.txt,coco_person,000000058225,train_pool,train
000000058242.jpg,../datasets/raw/coco_person/train/images/000000058242.jpg,../datasets/raw/coco_person/train/labels/000000058242.txt,coco_person,000000058242,train_pool,val
000000058307.jpg,../datasets/raw/coco_person/train/images/000000058307.jpg,../datasets/raw/coco_person/train/labels/000000058307.txt,coco_person,000000058307,train_pool,train
000000058364.jpg,../datasets/raw/coco_person/train/images/000000058364.jpg,../datasets/raw/coco_person/train/labels/000000058364.txt,coco_person,000000058364,train_pool,train
000000058511.jpg,../datasets/raw/coco_person/train/images/000000058511.jpg,../datasets/raw/coco_person/train/labels/000000058511.txt,coco_person,000000058511,train_pool,val
000000058651.jpg,../datasets/raw/coco_person/train/images/000000058651.jpg,../datasets/raw/coco_person/train/labels/000000058651.txt,coco_person,000000058651,train_pool,train
000000058857.jpg,../datasets/raw/coco_person/train/images/000000058857.jpg,../datasets/raw/coco_person/train/labels/000000058857.txt,coco_person,000000058857,train_pool,train
000000058930.jpg,../datasets/raw/coco_person/train/images/000000058930.jpg,../datasets/raw/coco_person/train/labels/000000058930.txt,coco_person,000000058930,train_pool,train
000000059170.jpg,../datasets/raw/coco_person/train/images/000000059170.jpg,../datasets/raw/coco_person/train/labels/000000059170.txt,coco_person,000000059170,train_pool,train
000000059244.jpg,../datasets/raw/coco_person/train/images/000000059244.jpg,../datasets/raw/coco_person/train/labels/000000059244.txt,coco_person,000000059244,train_pool,train
000000059388.jpg,../datasets/raw/coco_person/train/images/000000059388.jpg,../datasets/raw/coco_person/train/labels/000000059388.txt,coco_person,000000059388,train_pool,train
000000059475.jpg,../datasets/raw/coco_person/train/images/000000059475.jpg,../datasets/raw/coco_person/train/labels/000000059475.txt,coco_person,000000059475,train_pool,train
000000059654.jpg,../datasets/raw/coco_person/train/images/000000059654.jpg,../datasets/raw/coco_person/train/labels/000000059654.txt,coco_person,000000059654,train_pool,train
000000059740.jpg,../datasets/raw/coco_person/train/images/000000059740.jpg,../datasets/raw/coco_person/train/labels/000000059740.txt,coco_person,000000059740,train_pool,train
000000059815.jpg,../datasets/raw/coco_person/train/images/000000059815.jpg,../datasets/raw/coco_person/train/labels/000000059815.txt,coco_person,000000059815,train_pool,train
000000059921.jpg,../datasets/raw/coco_person/train/images/000000059921.jpg,../datasets/raw/coco_person/train/labels/000000059921.txt,coco_person,000000059921,train_pool,train
000000059934.jpg,../datasets/raw/coco_person/train/images/000000059934.jpg,../datasets/raw/coco_person/train/labels/000000059934.txt,coco_person,000000059934,train_pool,train
000000059972.jpg,../datasets/raw/coco_person/train/images/000000059972.jpg,../datasets/raw/coco_person/train/labels/000000059972.txt,coco_person,000000059972,train_pool,train
000000060155.jpg,../datasets/raw/coco_person/train/images/000000060155.jpg,../datasets/raw/coco_person/train/labels/000000060155.txt,coco_person,000000060155,train_pool,val
000000060274.jpg,../datasets/raw/coco_person/train/images/000000060274.jpg,../datasets/raw/coco_person/train/labels/000000060274.txt,coco_person,000000060274,train_pool,train
000000060881.jpg,../datasets/raw/coco_person/train/images/000000060881.jpg,../datasets/raw/coco_person/train/labels/000000060881.txt,coco_person,000000060881,train_pool,train
000000061354.jpg,../datasets/raw/coco_person/train/images/000000061354.jpg,../datasets/raw/coco_person/train/labels/000000061354.txt,coco_person,000000061354,train_pool,train
000000061585.jpg,../datasets/raw/coco_person/train/images/000000061585.jpg,../datasets/raw/coco_person/train/labels/000000061585.txt,coco_person,000000061585,train_pool,train
000000061598.jpg,../datasets/raw/coco_person/train/images/000000061598.jpg,../datasets/raw/coco_person/train/labels/000000061598.txt,coco_person,000000061598,train_pool,train
000000061635.jpg,../datasets/raw/coco_person/train/images/000000061635.jpg,../datasets/raw/coco_person/train/labels/000000061635.txt,coco_person,000000061635,train_pool,val
000000061769.jpg,../datasets/raw/coco_person/train/images/000000061769.jpg,../datasets/raw/coco_person/train/labels/000000061769.txt,coco_person,000000061769,train_pool,train
000000061897.jpg,../datasets/raw/coco_person/train/images/000000061897.jpg,../datasets/raw/coco_person/train/labels/000000061897.txt,coco_person,000000061897,train_pool,train
000000061899.jpg,../datasets/raw/coco_person/train/images/000000061899.jpg,../datasets/raw/coco_person/train/labels/000000061899.txt,coco_person,000000061899,train_pool,train
000000061949.jpg,../datasets/raw/coco_person/train/images/000000061949.jpg,../datasets/raw/coco_person/train/labels/000000061949.txt,coco_person,000000061949,train_pool,train
000000062336.jpg,../datasets/raw/coco_person/train/images/000000062336.jpg,../datasets/raw/coco_person/train/labels/000000062336.txt,coco_person,000000062336,train_pool,train
000000062547.jpg,../datasets/raw/coco_person/train/images/000000062547.jpg,../datasets/raw/coco_person/train/labels/000000062547.txt,coco_person,000000062547,train_pool,train
000000062929.jpg,../datasets/raw/coco_person/train/images/000000062929.jpg,../datasets/raw/coco_person/train/labels/000000062929.txt,coco_person,000000062929,train_pool,train
000000063144.jpg,../datasets/raw/coco_person/train/images/000000063144.jpg,../datasets/raw/coco_person/train/labels/000000063144.txt,coco_person,000000063144,train_pool,train
000000063240.jpg,../datasets/raw/coco_person/train/images/000000063240.jpg,../datasets/raw/coco_person/train/labels/000000063240.txt,coco_person,000000063240,train_pool,train
000000063321.jpg,../datasets/raw/coco_person/train/images/000000063321.jpg,../datasets/raw/coco_person/train/labels/000000063321.txt,coco_person,000000063321,train_pool,train
000000063906.jpg,../datasets/raw/coco_person/train/images/000000063906.jpg,../datasets/raw/coco_person/train/labels/000000063906.txt,coco_person,000000063906,train_pool,train
000000063912.jpg,../datasets/raw/coco_person/train/images/000000063912.jpg,../datasets/raw/coco_person/train/labels/000000063912.txt,coco_person,000000063912,train_pool,train
000000063939.jpg,../datasets/raw/coco_person/train/images/000000063939.jpg,../datasets/raw/coco_person/train/labels/000000063939.txt,coco_person,000000063939,train_pool,train
000000064189.jpg,../datasets/raw/coco_person/train/images/000000064189.jpg,../datasets/raw/coco_person/train/labels/000000064189.txt,coco_person,000000064189,train_pool,train
000000064264.jpg,../datasets/raw/coco_person/train/images/000000064264.jpg,../datasets/raw/coco_person/train/labels/000000064264.txt,coco_person,000000064264,train_pool,train
000000064816.jpg,../datasets/raw/coco_person/train/images/000000064816.jpg,../datasets/raw/coco_person/train/labels/000000064816.txt,coco_person,000000064816,train_pool,train
000000064842.jpg,../datasets/raw/coco_person/train/images/000000064842.jpg,../datasets/raw/coco_person/train/labels/000000064842.txt,coco_person,000000064842,train_pool,train
000000065170.jpg,../datasets/raw/coco_person/train/images/000000065170.jpg,../datasets/raw/coco_person/train/labels/000000065170.txt,coco_person,000000065170,train_pool,train
000000065488.jpg,../datasets/raw/coco_person/train/images/000000065488.jpg,../datasets/raw/coco_person/train/labels/000000065488.txt,coco_person,000000065488,train_pool,train
000000065776.jpg,../datasets/raw/coco_person/train/images/000000065776.jpg,../datasets/raw/coco_person/train/labels/000000065776.txt,coco_person,000000065776,train_pool,train
000000065962.jpg,../datasets/raw/coco_person/train/images/000000065962.jpg,../datasets/raw/coco_person/train/labels/000000065962.txt,coco_person,000000065962,train_pool,val
000000066376.jpg,../datasets/raw/coco_person/train/images/000000066376.jpg,../datasets/raw/coco_person/train/labels/000000066376.txt,coco_person,000000066376,train_pool,train
000000066444.jpg,../datasets/raw/coco_person/train/images/000000066444.jpg,../datasets/raw/coco_person/train/labels/000000066444.txt,coco_person,000000066444,train_pool,val
000000066675.jpg,../datasets/raw/coco_person/train/images/000000066675.jpg,../datasets/raw/coco_person/train/labels/000000066675.txt,coco_person,000000066675,train_pool,train
000000066691.jpg,../datasets/raw/coco_person/train/images/000000066691.jpg,../datasets/raw/coco_person/train/labels/000000066691.txt,coco_person,000000066691,train_pool,train
000000066831.jpg,../datasets/raw/coco_person/train/images/000000066831.jpg,../datasets/raw/coco_person/train/labels/000000066831.txt,coco_person,000000066831,train_pool,train
000000066883.jpg,../datasets/raw/coco_person/train/images/000000066883.jpg,../datasets/raw/coco_person/train/labels/000000066883.txt,coco_person,000000066883,train_pool,train
000000067002.jpg,../datasets/raw/coco_person/train/images/000000067002.jpg,../datasets/raw/coco_person/train/labels/000000067002.txt,coco_person,000000067002,train_pool,train
000000067241.jpg,../datasets/raw/coco_person/train/images/000000067241.jpg,../datasets/raw/coco_person/train/labels/000000067241.txt,coco_person,000000067241,train_pool,train
000000067428.jpg,../datasets/raw/coco_person/train/images/000000067428.jpg,../datasets/raw/coco_person/train/labels/000000067428.txt,coco_person,000000067428,train_pool,train
000000067849.jpg,../datasets/raw/coco_person/train/images/000000067849.jpg,../datasets/raw/coco_person/train/labels/000000067849.txt,coco_person,000000067849,train_pool,train
000000067985.jpg,../datasets/raw/coco_person/train/images/000000067985.jpg,../datasets/raw/coco_person/train/labels/000000067985.txt,coco_person,000000067985,train_pool,train
000000068205.jpg,../datasets/raw/coco_person/train/images/000000068205.jpg,../datasets/raw/coco_person/train/labels/000000068205.txt,coco_person,000000068205,train_pool,train
000000068254.jpg,../datasets/raw/coco_person/train/images/000000068254.jpg,../datasets/raw/coco_person/train/labels/000000068254.txt,coco_person,000000068254,train_pool,train
000000068291.jpg,../datasets/raw/coco_person/train/images/000000068291.jpg,../datasets/raw/coco_person/train/labels/000000068291.txt,coco_person,000000068291,train_pool,train
000000068572.jpg,../datasets/raw/coco_person/train/images/000000068572.jpg,../datasets/raw/coco_person/train/labels/000000068572.txt,coco_person,000000068572,train_pool,train
000000068689.jpg,../datasets/raw/coco_person/train/images/000000068689.jpg,../datasets/raw/coco_person/train/labels/000000068689.txt,coco_person,000000068689,train_pool,train
000000068752.jpg,../datasets/raw/coco_person/train/images/000000068752.jpg,../datasets/raw/coco_person/train/labels/000000068752.txt,coco_person,000000068752,train_pool,train
000000068788.jpg,../datasets/raw/coco_person/train/images/000000068788.jpg,../datasets/raw/coco_person/train/labels/000000068788.txt,coco_person,000000068788,train_pool,train
000000068797.jpg,../datasets/raw/coco_person/train/images/000000068797.jpg,../datasets/raw/coco_person/train/labels/000000068797.txt,coco_person,000000068797,train_pool,train
000000068812.jpg,../datasets/raw/coco_person/train/images/000000068812.jpg,../datasets/raw/coco_person/train/labels/000000068812.txt,coco_person,000000068812,train_pool,train
000000069000.jpg,../datasets/raw/coco_person/train/images/000000069000.jpg,../datasets/raw/coco_person/train/labels/000000069000.txt,coco_person,000000069000,train_pool,train
000000069003.jpg,../datasets/raw/coco_person/train/images/000000069003.jpg,../datasets/raw/coco_person/train/labels/000000069003.txt,coco_person,000000069003,train_pool,train
000000069145.jpg,../datasets/raw/coco_person/train/images/000000069145.jpg,../datasets/raw/coco_person/train/labels/000000069145.txt,coco_person,000000069145,train_pool,train
000000069308.jpg,../datasets/raw/coco_person/train/images/000000069308.jpg,../datasets/raw/coco_person/train/labels/000000069308.txt,coco_person,000000069308,train_pool,train
000000069510.jpg,../datasets/raw/coco_person/train/images/000000069510.jpg,../datasets/raw/coco_person/train/labels/000000069510.txt,coco_person,000000069510,train_pool,train
000000069668.jpg,../datasets/raw/coco_person/train/images/000000069668.jpg,../datasets/raw/coco_person/train/labels/000000069668.txt,coco_person,000000069668,train_pool,train
000000069757.jpg,../datasets/raw/coco_person/train/images/000000069757.jpg,../datasets/raw/coco_person/train/labels/000000069757.txt,coco_person,000000069757,train_pool,val
000000070020.jpg,../datasets/raw/coco_person/train/images/000000070020.jpg,../datasets/raw/coco_person/train/labels/000000070020.txt,coco_person,000000070020,train_pool,train
000000070321.jpg,../datasets/raw/coco_person/train/images/000000070321.jpg,../datasets/raw/coco_person/train/labels/000000070321.txt,coco_person,000000070321,train_pool,train
000000070490.jpg,../datasets/raw/coco_person/train/images/000000070490.jpg,../datasets/raw/coco_person/train/labels/000000070490.txt,coco_person,000000070490,train_pool,train
000000070642.jpg,../datasets/raw/coco_person/train/images/000000070642.jpg,../datasets/raw/coco_person/train/labels/000000070642.txt,coco_person,000000070642,train_pool,train
000000070724.jpg,../datasets/raw/coco_person/train/images/000000070724.jpg,../datasets/raw/coco_person/train/labels/000000070724.txt,coco_person,000000070724,train_pool,train
000000070861.jpg,../datasets/raw/coco_person/train/images/000000070861.jpg,../datasets/raw/coco_person/train/labels/000000070861.txt,coco_person,000000070861,train_pool,train
000000070896.jpg,../datasets/raw/coco_person/train/images/000000070896.jpg,../datasets/raw/coco_person/train/labels/000000070896.txt,coco_person,000000070896,train_pool,train
000000070987.jpg,../datasets/raw/coco_person/train/images/000000070987.jpg,../datasets/raw/coco_person/train/labels/000000070987.txt,coco_person,000000070987,train_pool,train
000000071182.jpg,../datasets/raw/coco_person/train/images/000000071182.jpg,../datasets/raw/coco_person/train/labels/000000071182.txt,coco_person,000000071182,train_pool,train
000000071364.jpg,../datasets/raw/coco_person/train/images/000000071364.jpg,../datasets/raw/coco_person/train/labels/000000071364.txt,coco_person,000000071364,train_pool,train
000000072156.jpg,../datasets/raw/coco_person/train/images/000000072156.jpg,../datasets/raw/coco_person/train/labels/000000072156.txt,coco_person,000000072156,train_pool,train
000000072238.jpg,../datasets/raw/coco_person/train/images/000000072238.jpg,../datasets/raw/coco_person/train/labels/000000072238.txt,coco_person,000000072238,train_pool,train
000000072255.jpg,../datasets/raw/coco_person/train/images/000000072255.jpg,../datasets/raw/coco_person/train/labels/000000072255.txt,coco_person,000000072255,train_pool,train
000000072429.jpg,../datasets/raw/coco_person/train/images/000000072429.jpg,../datasets/raw/coco_person/train/labels/000000072429.txt,coco_person,000000072429,train_pool,train
000000072453.jpg,../datasets/raw/coco_person/train/images/000000072453.jpg,../datasets/raw/coco_person/train/labels/000000072453.txt,coco_person,000000072453,train_pool,val
000000072536.jpg,../datasets/raw/coco_person/train/images/000000072536.jpg,../datasets/raw/coco_person/train/labels/000000072536.txt,coco_person,000000072536,train_pool,train
000000072657.jpg,../datasets/raw/coco_person/train/images/000000072657.jpg,../datasets/raw/coco_person/train/labels/000000072657.txt,coco_person,000000072657,train_pool,train
000000072764.jpg,../datasets/raw/coco_person/train/images/000000072764.jpg,../datasets/raw/coco_person/train/labels/000000072764.txt,coco_person,000000072764,train_pool,train
000000072792.jpg,../datasets/raw/coco_person/train/images/000000072792.jpg,../datasets/raw/coco_person/train/labels/000000072792.txt,coco_person,000000072792,train_pool,train
000000072883.jpg,../datasets/raw/coco_person/train/images/000000072883.jpg,../datasets/raw/coco_person/train/labels/000000072883.txt,coco_person,000000072883,train_pool,train
000000072902.jpg,../datasets/raw/coco_person/train/images/000000072902.jpg,../datasets/raw/coco_person/train/labels/000000072902.txt,coco_person,000000072902,train_pool,train
000000072923.jpg,../datasets/raw/coco_person/train/images/000000072923.jpg,../datasets/raw/coco_person/train/labels/000000072923.txt,coco_person,000000072923,train_pool,train
000000073174.jpg,../datasets/raw/coco_person/train/images/000000073174.jpg,../datasets/raw/coco_person/train/labels/000000073174.txt,coco_person,000000073174,train_pool,train
000000073327.jpg,../datasets/raw/coco_person/train/images/000000073327.jpg,../datasets/raw/coco_person/train/labels/000000073327.txt,coco_person,000000073327,train_pool,train
000000073333.jpg,../datasets/raw/coco_person/train/images/000000073333.jpg,../datasets/raw/coco_person/train/labels/000000073333.txt,coco_person,000000073333,train_pool,val
000000073460.jpg,../datasets/raw/coco_person/train/images/000000073460.jpg,../datasets/raw/coco_person/train/labels/000000073460.txt,coco_person,000000073460,train_pool,train
000000073588.jpg,../datasets/raw/coco_person/train/images/000000073588.jpg,../datasets/raw/coco_person/train/labels/000000073588.txt,coco_person,000000073588,train_pool,train
000000073668.jpg,../datasets/raw/coco_person/train/images/000000073668.jpg,../datasets/raw/coco_person/train/labels/000000073668.txt,coco_person,000000073668,train_pool,train
000000073824.jpg,../datasets/raw/coco_person/train/images/000000073824.jpg,../datasets/raw/coco_person/train/labels/000000073824.txt,coco_person,000000073824,train_pool,train
000000073864.jpg,../datasets/raw/coco_person/train/images/000000073864.jpg,../datasets/raw/coco_person/train/labels/000000073864.txt,coco_person,000000073864,train_pool,train
000000073929.jpg,../datasets/raw/coco_person/train/images/000000073929.jpg,../datasets/raw/coco_person/train/labels/000000073929.txt,coco_person,000000073929,train_pool,train
000000074127.jpg,../datasets/raw/coco_person/train/images/000000074127.jpg,../datasets/raw/coco_person/train/labels/000000074127.txt,coco_person,000000074127,train_pool,val
000000074215.jpg,../datasets/raw/coco_person/train/images/000000074215.jpg,../datasets/raw/coco_person/train/labels/000000074215.txt,coco_person,000000074215,train_pool,train
000000074446.jpg,../datasets/raw/coco_person/train/images/000000074446.jpg,../datasets/raw/coco_person/train/labels/000000074446.txt,coco_person,000000074446,train_pool,train
000000074617.jpg,../datasets/raw/coco_person/train/images/000000074617.jpg,../datasets/raw/coco_person/train/labels/000000074617.txt,coco_person,000000074617,train_pool,train
000000074846.jpg,../datasets/raw/coco_person/train/images/000000074846.jpg,../datasets/raw/coco_person/train/labels/000000074846.txt,coco_person,000000074846,train_pool,train
000000075052.jpg,../datasets/raw/coco_person/train/images/000000075052.jpg,../datasets/raw/coco_person/train/labels/000000075052.txt,coco_person,000000075052,train_pool,train
000000075331.jpg,../datasets/raw/coco_person/train/images/000000075331.jpg,../datasets/raw/coco_person/train/labels/000000075331.txt,coco_person,000000075331,train_pool,train
000000075474.jpg,../datasets/raw/coco_person/train/images/000000075474.jpg,../datasets/raw/coco_person/train/labels/000000075474.txt,coco_person,000000075474,train_pool,train
000000075621.jpg,../datasets/raw/coco_person/train/images/000000075621.jpg,../datasets/raw/coco_person/train/labels/000000075621.txt,coco_person,000000075621,train_pool,val
000000075842.jpg,../datasets/raw/coco_person/train/images/000000075842.jpg,../datasets/raw/coco_person/train/labels/000000075842.txt,coco_person,000000075842,train_pool,train
000000076005.jpg,../datasets/raw/coco_person/train/images/000000076005.jpg,../datasets/raw/coco_person/train/labels/000000076005.txt,coco_person,000000076005,train_pool,train
000000076079.jpg,../datasets/raw/coco_person/train/images/000000076079.jpg,../datasets/raw/coco_person/train/labels/000000076079.txt,coco_person,000000076079,train_pool,train
000000076130.jpg,../datasets/raw/coco_person/train/images/000000076130.jpg,../datasets/raw/coco_person/train/labels/000000076130.txt,coco_person,000000076130,train_pool,train
000000076176.jpg,../datasets/raw/coco_person/train/images/000000076176.jpg,../datasets/raw/coco_person/train/labels/000000076176.txt,coco_person,000000076176,train_pool,train
000000076257.jpg,../datasets/raw/coco_person/train/images/000000076257.jpg,../datasets/raw/coco_person/train/labels/000000076257.txt,coco_person,000000076257,train_pool,val
000000076334.jpg,../datasets/raw/coco_person/train/images/000000076334.jpg,../datasets/raw/coco_person/train/labels/000000076334.txt,coco_person,000000076334,train_pool,val
000000076349.jpg,../datasets/raw/coco_person/train/images/000000076349.jpg,../datasets/raw/coco_person/train/labels/000000076349.txt,coco_person,000000076349,train_pool,train
000000076595.jpg,../datasets/raw/coco_person/train/images/000000076595.jpg,../datasets/raw/coco_person/train/labels/000000076595.txt,coco_person,000000076595,train_pool,train
000000076847.jpg,../datasets/raw/coco_person/train/images/000000076847.jpg,../datasets/raw/coco_person/train/labels/000000076847.txt,coco_person,000000076847,train_pool,train
000000077185.jpg,../datasets/raw/coco_person/train/images/000000077185.jpg,../datasets/raw/coco_person/train/labels/000000077185.txt,coco_person,000000077185,train_pool,train
000000077195.jpg,../datasets/raw/coco_person/train/images/000000077195.jpg,../datasets/raw/coco_person/train/labels/000000077195.txt,coco_person,000000077195,train_pool,val
000000077473.jpg,../datasets/raw/coco_person/train/images/000000077473.jpg,../datasets/raw/coco_person/train/labels/000000077473.txt,coco_person,000000077473,train_pool,train
000000077504.jpg,../datasets/raw/coco_person/train/images/000000077504.jpg,../datasets/raw/coco_person/train/labels/000000077504.txt,coco_person,000000077504,train_pool,train
000000078026.jpg,../datasets/raw/coco_person/train/images/000000078026.jpg,../datasets/raw/coco_person/train/labels/000000078026.txt,coco_person,000000078026,train_pool,train
000000078061.jpg,../datasets/raw/coco_person/train/images/000000078061.jpg,../datasets/raw/coco_person/train/labels/000000078061.txt,coco_person,000000078061,train_pool,val
000000078465.jpg,../datasets/raw/coco_person/train/images/000000078465.jpg,../datasets/raw/coco_person/train/labels/000000078465.txt,coco_person,000000078465,train_pool,train
000000078864.jpg,../datasets/raw/coco_person/train/images/000000078864.jpg,../datasets/raw/coco_person/train/labels/000000078864.txt,coco_person,000000078864,train_pool,train
000000078896.jpg,../datasets/raw/coco_person/train/images/000000078896.jpg,../datasets/raw/coco_person/train/labels/000000078896.txt,coco_person,000000078896,train_pool,train
000000079152.jpg,../datasets/raw/coco_person/train/images/000000079152.jpg,../datasets/raw/coco_person/train/labels/000000079152.txt,coco_person,000000079152,train_pool,train
000000079217.jpg,../datasets/raw/coco_person/train/images/000000079217.jpg,../datasets/raw/coco_person/train/labels/000000079217.txt,coco_person,000000079217,train_pool,train
000000079684.jpg,../datasets/raw/coco_person/train/images/000000079684.jpg,../datasets/raw/coco_person/train/labels/000000079684.txt,coco_person,000000079684,train_pool,train
000000079927.jpg,../datasets/raw/coco_person/train/images/000000079927.jpg,../datasets/raw/coco_person/train/labels/000000079927.txt,coco_person,000000079927,train_pool,train
000000080077.jpg,../datasets/raw/coco_person/train/images/000000080077.jpg,../datasets/raw/coco_person/train/labels/000000080077.txt,coco_person,000000080077,train_pool,val
000000080165.jpg,../datasets/raw/coco_person/train/images/000000080165.jpg,../datasets/raw/coco_person/train/labels/000000080165.txt,coco_person,000000080165,train_pool,train
000000080332.jpg,../datasets/raw/coco_person/train/images/000000080332.jpg,../datasets/raw/coco_person/train/labels/000000080332.txt,coco_person,000000080332,train_pool,train
000000080428.jpg,../datasets/raw/coco_person/train/images/000000080428.jpg,../datasets/raw/coco_person/train/labels/000000080428.txt,coco_person,000000080428,train_pool,train
000000080472.jpg,../datasets/raw/coco_person/train/images/000000080472.jpg,../datasets/raw/coco_person/train/labels/000000080472.txt,coco_person,000000080472,train_pool,train
000000080521.jpg,../datasets/raw/coco_person/train/images/000000080521.jpg,../datasets/raw/coco_person/train/labels/000000080521.txt,coco_person,000000080521,train_pool,train
000000080725.jpg,../datasets/raw/coco_person/train/images/000000080725.jpg,../datasets/raw/coco_person/train/labels/000000080725.txt,coco_person,000000080725,train_pool,val
000000080742.jpg,../datasets/raw/coco_person/train/images/000000080742.jpg,../datasets/raw/coco_person/train/labels/000000080742.txt,coco_person,000000080742,train_pool,train
000000081079.jpg,../datasets/raw/coco_person/train/images/000000081079.jpg,../datasets/raw/coco_person/train/labels/000000081079.txt,coco_person,000000081079,train_pool,train
000000081100.jpg,../datasets/raw/coco_person/train/images/000000081100.jpg,../datasets/raw/coco_person/train/labels/000000081100.txt,coco_person,000000081100,train_pool,train
000000081571.jpg,../datasets/raw/coco_person/train/images/000000081571.jpg,../datasets/raw/coco_person/train/labels/000000081571.txt,coco_person,000000081571,train_pool,train
000000081715.jpg,../datasets/raw/coco_person/train/images/000000081715.jpg,../datasets/raw/coco_person/train/labels/000000081715.txt,coco_person,000000081715,train_pool,train
000000082053.jpg,../datasets/raw/coco_person/train/images/000000082053.jpg,../datasets/raw/coco_person/train/labels/000000082053.txt,coco_person,000000082053,train_pool,train
000000082359.jpg,../datasets/raw/coco_person/train/images/000000082359.jpg,../datasets/raw/coco_person/train/labels/000000082359.txt,coco_person,000000082359,train_pool,train
000000082585.jpg,../datasets/raw/coco_person/train/images/000000082585.jpg,../datasets/raw/coco_person/train/labels/000000082585.txt,coco_person,000000082585,train_pool,val
000000082718.jpg,../datasets/raw/coco_person/train/images/000000082718.jpg,../datasets/raw/coco_person/train/labels/000000082718.txt,coco_person,000000082718,train_pool,train
000000082740.jpg,../datasets/raw/coco_person/train/images/000000082740.jpg,../datasets/raw/coco_person/train/labels/000000082740.txt,coco_person,000000082740,train_pool,train
000000082998.jpg,../datasets/raw/coco_person/train/images/000000082998.jpg,../datasets/raw/coco_person/train/labels/000000082998.txt,coco_person,000000082998,train_pool,train
000000083332.jpg,../datasets/raw/coco_person/train/images/000000083332.jpg,../datasets/raw/coco_person/train/labels/000000083332.txt,coco_person,000000083332,train_pool,train
000000083348.jpg,../datasets/raw/coco_person/train/images/000000083348.jpg,../datasets/raw/coco_person/train/labels/000000083348.txt,coco_person,000000083348,train_pool,train
000000083353.jpg,../datasets/raw/coco_person/train/images/000000083353.jpg,../datasets/raw/coco_person/train/labels/000000083353.txt,coco_person,000000083353,train_pool,train
000000083546.jpg,../datasets/raw/coco_person/train/images/000000083546.jpg,../datasets/raw/coco_person/train/labels/000000083546.txt,coco_person,000000083546,train_pool,train
000000083635.jpg,../datasets/raw/coco_person/train/images/000000083635.jpg,../datasets/raw/coco_person/train/labels/000000083635.txt,coco_person,000000083635,train_pool,train
000000083741.jpg,../datasets/raw/coco_person/train/images/000000083741.jpg,../datasets/raw/coco_person/train/labels/000000083741.txt,coco_person,000000083741,train_pool,train
000000084015.jpg,../datasets/raw/coco_person/train/images/000000084015.jpg,../datasets/raw/coco_person/train/labels/000000084015.txt,coco_person,000000084015,train_pool,train
000000084183.jpg,../datasets/raw/coco_person/train/images/000000084183.jpg,../datasets/raw/coco_person/train/labels/000000084183.txt,coco_person,000000084183,train_pool,train
000000084193.jpg,../datasets/raw/coco_person/train/images/000000084193.jpg,../datasets/raw/coco_person/train/labels/000000084193.txt,coco_person,000000084193,train_pool,val
000000084276.jpg,../datasets/raw/coco_person/train/images/000000084276.jpg,../datasets/raw/coco_person/train/labels/000000084276.txt,coco_person,000000084276,train_pool,train
000000084449.jpg,../datasets/raw/coco_person/train/images/000000084449.jpg,../datasets/raw/coco_person/train/labels/000000084449.txt,coco_person,000000084449,train_pool,val
000000084530.jpg,../datasets/raw/coco_person/train/images/000000084530.jpg,../datasets/raw/coco_person/train/labels/000000084530.txt,coco_person,000000084530,train_pool,val
000000084981.jpg,../datasets/raw/coco_person/train/images/000000084981.jpg,../datasets/raw/coco_person/train/labels/000000084981.txt,coco_person,000000084981,train_pool,train
000000085144.jpg,../datasets/raw/coco_person/train/images/000000085144.jpg,../datasets/raw/coco_person/train/labels/000000085144.txt,coco_person,000000085144,train_pool,train
000000085211.jpg,../datasets/raw/coco_person/train/images/000000085211.jpg,../datasets/raw/coco_person/train/labels/000000085211.txt,coco_person,000000085211,train_pool,train
000000085247.jpg,../datasets/raw/coco_person/train/images/000000085247.jpg,../datasets/raw/coco_person/train/labels/000000085247.txt,coco_person,000000085247,train_pool,train
000000085298.jpg,../datasets/raw/coco_person/train/images/000000085298.jpg,../datasets/raw/coco_person/train/labels/000000085298.txt,coco_person,000000085298,train_pool,train
000000085413.jpg,../datasets/raw/coco_person/train/images/000000085413.jpg,../datasets/raw/coco_person/train/labels/000000085413.txt,coco_person,000000085413,train_pool,train
000000085475.jpg,../datasets/raw/coco_person/train/images/000000085475.jpg,../datasets/raw/coco_person/train/labels/000000085475.txt,coco_person,000000085475,train_pool,train
000000085488.jpg,../datasets/raw/coco_person/train/images/000000085488.jpg,../datasets/raw/coco_person/train/labels/000000085488.txt,coco_person,000000085488,train_pool,train
000000085491.jpg,../datasets/raw/coco_person/train/images/000000085491.jpg,../datasets/raw/coco_person/train/labels/000000085491.txt,coco_person,000000085491,train_pool,train
000000085674.jpg,../datasets/raw/coco_person/train/images/000000085674.jpg,../datasets/raw/coco_person/train/labels/000000085674.txt,coco_person,000000085674,train_pool,train
000000085865.jpg,../datasets/raw/coco_person/train/images/000000085865.jpg,../datasets/raw/coco_person/train/labels/000000085865.txt,coco_person,000000085865,train_pool,train
000000086086.jpg,../datasets/raw/coco_person/train/images/000000086086.jpg,../datasets/raw/coco_person/train/labels/000000086086.txt,coco_person,000000086086,train_pool,train
000000086250.jpg,../datasets/raw/coco_person/train/images/000000086250.jpg,../datasets/raw/coco_person/train/labels/000000086250.txt,coco_person,000000086250,train_pool,train
000000086292.jpg,../datasets/raw/coco_person/train/images/000000086292.jpg,../datasets/raw/coco_person/train/labels/000000086292.txt,coco_person,000000086292,train_pool,train
000000086471.jpg,../datasets/raw/coco_person/train/images/000000086471.jpg,../datasets/raw/coco_person/train/labels/000000086471.txt,coco_person,000000086471,train_pool,train
000000086549.jpg,../datasets/raw/coco_person/train/images/000000086549.jpg,../datasets/raw/coco_person/train/labels/000000086549.txt,coco_person,000000086549,train_pool,train
000000086560.jpg,../datasets/raw/coco_person/train/images/000000086560.jpg,../datasets/raw/coco_person/train/labels/000000086560.txt,coco_person,000000086560,train_pool,train
000000086564.jpg,../datasets/raw/coco_person/train/images/000000086564.jpg,../datasets/raw/coco_person/train/labels/000000086564.txt,coco_person,000000086564,train_pool,train
000000086611.jpg,../datasets/raw/coco_person/train/images/000000086611.jpg,../datasets/raw/coco_person/train/labels/000000086611.txt,coco_person,000000086611,train_pool,train
000000086927.jpg,../datasets/raw/coco_person/train/images/000000086927.jpg,../datasets/raw/coco_person/train/labels/000000086927.txt,coco_person,000000086927,train_pool,train
000000086993.jpg,../datasets/raw/coco_person/train/images/000000086993.jpg,../datasets/raw/coco_person/train/labels/000000086993.txt,coco_person,000000086993,train_pool,train
000000087101.jpg,../datasets/raw/coco_person/train/images/000000087101.jpg,../datasets/raw/coco_person/train/labels/000000087101.txt,coco_person,000000087101,train_pool,train
000000087199.jpg,../datasets/raw/coco_person/train/images/000000087199.jpg,../datasets/raw/coco_person/train/labels/000000087199.txt,coco_person,000000087199,train_pool,train
000000087207.jpg,../datasets/raw/coco_person/train/images/000000087207.jpg,../datasets/raw/coco_person/train/labels/000000087207.txt,coco_person,000000087207,train_pool,train
000000087225.jpg,../datasets/raw/coco_person/train/images/000000087225.jpg,../datasets/raw/coco_person/train/labels/000000087225.txt,coco_person,000000087225,train_pool,train
000000087465.jpg,../datasets/raw/coco_person/train/images/000000087465.jpg,../datasets/raw/coco_person/train/labels/000000087465.txt,coco_person,000000087465,train_pool,train
000000087811.jpg,../datasets/raw/coco_person/train/images/000000087811.jpg,../datasets/raw/coco_person/train/labels/000000087811.txt,coco_person,000000087811,train_pool,train
000000087864.jpg,../datasets/raw/coco_person/train/images/000000087864.jpg,../datasets/raw/coco_person/train/labels/000000087864.txt,coco_person,000000087864,train_pool,train
000000088155.jpg,../datasets/raw/coco_person/train/images/000000088155.jpg,../datasets/raw/coco_person/train/labels/000000088155.txt,coco_person,000000088155,train_pool,train
000000088225.jpg,../datasets/raw/coco_person/train/images/000000088225.jpg,../datasets/raw/coco_person/train/labels/000000088225.txt,coco_person,000000088225,train_pool,train
000000089643.jpg,../datasets/raw/coco_person/train/images/000000089643.jpg,../datasets/raw/coco_person/train/labels/000000089643.txt,coco_person,000000089643,train_pool,val
000000089707.jpg,../datasets/raw/coco_person/train/images/000000089707.jpg,../datasets/raw/coco_person/train/labels/000000089707.txt,coco_person,000000089707,train_pool,train
000000089753.jpg,../datasets/raw/coco_person/train/images/000000089753.jpg,../datasets/raw/coco_person/train/labels/000000089753.txt,coco_person,000000089753,train_pool,train
000000089787.jpg,../datasets/raw/coco_person/train/images/000000089787.jpg,../datasets/raw/coco_person/train/labels/000000089787.txt,coco_person,000000089787,train_pool,train
000000089898.jpg,../datasets/raw/coco_person/train/images/000000089898.jpg,../datasets/raw/coco_person/train/labels/000000089898.txt,coco_person,000000089898,train_pool,train
000000090052.jpg,../datasets/raw/coco_person/train/images/000000090052.jpg,../datasets/raw/coco_person/train/labels/000000090052.txt,coco_person,000000090052,train_pool,train
000000090232.jpg,../datasets/raw/coco_person/train/images/000000090232.jpg,../datasets/raw/coco_person/train/labels/000000090232.txt,coco_person,000000090232,train_pool,train
000000090594.jpg,../datasets/raw/coco_person/train/images/000000090594.jpg,../datasets/raw/coco_person/train/labels/000000090594.txt,coco_person,000000090594,train_pool,train
000000090615.jpg,../datasets/raw/coco_person/train/images/000000090615.jpg,../datasets/raw/coco_person/train/labels/000000090615.txt,coco_person,000000090615,train_pool,train
000000090862.jpg,../datasets/raw/coco_person/train/images/000000090862.jpg,../datasets/raw/coco_person/train/labels/000000090862.txt,coco_person,000000090862,train_pool,val
000000090959.jpg,../datasets/raw/coco_person/train/images/000000090959.jpg,../datasets/raw/coco_person/train/labels/000000090959.txt,coco_person,000000090959,train_pool,val
000000091056.jpg,../datasets/raw/coco_person/train/images/000000091056.jpg,../datasets/raw/coco_person/train/labels/000000091056.txt,coco_person,000000091056,train_pool,train
000000091110.jpg,../datasets/raw/coco_person/train/images/000000091110.jpg,../datasets/raw/coco_person/train/labels/000000091110.txt,coco_person,000000091110,train_pool,train
000000091172.jpg,../datasets/raw/coco_person/train/images/000000091172.jpg,../datasets/raw/coco_person/train/labels/000000091172.txt,coco_person,000000091172,train_pool,train
000000091318.jpg,../datasets/raw/coco_person/train/images/000000091318.jpg,../datasets/raw/coco_person/train/labels/000000091318.txt,coco_person,000000091318,train_pool,train
000000091326.jpg,../datasets/raw/coco_person/train/images/000000091326.jpg,../datasets/raw/coco_person/train/labels/000000091326.txt,coco_person,000000091326,train_pool,train
000000091360.jpg,../datasets/raw/coco_person/train/images/000000091360.jpg,../datasets/raw/coco_person/train/labels/000000091360.txt,coco_person,000000091360,train_pool,train
000000091416.jpg,../datasets/raw/coco_person/train/images/000000091416.jpg,../datasets/raw/coco_person/train/labels/000000091416.txt,coco_person,000000091416,train_pool,train
000000091482.jpg,../datasets/raw/coco_person/train/images/000000091482.jpg,../datasets/raw/coco_person/train/labels/000000091482.txt,coco_person,000000091482,train_pool,train
000000091638.jpg,../datasets/raw/coco_person/train/images/000000091638.jpg,../datasets/raw/coco_person/train/labels/000000091638.txt,coco_person,000000091638,train_pool,train
000000091759.jpg,../datasets/raw/coco_person/train/images/000000091759.jpg,../datasets/raw/coco_person/train/labels/000000091759.txt,coco_person,000000091759,train_pool,train
000000092060.jpg,../datasets/raw/coco_person/train/images/000000092060.jpg,../datasets/raw/coco_person/train/labels/000000092060.txt,coco_person,000000092060,train_pool,train
000000092188.jpg,../datasets/raw/coco_person/train/images/000000092188.jpg,../datasets/raw/coco_person/train/labels/000000092188.txt,coco_person,000000092188,train_pool,train
000000092765.jpg,../datasets/raw/coco_person/train/images/000000092765.jpg,../datasets/raw/coco_person/train/labels/000000092765.txt,coco_person,000000092765,train_pool,train
000000092776.jpg,../datasets/raw/coco_person/train/images/000000092776.jpg,../datasets/raw/coco_person/train/labels/000000092776.txt,coco_person,000000092776,train_pool,train
000000092804.jpg,../datasets/raw/coco_person/train/images/000000092804.jpg,../datasets/raw/coco_person/train/labels/000000092804.txt,coco_person,000000092804,train_pool,train
000000092835.jpg,../datasets/raw/coco_person/train/images/000000092835.jpg,../datasets/raw/coco_person/train/labels/000000092835.txt,coco_person,000000092835,train_pool,train
000000092910.jpg,../datasets/raw/coco_person/train/images/000000092910.jpg,../datasets/raw/coco_person/train/labels/000000092910.txt,coco_person,000000092910,train_pool,train
000000092957.jpg,../datasets/raw/coco_person/train/images/000000092957.jpg,../datasets/raw/coco_person/train/labels/000000092957.txt,coco_person,000000092957,train_pool,train
000000093441.jpg,../datasets/raw/coco_person/train/images/000000093441.jpg,../datasets/raw/coco_person/train/labels/000000093441.txt,coco_person,000000093441,train_pool,train
000000093483.jpg,../datasets/raw/coco_person/train/images/000000093483.jpg,../datasets/raw/coco_person/train/labels/000000093483.txt,coco_person,000000093483,train_pool,train
000000093657.jpg,../datasets/raw/coco_person/train/images/000000093657.jpg,../datasets/raw/coco_person/train/labels/000000093657.txt,coco_person,000000093657,train_pool,train
000000093763.jpg,../datasets/raw/coco_person/train/images/000000093763.jpg,../datasets/raw/coco_person/train/labels/000000093763.txt,coco_person,000000093763,train_pool,train
000000094010.jpg,../datasets/raw/coco_person/train/images/000000094010.jpg,../datasets/raw/coco_person/train/labels/000000094010.txt,coco_person,000000094010,train_pool,train
000000094092.jpg,../datasets/raw/coco_person/train/images/000000094092.jpg,../datasets/raw/coco_person/train/labels/000000094092.txt,coco_person,000000094092,train_pool,train
000000094245.jpg,../datasets/raw/coco_person/train/images/000000094245.jpg,../datasets/raw/coco_person/train/labels/000000094245.txt,coco_person,000000094245,train_pool,train
000000094260.jpg,../datasets/raw/coco_person/train/images/000000094260.jpg,../datasets/raw/coco_person/train/labels/000000094260.txt,coco_person,000000094260,train_pool,train
000000094318.jpg,../datasets/raw/coco_person/train/images/000000094318.jpg,../datasets/raw/coco_person/train/labels/000000094318.txt,coco_person,000000094318,train_pool,train
000000095295.jpg,../datasets/raw/coco_person/train/images/000000095295.jpg,../datasets/raw/coco_person/train/labels/000000095295.txt,coco_person,000000095295,train_pool,val
000000095483.jpg,../datasets/raw/coco_person/train/images/000000095483.jpg,../datasets/raw/coco_person/train/labels/000000095483.txt,coco_person,000000095483,train_pool,val
000000095493.jpg,../datasets/raw/coco_person/train/images/000000095493.jpg,../datasets/raw/coco_person/train/labels/000000095493.txt,coco_person,000000095493,train_pool,train
000000095562.jpg,../datasets/raw/coco_person/train/images/000000095562.jpg,../datasets/raw/coco_person/train/labels/000000095562.txt,coco_person,000000095562,train_pool,train
000000095611.jpg,../datasets/raw/coco_person/train/images/000000095611.jpg,../datasets/raw/coco_person/train/labels/000000095611.txt,coco_person,000000095611,train_pool,train
000000095702.jpg,../datasets/raw/coco_person/train/images/000000095702.jpg,../datasets/raw/coco_person/train/labels/000000095702.txt,coco_person,000000095702,train_pool,val
000000095752.jpg,../datasets/raw/coco_person/train/images/000000095752.jpg,../datasets/raw/coco_person/train/labels/000000095752.txt,coco_person,000000095752,train_pool,train
000000096027.jpg,../datasets/raw/coco_person/train/images/000000096027.jpg,../datasets/raw/coco_person/train/labels/000000096027.txt,coco_person,000000096027,train_pool,train
000000096054.jpg,../datasets/raw/coco_person/train/images/000000096054.jpg,../datasets/raw/coco_person/train/labels/000000096054.txt,coco_person,000000096054,train_pool,train
000000096311.jpg,../datasets/raw/coco_person/train/images/000000096311.jpg,../datasets/raw/coco_person/train/labels/000000096311.txt,coco_person,000000096311,train_pool,train
000000096378.jpg,../datasets/raw/coco_person/train/images/000000096378.jpg,../datasets/raw/coco_person/train/labels/000000096378.txt,coco_person,000000096378,train_pool,train
000000096538.jpg,../datasets/raw/coco_person/train/images/000000096538.jpg,../datasets/raw/coco_person/train/labels/000000096538.txt,coco_person,000000096538,train_pool,train
000000096628.jpg,../datasets/raw/coco_person/train/images/000000096628.jpg,../datasets/raw/coco_person/train/labels/000000096628.txt,coco_person,000000096628,train_pool,train
000000096705.jpg,../datasets/raw/coco_person/train/images/000000096705.jpg,../datasets/raw/coco_person/train/labels/000000096705.txt,coco_person,000000096705,train_pool,train
000000096754.jpg,../datasets/raw/coco_person/train/images/000000096754.jpg,../datasets/raw/coco_person/train/labels/000000096754.txt,coco_person,000000096754,train_pool,train
000000096800.jpg,../datasets/raw/coco_person/train/images/000000096800.jpg,../datasets/raw/coco_person/train/labels/000000096800.txt,coco_person,000000096800,train_pool,train
000000097056.jpg,../datasets/raw/coco_person/train/images/000000097056.jpg,../datasets/raw/coco_person/train/labels/000000097056.txt,coco_person,000000097056,train_pool,val
000000097270.jpg,../datasets/raw/coco_person/train/images/000000097270.jpg,../datasets/raw/coco_person/train/labels/000000097270.txt,coco_person,000000097270,train_pool,train
000000097479.jpg,../datasets/raw/coco_person/train/images/000000097479.jpg,../datasets/raw/coco_person/train/labels/000000097479.txt,coco_person,000000097479,train_pool,val
000000097526.jpg,../datasets/raw/coco_person/train/images/000000097526.jpg,../datasets/raw/coco_person/train/labels/000000097526.txt,coco_person,000000097526,train_pool,train
000000097946.jpg,../datasets/raw/coco_person/train/images/000000097946.jpg,../datasets/raw/coco_person/train/labels/000000097946.txt,coco_person,000000097946,train_pool,train
000000098162.jpg,../datasets/raw/coco_person/train/images/000000098162.jpg,../datasets/raw/coco_person/train/labels/000000098162.txt,coco_person,000000098162,train_pool,train
000000098190.jpg,../datasets/raw/coco_person/train/images/000000098190.jpg,../datasets/raw/coco_person/train/labels/000000098190.txt,coco_person,000000098190,train_pool,val
000000098284.jpg,../datasets/raw/coco_person/train/images/000000098284.jpg,../datasets/raw/coco_person/train/labels/000000098284.txt,coco_person,000000098284,train_pool,train
000000098830.jpg,../datasets/raw/coco_person/train/images/000000098830.jpg,../datasets/raw/coco_person/train/labels/000000098830.txt,coco_person,000000098830,train_pool,train
000000098872.jpg,../datasets/raw/coco_person/train/images/000000098872.jpg,../datasets/raw/coco_person/train/labels/000000098872.txt,coco_person,000000098872,train_pool,val
000000099245.jpg,../datasets/raw/coco_person/train/images/000000099245.jpg,../datasets/raw/coco_person/train/labels/000000099245.txt,coco_person,000000099245,train_pool,train
000000099260.jpg,../datasets/raw/coco_person/train/images/000000099260.jpg,../datasets/raw/coco_person/train/labels/000000099260.txt,coco_person,000000099260,train_pool,train
000000099265.jpg,../datasets/raw/coco_person/train/images/000000099265.jpg,../datasets/raw/coco_person/train/labels/000000099265.txt,coco_person,000000099265,train_pool,train
000000099522.jpg,../datasets/raw/coco_person/train/images/000000099522.jpg,../datasets/raw/coco_person/train/labels/000000099522.txt,coco_person,000000099522,train_pool,train
000000099632.jpg,../datasets/raw/coco_person/train/images/000000099632.jpg,../datasets/raw/coco_person/train/labels/000000099632.txt,coco_person,000000099632,train_pool,train
000000099875.jpg,../datasets/raw/coco_person/train/images/000000099875.jpg,../datasets/raw/coco_person/train/labels/000000099875.txt,coco_person,000000099875,train_pool,val
000000100001.jpg,../datasets/raw/coco_person/train/images/000000100001.jpg,../datasets/raw/coco_person/train/labels/000000100001.txt,coco_person,000000100001,train_pool,val
000000100090.jpg,../datasets/raw/coco_person/train/images/000000100090.jpg,../datasets/raw/coco_person/train/labels/000000100090.txt,coco_person,000000100090,train_pool,train
000000100177.jpg,../datasets/raw/coco_person/train/images/000000100177.jpg,../datasets/raw/coco_person/train/labels/000000100177.txt,coco_person,000000100177,train_pool,train
000000100499.jpg,../datasets/raw/coco_person/train/images/000000100499.jpg,../datasets/raw/coco_person/train/labels/000000100499.txt,coco_person,000000100499,train_pool,train
000000100652.jpg,../datasets/raw/coco_person/train/images/000000100652.jpg,../datasets/raw/coco_person/train/labels/000000100652.txt,coco_person,000000100652,train_pool,train
000000100717.jpg,../datasets/raw/coco_person/train/images/000000100717.jpg,../datasets/raw/coco_person/train/labels/000000100717.txt,coco_person,000000100717,train_pool,train
000000100896.jpg,../datasets/raw/coco_person/train/images/000000100896.jpg,../datasets/raw/coco_person/train/labels/000000100896.txt,coco_person,000000100896,train_pool,train
000000100977.jpg,../datasets/raw/coco_person/train/images/000000100977.jpg,../datasets/raw/coco_person/train/labels/000000100977.txt,coco_person,000000100977,train_pool,train
000000101013.jpg,../datasets/raw/coco_person/train/images/000000101013.jpg,../datasets/raw/coco_person/train/labels/000000101013.txt,coco_person,000000101013,train_pool,train
000000101069.jpg,../datasets/raw/coco_person/train/images/000000101069.jpg,../datasets/raw/coco_person/train/labels/000000101069.txt,coco_person,000000101069,train_pool,train
000000101319.jpg,../datasets/raw/coco_person/train/images/000000101319.jpg,../datasets/raw/coco_person/train/labels/000000101319.txt,coco_person,000000101319,train_pool,train
000000101575.jpg,../datasets/raw/coco_person/train/images/000000101575.jpg,../datasets/raw/coco_person/train/labels/000000101575.txt,coco_person,000000101575,train_pool,train
000000101814.jpg,../datasets/raw/coco_person/train/images/000000101814.jpg,../datasets/raw/coco_person/train/labels/000000101814.txt,coco_person,000000101814,train_pool,train
000000101877.jpg,../datasets/raw/coco_person/train/images/000000101877.jpg,../datasets/raw/coco_person/train/labels/000000101877.txt,coco_person,000000101877,train_pool,train
000000102037.jpg,../datasets/raw/coco_person/train/images/000000102037.jpg,../datasets/raw/coco_person/train/labels/000000102037.txt,coco_person,000000102037,train_pool,train
000000102166.jpg,../datasets/raw/coco_person/train/images/000000102166.jpg,../datasets/raw/coco_person/train/labels/000000102166.txt,coco_person,000000102166,train_pool,train
000000102529.jpg,../datasets/raw/coco_person/train/images/000000102529.jpg,../datasets/raw/coco_person/train/labels/000000102529.txt,coco_person,000000102529,train_pool,val
000000102568.jpg,../datasets/raw/coco_person/train/images/000000102568.jpg,../datasets/raw/coco_person/train/labels/000000102568.txt,coco_person,000000102568,train_pool,val
000000102576.jpg,../datasets/raw/coco_person/train/images/000000102576.jpg,../datasets/raw/coco_person/train/labels/000000102576.txt,coco_person,000000102576,train_pool,train
000000102577.jpg,../datasets/raw/coco_person/train/images/000000102577.jpg,../datasets/raw/coco_person/train/labels/000000102577.txt,coco_person,000000102577,train_pool,train
000000102778.jpg,../datasets/raw/coco_person/train/images/000000102778.jpg,../datasets/raw/coco_person/train/labels/000000102778.txt,coco_person,000000102778,train_pool,train
000000102935.jpg,../datasets/raw/coco_person/train/images/000000102935.jpg,../datasets/raw/coco_person/train/labels/000000102935.txt,coco_person,000000102935,train_pool,train
000000103401.jpg,../datasets/raw/coco_person/train/images/000000103401.jpg,../datasets/raw/coco_person/train/labels/000000103401.txt,coco_person,000000103401,train_pool,train
000000103431.jpg,../datasets/raw/coco_person/train/images/000000103431.jpg,../datasets/raw/coco_person/train/labels/000000103431.txt,coco_person,000000103431,train_pool,train
000000103490.jpg,../datasets/raw/coco_person/train/images/000000103490.jpg,../datasets/raw/coco_person/train/labels/000000103490.txt,coco_person,000000103490,train_pool,val
000000104026.jpg,../datasets/raw/coco_person/train/images/000000104026.jpg,../datasets/raw/coco_person/train/labels/000000104026.txt,coco_person,000000104026,train_pool,train
000000104177.jpg,../datasets/raw/coco_person/train/images/000000104177.jpg,../datasets/raw/coco_person/train/labels/000000104177.txt,coco_person,000000104177,train_pool,train
000000104185.jpg,../datasets/raw/coco_person/train/images/000000104185.jpg,../datasets/raw/coco_person/train/labels/000000104185.txt,coco_person,000000104185,train_pool,val
000000104249.jpg,../datasets/raw/coco_person/train/images/000000104249.jpg,../datasets/raw/coco_person/train/labels/000000104249.txt,coco_person,000000104249,train_pool,val
000000104299.jpg,../datasets/raw/coco_person/train/images/000000104299.jpg,../datasets/raw/coco_person/train/labels/000000104299.txt,coco_person,000000104299,train_pool,train
000000104788.jpg,../datasets/raw/coco_person/train/images/000000104788.jpg,../datasets/raw/coco_person/train/labels/000000104788.txt,coco_person,000000104788,train_pool,train
000000104973.jpg,../datasets/raw/coco_person/train/images/000000104973.jpg,../datasets/raw/coco_person/train/labels/000000104973.txt,coco_person,000000104973,train_pool,train
000000104974.jpg,../datasets/raw/coco_person/train/images/000000104974.jpg,../datasets/raw/coco_person/train/labels/000000104974.txt,coco_person,000000104974,train_pool,train
000000105303.jpg,../datasets/raw/coco_person/train/images/000000105303.jpg,../datasets/raw/coco_person/train/labels/000000105303.txt,coco_person,000000105303,train_pool,val
000000105470.jpg,../datasets/raw/coco_person/train/images/000000105470.jpg,../datasets/raw/coco_person/train/labels/000000105470.txt,coco_person,000000105470,train_pool,train
000000105781.jpg,../datasets/raw/coco_person/train/images/000000105781.jpg,../datasets/raw/coco_person/train/labels/000000105781.txt,coco_person,000000105781,train_pool,train
000000105783.jpg,../datasets/raw/coco_person/train/images/000000105783.jpg,../datasets/raw/coco_person/train/labels/000000105783.txt,coco_person,000000105783,train_pool,train
000000106382.jpg,../datasets/raw/coco_person/train/images/000000106382.jpg,../datasets/raw/coco_person/train/labels/000000106382.txt,coco_person,000000106382,train_pool,train
000000106499.jpg,../datasets/raw/coco_person/train/images/000000106499.jpg,../datasets/raw/coco_person/train/labels/000000106499.txt,coco_person,000000106499,train_pool,train
000000106635.jpg,../datasets/raw/coco_person/train/images/000000106635.jpg,../datasets/raw/coco_person/train/labels/000000106635.txt,coco_person,000000106635,train_pool,train
000000106638.jpg,../datasets/raw/coco_person/train/images/000000106638.jpg,../datasets/raw/coco_person/train/labels/000000106638.txt,coco_person,000000106638,train_pool,train
000000106641.jpg,../datasets/raw/coco_person/train/images/000000106641.jpg,../datasets/raw/coco_person/train/labels/000000106641.txt,coco_person,000000106641,train_pool,train
000000106661.jpg,../datasets/raw/coco_person/train/images/000000106661.jpg,../datasets/raw/coco_person/train/labels/000000106661.txt,coco_person,000000106661,train_pool,train
000000106664.jpg,../datasets/raw/coco_person/train/images/000000106664.jpg,../datasets/raw/coco_person/train/labels/000000106664.txt,coco_person,000000106664,train_pool,train
000000107054.jpg,../datasets/raw/coco_person/train/images/000000107054.jpg,../datasets/raw/coco_person/train/labels/000000107054.txt,coco_person,000000107054,train_pool,train
000000107247.jpg,../datasets/raw/coco_person/train/images/000000107247.jpg,../datasets/raw/coco_person/train/labels/000000107247.txt,coco_person,000000107247,train_pool,train
000000107389.jpg,../datasets/raw/coco_person/train/images/000000107389.jpg,../datasets/raw/coco_person/train/labels/000000107389.txt,coco_person,000000107389,train_pool,val
000000107425.jpg,../datasets/raw/coco_person/train/images/000000107425.jpg,../datasets/raw/coco_person/train/labels/000000107425.txt,coco_person,000000107425,train_pool,val
000000107884.jpg,../datasets/raw/coco_person/train/images/000000107884.jpg,../datasets/raw/coco_person/train/labels/000000107884.txt,coco_person,000000107884,train_pool,val
000000107900.jpg,../datasets/raw/coco_person/train/images/000000107900.jpg,../datasets/raw/coco_person/train/labels/000000107900.txt,coco_person,000000107900,train_pool,train
000000107960.jpg,../datasets/raw/coco_person/train/images/000000107960.jpg,../datasets/raw/coco_person/train/labels/000000107960.txt,coco_person,000000107960,train_pool,train
000000108154.jpg,../datasets/raw/coco_person/train/images/000000108154.jpg,../datasets/raw/coco_person/train/labels/000000108154.txt,coco_person,000000108154,train_pool,train
000000108360.jpg,../datasets/raw/coco_person/train/images/000000108360.jpg,../datasets/raw/coco_person/train/labels/000000108360.txt,coco_person,000000108360,train_pool,train
000000108500.jpg,../datasets/raw/coco_person/train/images/000000108500.jpg,../datasets/raw/coco_person/train/labels/000000108500.txt,coco_person,000000108500,train_pool,train
000000108642.jpg,../datasets/raw/coco_person/train/images/000000108642.jpg,../datasets/raw/coco_person/train/labels/000000108642.txt,coco_person,000000108642,train_pool,train
000000108803.jpg,../datasets/raw/coco_person/train/images/000000108803.jpg,../datasets/raw/coco_person/train/labels/000000108803.txt,coco_person,000000108803,train_pool,train
000000108865.jpg,../datasets/raw/coco_person/train/images/000000108865.jpg,../datasets/raw/coco_person/train/labels/000000108865.txt,coco_person,000000108865,train_pool,train
000000109102.jpg,../datasets/raw/coco_person/train/images/000000109102.jpg,../datasets/raw/coco_person/train/labels/000000109102.txt,coco_person,000000109102,train_pool,train
000000109359.jpg,../datasets/raw/coco_person/train/images/000000109359.jpg,../datasets/raw/coco_person/train/labels/000000109359.txt,coco_person,000000109359,train_pool,train
000000109524.jpg,../datasets/raw/coco_person/train/images/000000109524.jpg,../datasets/raw/coco_person/train/labels/000000109524.txt,coco_person,000000109524,train_pool,train
000000109599.jpg,../datasets/raw/coco_person/train/images/000000109599.jpg,../datasets/raw/coco_person/train/labels/000000109599.txt,coco_person,000000109599,train_pool,train
000000109791.jpg,../datasets/raw/coco_person/train/images/000000109791.jpg,../datasets/raw/coco_person/train/labels/000000109791.txt,coco_person,000000109791,train_pool,train
000000109816.jpg,../datasets/raw/coco_person/train/images/000000109816.jpg,../datasets/raw/coco_person/train/labels/000000109816.txt,coco_person,000000109816,train_pool,train
000000109862.jpg,../datasets/raw/coco_person/train/images/000000109862.jpg,../datasets/raw/coco_person/train/labels/000000109862.txt,coco_person,000000109862,train_pool,val
000000109937.jpg,../datasets/raw/coco_person/train/images/000000109937.jpg,../datasets/raw/coco_person/train/labels/000000109937.txt,coco_person,000000109937,train_pool,train
000000110052.jpg,../datasets/raw/coco_person/train/images/000000110052.jpg,../datasets/raw/coco_person/train/labels/000000110052.txt,coco_person,000000110052,train_pool,train
000000110231.jpg,../datasets/raw/coco_person/train/images/000000110231.jpg,../datasets/raw/coco_person/train/labels/000000110231.txt,coco_person,000000110231,train_pool,train
000000110574.jpg,../datasets/raw/coco_person/train/images/000000110574.jpg,../datasets/raw/coco_person/train/labels/000000110574.txt,coco_person,000000110574,train_pool,train
000000110780.jpg,../datasets/raw/coco_person/train/images/000000110780.jpg,../datasets/raw/coco_person/train/labels/000000110780.txt,coco_person,000000110780,train_pool,train
000000110881.jpg,../datasets/raw/coco_person/train/images/000000110881.jpg,../datasets/raw/coco_person/train/labels/000000110881.txt,coco_person,000000110881,train_pool,train
000000111129.jpg,../datasets/raw/coco_person/train/images/000000111129.jpg,../datasets/raw/coco_person/train/labels/000000111129.txt,coco_person,000000111129,train_pool,train
000000111195.jpg,../datasets/raw/coco_person/train/images/000000111195.jpg,../datasets/raw/coco_person/train/labels/000000111195.txt,coco_person,000000111195,train_pool,train
000000111244.jpg,../datasets/raw/coco_person/train/images/000000111244.jpg,../datasets/raw/coco_person/train/labels/000000111244.txt,coco_person,000000111244,train_pool,train
000000111422.jpg,../datasets/raw/coco_person/train/images/000000111422.jpg,../datasets/raw/coco_person/train/labels/000000111422.txt,coco_person,000000111422,train_pool,train
000000111447.jpg,../datasets/raw/coco_person/train/images/000000111447.jpg,../datasets/raw/coco_person/train/labels/000000111447.txt,coco_person,000000111447,train_pool,train
000000111683.jpg,../datasets/raw/coco_person/train/images/000000111683.jpg,../datasets/raw/coco_person/train/labels/000000111683.txt,coco_person,000000111683,train_pool,val
000000111842.jpg,../datasets/raw/coco_person/train/images/000000111842.jpg,../datasets/raw/coco_person/train/labels/000000111842.txt,coco_person,000000111842,train_pool,val
000000111911.jpg,../datasets/raw/coco_person/train/images/000000111911.jpg,../datasets/raw/coco_person/train/labels/000000111911.txt,coco_person,000000111911,train_pool,train
000000111944.jpg,../datasets/raw/coco_person/train/images/000000111944.jpg,../datasets/raw/coco_person/train/labels/000000111944.txt,coco_person,000000111944,train_pool,train
000000112692.jpg,../datasets/raw/coco_person/train/images/000000112692.jpg,../datasets/raw/coco_person/train/labels/000000112692.txt,coco_person,000000112692,train_pool,train
000000112703.jpg,../datasets/raw/coco_person/train/images/000000112703.jpg,../datasets/raw/coco_person/train/labels/000000112703.txt,coco_person,000000112703,train_pool,train
000000113032.jpg,../datasets/raw/coco_person/train/images/000000113032.jpg,../datasets/raw/coco_person/train/labels/000000113032.txt,coco_person,000000113032,train_pool,train
000000113058.jpg,../datasets/raw/coco_person/train/images/000000113058.jpg,../datasets/raw/coco_person/train/labels/000000113058.txt,coco_person,000000113058,train_pool,val
000000113282.jpg,../datasets/raw/coco_person/train/images/000000113282.jpg,../datasets/raw/coco_person/train/labels/000000113282.txt,coco_person,000000113282,train_pool,train
000000113309.jpg,../datasets/raw/coco_person/train/images/000000113309.jpg,../datasets/raw/coco_person/train/labels/000000113309.txt,coco_person,000000113309,train_pool,train
000000113334.jpg,../datasets/raw/coco_person/train/images/000000113334.jpg,../datasets/raw/coco_person/train/labels/000000113334.txt,coco_person,000000113334,train_pool,train
000000113594.jpg,../datasets/raw/coco_person/train/images/000000113594.jpg,../datasets/raw/coco_person/train/labels/000000113594.txt,coco_person,000000113594,train_pool,train
000000113678.jpg,../datasets/raw/coco_person/train/images/000000113678.jpg,../datasets/raw/coco_person/train/labels/000000113678.txt,coco_person,000000113678,train_pool,train
000000113828.jpg,../datasets/raw/coco_person/train/images/000000113828.jpg,../datasets/raw/coco_person/train/labels/000000113828.txt,coco_person,000000113828,train_pool,train
000000113860.jpg,../datasets/raw/coco_person/train/images/000000113860.jpg,../datasets/raw/coco_person/train/labels/000000113860.txt,coco_person,000000113860,train_pool,train
000000113893.jpg,../datasets/raw/coco_person/train/images/000000113893.jpg,../datasets/raw/coco_person/train/labels/000000113893.txt,coco_person,000000113893,train_pool,val
000000114025.jpg,../datasets/raw/coco_person/train/images/000000114025.jpg,../datasets/raw/coco_person/train/labels/000000114025.txt,coco_person,000000114025,train_pool,train
000000114141.jpg,../datasets/raw/coco_person/train/images/000000114141.jpg,../datasets/raw/coco_person/train/labels/000000114141.txt,coco_person,000000114141,train_pool,train
000000114222.jpg,../datasets/raw/coco_person/train/images/000000114222.jpg,../datasets/raw/coco_person/train/labels/000000114222.txt,coco_person,000000114222,train_pool,train
000000114310.jpg,../datasets/raw/coco_person/train/images/000000114310.jpg,../datasets/raw/coco_person/train/labels/000000114310.txt,coco_person,000000114310,train_pool,train
000000114686.jpg,../datasets/raw/coco_person/train/images/000000114686.jpg,../datasets/raw/coco_person/train/labels/000000114686.txt,coco_person,000000114686,train_pool,train
000000114697.jpg,../datasets/raw/coco_person/train/images/000000114697.jpg,../datasets/raw/coco_person/train/labels/000000114697.txt,coco_person,000000114697,train_pool,train
000000115006.jpg,../datasets/raw/coco_person/train/images/000000115006.jpg,../datasets/raw/coco_person/train/labels/000000115006.txt,coco_person,000000115006,train_pool,train
000000115060.jpg,../datasets/raw/coco_person/train/images/000000115060.jpg,../datasets/raw/coco_person/train/labels/000000115060.txt,coco_person,000000115060,train_pool,val
000000115400.jpg,../datasets/raw/coco_person/train/images/000000115400.jpg,../datasets/raw/coco_person/train/labels/000000115400.txt,coco_person,000000115400,train_pool,train
000000115584.jpg,../datasets/raw/coco_person/train/images/000000115584.jpg,../datasets/raw/coco_person/train/labels/000000115584.txt,coco_person,000000115584,train_pool,train
000000115635.jpg,../datasets/raw/coco_person/train/images/000000115635.jpg,../datasets/raw/coco_person/train/labels/000000115635.txt,coco_person,000000115635,train_pool,val
000000115796.jpg,../datasets/raw/coco_person/train/images/000000115796.jpg,../datasets/raw/coco_person/train/labels/000000115796.txt,coco_person,000000115796,train_pool,train
000000115829.jpg,../datasets/raw/coco_person/train/images/000000115829.jpg,../datasets/raw/coco_person/train/labels/000000115829.txt,coco_person,000000115829,train_pool,train
000000115902.jpg,../datasets/raw/coco_person/train/images/000000115902.jpg,../datasets/raw/coco_person/train/labels/000000115902.txt,coco_person,000000115902,train_pool,train
000000115930.jpg,../datasets/raw/coco_person/train/images/000000115930.jpg,../datasets/raw/coco_person/train/labels/000000115930.txt,coco_person,000000115930,train_pool,train
000000116096.jpg,../datasets/raw/coco_person/train/images/000000116096.jpg,../datasets/raw/coco_person/train/labels/000000116096.txt,coco_person,000000116096,train_pool,train
000000116166.jpg,../datasets/raw/coco_person/train/images/000000116166.jpg,../datasets/raw/coco_person/train/labels/000000116166.txt,coco_person,000000116166,train_pool,train
000000116185.jpg,../datasets/raw/coco_person/train/images/000000116185.jpg,../datasets/raw/coco_person/train/labels/000000116185.txt,coco_person,000000116185,train_pool,train
000000116405.jpg,../datasets/raw/coco_person/train/images/000000116405.jpg,../datasets/raw/coco_person/train/labels/000000116405.txt,coco_person,000000116405,train_pool,train
000000116712.jpg,../datasets/raw/coco_person/train/images/000000116712.jpg,../datasets/raw/coco_person/train/labels/000000116712.txt,coco_person,000000116712,train_pool,train
000000116803.jpg,../datasets/raw/coco_person/train/images/000000116803.jpg,../datasets/raw/coco_person/train/labels/000000116803.txt,coco_person,000000116803,train_pool,train
000000116861.jpg,../datasets/raw/coco_person/train/images/000000116861.jpg,../datasets/raw/coco_person/train/labels/000000116861.txt,coco_person,000000116861,train_pool,train
000000116963.jpg,../datasets/raw/coco_person/train/images/000000116963.jpg,../datasets/raw/coco_person/train/labels/000000116963.txt,coco_person,000000116963,train_pool,train
000000116988.jpg,../datasets/raw/coco_person/train/images/000000116988.jpg,../datasets/raw/coco_person/train/labels/000000116988.txt,coco_person,000000116988,train_pool,train
000000117089.jpg,../datasets/raw/coco_person/train/images/000000117089.jpg,../datasets/raw/coco_person/train/labels/000000117089.txt,coco_person,000000117089,train_pool,train
000000117095.jpg,../datasets/raw/coco_person/train/images/000000117095.jpg,../datasets/raw/coco_person/train/labels/000000117095.txt,coco_person,000000117095,train_pool,train
000000117121.jpg,../datasets/raw/coco_person/train/images/000000117121.jpg,../datasets/raw/coco_person/train/labels/000000117121.txt,coco_person,000000117121,train_pool,train
000000117178.jpg,../datasets/raw/coco_person/train/images/000000117178.jpg,../datasets/raw/coco_person/train/labels/000000117178.txt,coco_person,000000117178,train_pool,train
000000117325.jpg,../datasets/raw/coco_person/train/images/000000117325.jpg,../datasets/raw/coco_person/train/labels/000000117325.txt,coco_person,000000117325,train_pool,train
000000117555.jpg,../datasets/raw/coco_person/train/images/000000117555.jpg,../datasets/raw/coco_person/train/labels/000000117555.txt,coco_person,000000117555,train_pool,train
000000117584.jpg,../datasets/raw/coco_person/train/images/000000117584.jpg,../datasets/raw/coco_person/train/labels/000000117584.txt,coco_person,000000117584,train_pool,train
000000117691.jpg,../datasets/raw/coco_person/train/images/000000117691.jpg,../datasets/raw/coco_person/train/labels/000000117691.txt,coco_person,000000117691,train_pool,val
000000117786.jpg,../datasets/raw/coco_person/train/images/000000117786.jpg,../datasets/raw/coco_person/train/labels/000000117786.txt,coco_person,000000117786,train_pool,train
000000118154.jpg,../datasets/raw/coco_person/train/images/000000118154.jpg,../datasets/raw/coco_person/train/labels/000000118154.txt,coco_person,000000118154,train_pool,train
000000118219.jpg,../datasets/raw/coco_person/train/images/000000118219.jpg,../datasets/raw/coco_person/train/labels/000000118219.txt,coco_person,000000118219,train_pool,val
000000118514.jpg,../datasets/raw/coco_person/train/images/000000118514.jpg,../datasets/raw/coco_person/train/labels/000000118514.txt,coco_person,000000118514,train_pool,train
000000118682.jpg,../datasets/raw/coco_person/train/images/000000118682.jpg,../datasets/raw/coco_person/train/labels/000000118682.txt,coco_person,000000118682,train_pool,val
000000119065.jpg,../datasets/raw/coco_person/train/images/000000119065.jpg,../datasets/raw/coco_person/train/labels/000000119065.txt,coco_person,000000119065,train_pool,val
000000119093.jpg,../datasets/raw/coco_person/train/images/000000119093.jpg,../datasets/raw/coco_person/train/labels/000000119093.txt,coco_person,000000119093,train_pool,train
000000119304.jpg,../datasets/raw/coco_person/train/images/000000119304.jpg,../datasets/raw/coco_person/train/labels/000000119304.txt,coco_person,000000119304,train_pool,train
000000119308.jpg,../datasets/raw/coco_person/train/images/000000119308.jpg,../datasets/raw/coco_person/train/labels/000000119308.txt,coco_person,000000119308,train_pool,train
000000119505.jpg,../datasets/raw/coco_person/train/images/000000119505.jpg,../datasets/raw/coco_person/train/labels/000000119505.txt,coco_person,000000119505,train_pool,train
000000119729.jpg,../datasets/raw/coco_person/train/images/000000119729.jpg,../datasets/raw/coco_person/train/labels/000000119729.txt,coco_person,000000119729,train_pool,train
000000119766.jpg,../datasets/raw/coco_person/train/images/000000119766.jpg,../datasets/raw/coco_person/train/labels/000000119766.txt,coco_person,000000119766,train_pool,train
000000119798.jpg,../datasets/raw/coco_person/train/images/000000119798.jpg,../datasets/raw/coco_person/train/labels/000000119798.txt,coco_person,000000119798,train_pool,train
000000120347.jpg,../datasets/raw/coco_person/train/images/000000120347.jpg,../datasets/raw/coco_person/train/labels/000000120347.txt,coco_person,000000120347,train_pool,val
000000120632.jpg,../datasets/raw/coco_person/train/images/000000120632.jpg,../datasets/raw/coco_person/train/labels/000000120632.txt,coco_person,000000120632,train_pool,train
000000120782.jpg,../datasets/raw/coco_person/train/images/000000120782.jpg,../datasets/raw/coco_person/train/labels/000000120782.txt,coco_person,000000120782,train_pool,train
000000121068.jpg,../datasets/raw/coco_person/train/images/000000121068.jpg,../datasets/raw/coco_person/train/labels/000000121068.txt,coco_person,000000121068,train_pool,train
000000121123.jpg,../datasets/raw/coco_person/train/images/000000121123.jpg,../datasets/raw/coco_person/train/labels/000000121123.txt,coco_person,000000121123,train_pool,train
000000121162.jpg,../datasets/raw/coco_person/train/images/000000121162.jpg,../datasets/raw/coco_person/train/labels/000000121162.txt,coco_person,000000121162,train_pool,train
000000121174.jpg,../datasets/raw/coco_person/train/images/000000121174.jpg,../datasets/raw/coco_person/train/labels/000000121174.txt,coco_person,000000121174,train_pool,train
000000121782.jpg,../datasets/raw/coco_person/train/images/000000121782.jpg,../datasets/raw/coco_person/train/labels/000000121782.txt,coco_person,000000121782,train_pool,val
000000121875.jpg,../datasets/raw/coco_person/train/images/000000121875.jpg,../datasets/raw/coco_person/train/labels/000000121875.txt,coco_person,000000121875,train_pool,train
000000121897.jpg,../datasets/raw/coco_person/train/images/000000121897.jpg,../datasets/raw/coco_person/train/labels/000000121897.txt,coco_person,000000121897,train_pool,val
000000121949.jpg,../datasets/raw/coco_person/train/images/000000121949.jpg,../datasets/raw/coco_person/train/labels/000000121949.txt,coco_person,000000121949,train_pool,train
000000122093.jpg,../datasets/raw/coco_person/train/images/000000122093.jpg,../datasets/raw/coco_person/train/labels/000000122093.txt,coco_person,000000122093,train_pool,train
000000122164.jpg,../datasets/raw/coco_person/train/images/000000122164.jpg,../datasets/raw/coco_person/train/labels/000000122164.txt,coco_person,000000122164,train_pool,train
000000122747.jpg,../datasets/raw/coco_person/train/images/000000122747.jpg,../datasets/raw/coco_person/train/labels/000000122747.txt,coco_person,000000122747,train_pool,train
000000122861.jpg,../datasets/raw/coco_person/train/images/000000122861.jpg,../datasets/raw/coco_person/train/labels/000000122861.txt,coco_person,000000122861,train_pool,train
000000122899.jpg,../datasets/raw/coco_person/train/images/000000122899.jpg,../datasets/raw/coco_person/train/labels/000000122899.txt,coco_person,000000122899,train_pool,train
000000123038.jpg,../datasets/raw/coco_person/train/images/000000123038.jpg,../datasets/raw/coco_person/train/labels/000000123038.txt,coco_person,000000123038,train_pool,train
000000123172.jpg,../datasets/raw/coco_person/train/images/000000123172.jpg,../datasets/raw/coco_person/train/labels/000000123172.txt,coco_person,000000123172,train_pool,train
000000123260.jpg,../datasets/raw/coco_person/train/images/000000123260.jpg,../datasets/raw/coco_person/train/labels/000000123260.txt,coco_person,000000123260,train_pool,train
000000123555.jpg,../datasets/raw/coco_person/train/images/000000123555.jpg,../datasets/raw/coco_person/train/labels/000000123555.txt,coco_person,000000123555,train_pool,train
000000123579.jpg,../datasets/raw/coco_person/train/images/000000123579.jpg,../datasets/raw/coco_person/train/labels/000000123579.txt,coco_person,000000123579,train_pool,train
000000123909.jpg,../datasets/raw/coco_person/train/images/000000123909.jpg,../datasets/raw/coco_person/train/labels/000000123909.txt,coco_person,000000123909,train_pool,train
000000123974.jpg,../datasets/raw/coco_person/train/images/000000123974.jpg,../datasets/raw/coco_person/train/labels/000000123974.txt,coco_person,000000123974,train_pool,train
000000124013.jpg,../datasets/raw/coco_person/train/images/000000124013.jpg,../datasets/raw/coco_person/train/labels/000000124013.txt,coco_person,000000124013,train_pool,train
000000124360.jpg,../datasets/raw/coco_person/train/images/000000124360.jpg,../datasets/raw/coco_person/train/labels/000000124360.txt,coco_person,000000124360,train_pool,train
000000124408.jpg,../datasets/raw/coco_person/train/images/000000124408.jpg,../datasets/raw/coco_person/train/labels/000000124408.txt,coco_person,000000124408,train_pool,train
000000124580.jpg,../datasets/raw/coco_person/train/images/000000124580.jpg,../datasets/raw/coco_person/train/labels/000000124580.txt,coco_person,000000124580,train_pool,train
000000124622.jpg,../datasets/raw/coco_person/train/images/000000124622.jpg,../datasets/raw/coco_person/train/labels/000000124622.txt,coco_person,000000124622,train_pool,train
000000124737.jpg,../datasets/raw/coco_person/train/images/000000124737.jpg,../datasets/raw/coco_person/train/labels/000000124737.txt,coco_person,000000124737,train_pool,val
000000124764.jpg,../datasets/raw/coco_person/train/images/000000124764.jpg,../datasets/raw/coco_person/train/labels/000000124764.txt,coco_person,000000124764,train_pool,train
000000125188.jpg,../datasets/raw/coco_person/train/images/000000125188.jpg,../datasets/raw/coco_person/train/labels/000000125188.txt,coco_person,000000125188,train_pool,train
000000125547.jpg,../datasets/raw/coco_person/train/images/000000125547.jpg,../datasets/raw/coco_person/train/labels/000000125547.txt,coco_person,000000125547,train_pool,train
000000125626.jpg,../datasets/raw/coco_person/train/images/000000125626.jpg,../datasets/raw/coco_person/train/labels/000000125626.txt,coco_person,000000125626,train_pool,train
000000125729.jpg,../datasets/raw/coco_person/train/images/000000125729.jpg,../datasets/raw/coco_person/train/labels/000000125729.txt,coco_person,000000125729,train_pool,train
000000125774.jpg,../datasets/raw/coco_person/train/images/000000125774.jpg,../datasets/raw/coco_person/train/labels/000000125774.txt,coco_person,000000125774,train_pool,train
000000126192.jpg,../datasets/raw/coco_person/train/images/000000126192.jpg,../datasets/raw/coco_person/train/labels/000000126192.txt,coco_person,000000126192,train_pool,train
000000126264.jpg,../datasets/raw/coco_person/train/images/000000126264.jpg,../datasets/raw/coco_person/train/labels/000000126264.txt,coco_person,000000126264,train_pool,train
000000126355.jpg,../datasets/raw/coco_person/train/images/000000126355.jpg,../datasets/raw/coco_person/train/labels/000000126355.txt,coco_person,000000126355,train_pool,train
000000126483.jpg,../datasets/raw/coco_person/train/images/000000126483.jpg,../datasets/raw/coco_person/train/labels/000000126483.txt,coco_person,000000126483,train_pool,train
000000126538.jpg,../datasets/raw/coco_person/train/images/000000126538.jpg,../datasets/raw/coco_person/train/labels/000000126538.txt,coco_person,000000126538,train_pool,train
000000126634.jpg,../datasets/raw/coco_person/train/images/000000126634.jpg,../datasets/raw/coco_person/train/labels/000000126634.txt,coco_person,000000126634,train_pool,train
000000126657.jpg,../datasets/raw/coco_person/train/images/000000126657.jpg,../datasets/raw/coco_person/train/labels/000000126657.txt,coco_person,000000126657,train_pool,train
000000127324.jpg,../datasets/raw/coco_person/train/images/000000127324.jpg,../datasets/raw/coco_person/train/labels/000000127324.txt,coco_person,000000127324,train_pool,train
000000127381.jpg,../datasets/raw/coco_person/train/images/000000127381.jpg,../datasets/raw/coco_person/train/labels/000000127381.txt,coco_person,000000127381,train_pool,train
000000127400.jpg,../datasets/raw/coco_person/train/images/000000127400.jpg,../datasets/raw/coco_person/train/labels/000000127400.txt,coco_person,000000127400,train_pool,train
000000127945.jpg,../datasets/raw/coco_person/train/images/000000127945.jpg,../datasets/raw/coco_person/train/labels/000000127945.txt,coco_person,000000127945,train_pool,train
000000127986.jpg,../datasets/raw/coco_person/train/images/000000127986.jpg,../datasets/raw/coco_person/train/labels/000000127986.txt,coco_person,000000127986,train_pool,train
000000128020.jpg,../datasets/raw/coco_person/train/images/000000128020.jpg,../datasets/raw/coco_person/train/labels/000000128020.txt,coco_person,000000128020,train_pool,train
000000128034.jpg,../datasets/raw/coco_person/train/images/000000128034.jpg,../datasets/raw/coco_person/train/labels/000000128034.txt,coco_person,000000128034,train_pool,train
000000128258.jpg,../datasets/raw/coco_person/train/images/000000128258.jpg,../datasets/raw/coco_person/train/labels/000000128258.txt,coco_person,000000128258,train_pool,train
000000128647.jpg,../datasets/raw/coco_person/train/images/000000128647.jpg,../datasets/raw/coco_person/train/labels/000000128647.txt,coco_person,000000128647,train_pool,train
000000128826.jpg,../datasets/raw/coco_person/train/images/000000128826.jpg,../datasets/raw/coco_person/train/labels/000000128826.txt,coco_person,000000128826,train_pool,train
000000128974.jpg,../datasets/raw/coco_person/train/images/000000128974.jpg,../datasets/raw/coco_person/train/labels/000000128974.txt,coco_person,000000128974,train_pool,val
000000129065.jpg,../datasets/raw/coco_person/train/images/000000129065.jpg,../datasets/raw/coco_person/train/labels/000000129065.txt,coco_person,000000129065,train_pool,train
000000129129.jpg,../datasets/raw/coco_person/train/images/000000129129.jpg,../datasets/raw/coco_person/train/labels/000000129129.txt,coco_person,000000129129,train_pool,train
000000129216.jpg,../datasets/raw/coco_person/train/images/000000129216.jpg,../datasets/raw/coco_person/train/labels/000000129216.txt,coco_person,000000129216,train_pool,train
000000129272.jpg,../datasets/raw/coco_person/train/images/000000129272.jpg,../datasets/raw/coco_person/train/labels/000000129272.txt,coco_person,000000129272,train_pool,train
000000129314.jpg,../datasets/raw/coco_person/train/images/000000129314.jpg,../datasets/raw/coco_person/train/labels/000000129314.txt,coco_person,000000129314,train_pool,train
000000129509.jpg,../datasets/raw/coco_person/train/images/000000129509.jpg,../datasets/raw/coco_person/train/labels/000000129509.txt,coco_person,000000129509,train_pool,val
000000129520.jpg,../datasets/raw/coco_person/train/images/000000129520.jpg,../datasets/raw/coco_person/train/labels/000000129520.txt,coco_person,000000129520,train_pool,train
000000129610.jpg,../datasets/raw/coco_person/train/images/000000129610.jpg,../datasets/raw/coco_person/train/labels/000000129610.txt,coco_person,000000129610,train_pool,train
000000129852.jpg,../datasets/raw/coco_person/train/images/000000129852.jpg,../datasets/raw/coco_person/train/labels/000000129852.txt,coco_person,000000129852,train_pool,train
000000130164.jpg,../datasets/raw/coco_person/train/images/000000130164.jpg,../datasets/raw/coco_person/train/labels/000000130164.txt,coco_person,000000130164,train_pool,train
000000130183.jpg,../datasets/raw/coco_person/train/images/000000130183.jpg,../datasets/raw/coco_person/train/labels/000000130183.txt,coco_person,000000130183,train_pool,train
000000130318.jpg,../datasets/raw/coco_person/train/images/000000130318.jpg,../datasets/raw/coco_person/train/labels/000000130318.txt,coco_person,000000130318,train_pool,train
000000130357.jpg,../datasets/raw/coco_person/train/images/000000130357.jpg,../datasets/raw/coco_person/train/labels/000000130357.txt,coco_person,000000130357,train_pool,train
000000130362.jpg,../datasets/raw/coco_person/train/images/000000130362.jpg,../datasets/raw/coco_person/train/labels/000000130362.txt,coco_person,000000130362,train_pool,train
000000130592.jpg,../datasets/raw/coco_person/train/images/000000130592.jpg,../datasets/raw/coco_person/train/labels/000000130592.txt,coco_person,000000130592,train_pool,train
000000131279.jpg,../datasets/raw/coco_person/train/images/000000131279.jpg,../datasets/raw/coco_person/train/labels/000000131279.txt,coco_person,000000131279,train_pool,train
000000131280.jpg,../datasets/raw/coco_person/train/images/000000131280.jpg,../datasets/raw/coco_person/train/labels/000000131280.txt,coco_person,000000131280,train_pool,train
000000131366.jpg,../datasets/raw/coco_person/train/images/000000131366.jpg,../datasets/raw/coco_person/train/labels/000000131366.txt,coco_person,000000131366,train_pool,train
000000131465.jpg,../datasets/raw/coco_person/train/images/000000131465.jpg,../datasets/raw/coco_person/train/labels/000000131465.txt,coco_person,000000131465,train_pool,train
000000131597.jpg,../datasets/raw/coco_person/train/images/000000131597.jpg,../datasets/raw/coco_person/train/labels/000000131597.txt,coco_person,000000131597,train_pool,train
000000131678.jpg,../datasets/raw/coco_person/train/images/000000131678.jpg,../datasets/raw/coco_person/train/labels/000000131678.txt,coco_person,000000131678,train_pool,val
000000131743.jpg,../datasets/raw/coco_person/train/images/000000131743.jpg,../datasets/raw/coco_person/train/labels/000000131743.txt,coco_person,000000131743,train_pool,train
000000131865.jpg,../datasets/raw/coco_person/train/images/000000131865.jpg,../datasets/raw/coco_person/train/labels/000000131865.txt,coco_person,000000131865,train_pool,train
000000131902.jpg,../datasets/raw/coco_person/train/images/000000131902.jpg,../datasets/raw/coco_person/train/labels/000000131902.txt,coco_person,000000131902,train_pool,train
000000132114.jpg,../datasets/raw/coco_person/train/images/000000132114.jpg,../datasets/raw/coco_person/train/labels/000000132114.txt,coco_person,000000132114,train_pool,train
000000132136.jpg,../datasets/raw/coco_person/train/images/000000132136.jpg,../datasets/raw/coco_person/train/labels/000000132136.txt,coco_person,000000132136,train_pool,train
000000132310.jpg,../datasets/raw/coco_person/train/images/000000132310.jpg,../datasets/raw/coco_person/train/labels/000000132310.txt,coco_person,000000132310,train_pool,train
000000132393.jpg,../datasets/raw/coco_person/train/images/000000132393.jpg,../datasets/raw/coco_person/train/labels/000000132393.txt,coco_person,000000132393,train_pool,train
000000132493.jpg,../datasets/raw/coco_person/train/images/000000132493.jpg,../datasets/raw/coco_person/train/labels/000000132493.txt,coco_person,000000132493,train_pool,val
000000132576.jpg,../datasets/raw/coco_person/train/images/000000132576.jpg,../datasets/raw/coco_person/train/labels/000000132576.txt,coco_person,000000132576,train_pool,val
000000132626.jpg,../datasets/raw/coco_person/train/images/000000132626.jpg,../datasets/raw/coco_person/train/labels/000000132626.txt,coco_person,000000132626,train_pool,train
000000132669.jpg,../datasets/raw/coco_person/train/images/000000132669.jpg,../datasets/raw/coco_person/train/labels/000000132669.txt,coco_person,000000132669,train_pool,train
000000132982.jpg,../datasets/raw/coco_person/train/images/000000132982.jpg,../datasets/raw/coco_person/train/labels/000000132982.txt,coco_person,000000132982,train_pool,train
000000133042.jpg,../datasets/raw/coco_person/train/images/000000133042.jpg,../datasets/raw/coco_person/train/labels/000000133042.txt,coco_person,000000133042,train_pool,train
000000133145.jpg,../datasets/raw/coco_person/train/images/000000133145.jpg,../datasets/raw/coco_person/train/labels/000000133145.txt,coco_person,000000133145,train_pool,train
000000133284.jpg,../datasets/raw/coco_person/train/images/000000133284.jpg,../datasets/raw/coco_person/train/labels/000000133284.txt,coco_person,000000133284,train_pool,train
000000133467.jpg,../datasets/raw/coco_person/train/images/000000133467.jpg,../datasets/raw/coco_person/train/labels/000000133467.txt,coco_person,000000133467,train_pool,train
000000133540.jpg,../datasets/raw/coco_person/train/images/000000133540.jpg,../datasets/raw/coco_person/train/labels/000000133540.txt,coco_person,000000133540,train_pool,train
000000134454.jpg,../datasets/raw/coco_person/train/images/000000134454.jpg,../datasets/raw/coco_person/train/labels/000000134454.txt,coco_person,000000134454,train_pool,train
000000134486.jpg,../datasets/raw/coco_person/train/images/000000134486.jpg,../datasets/raw/coco_person/train/labels/000000134486.txt,coco_person,000000134486,train_pool,train
000000134518.jpg,../datasets/raw/coco_person/train/images/000000134518.jpg,../datasets/raw/coco_person/train/labels/000000134518.txt,coco_person,000000134518,train_pool,train
000000134599.jpg,../datasets/raw/coco_person/train/images/000000134599.jpg,../datasets/raw/coco_person/train/labels/000000134599.txt,coco_person,000000134599,train_pool,val
000000134703.jpg,../datasets/raw/coco_person/train/images/000000134703.jpg,../datasets/raw/coco_person/train/labels/000000134703.txt,coco_person,000000134703,train_pool,train
000000135082.jpg,../datasets/raw/coco_person/train/images/000000135082.jpg,../datasets/raw/coco_person/train/labels/000000135082.txt,coco_person,000000135082,train_pool,train
000000135122.jpg,../datasets/raw/coco_person/train/images/000000135122.jpg,../datasets/raw/coco_person/train/labels/000000135122.txt,coco_person,000000135122,train_pool,train
000000135171.jpg,../datasets/raw/coco_person/train/images/000000135171.jpg,../datasets/raw/coco_person/train/labels/000000135171.txt,coco_person,000000135171,train_pool,train
000000135244.jpg,../datasets/raw/coco_person/train/images/000000135244.jpg,../datasets/raw/coco_person/train/labels/000000135244.txt,coco_person,000000135244,train_pool,train
000000135287.jpg,../datasets/raw/coco_person/train/images/000000135287.jpg,../datasets/raw/coco_person/train/labels/000000135287.txt,coco_person,000000135287,train_pool,train
000000135369.jpg,../datasets/raw/coco_person/train/images/000000135369.jpg,../datasets/raw/coco_person/train/labels/000000135369.txt,coco_person,000000135369,train_pool,train
000000135412.jpg,../datasets/raw/coco_person/train/images/000000135412.jpg,../datasets/raw/coco_person/train/labels/000000135412.txt,coco_person,000000135412,train_pool,train
000000135424.jpg,../datasets/raw/coco_person/train/images/000000135424.jpg,../datasets/raw/coco_person/train/labels/000000135424.txt,coco_person,000000135424,train_pool,train
000000135566.jpg,../datasets/raw/coco_person/train/images/000000135566.jpg,../datasets/raw/coco_person/train/labels/000000135566.txt,coco_person,000000135566,train_pool,train
000000135938.jpg,../datasets/raw/coco_person/train/images/000000135938.jpg,../datasets/raw/coco_person/train/labels/000000135938.txt,coco_person,000000135938,train_pool,train
000000135955.jpg,../datasets/raw/coco_person/train/images/000000135955.jpg,../datasets/raw/coco_person/train/labels/000000135955.txt,coco_person,000000135955,train_pool,train
000000135966.jpg,../datasets/raw/coco_person/train/images/000000135966.jpg,../datasets/raw/coco_person/train/labels/000000135966.txt,coco_person,000000135966,train_pool,train
000000136070.jpg,../datasets/raw/coco_person/train/images/000000136070.jpg,../datasets/raw/coco_person/train/labels/000000136070.txt,coco_person,000000136070,train_pool,train
000000136129.jpg,../datasets/raw/coco_person/train/images/000000136129.jpg,../datasets/raw/coco_person/train/labels/000000136129.txt,coco_person,000000136129,train_pool,train
000000136200.jpg,../datasets/raw/coco_person/train/images/000000136200.jpg,../datasets/raw/coco_person/train/labels/000000136200.txt,coco_person,000000136200,train_pool,val
000000136300.jpg,../datasets/raw/coco_person/train/images/000000136300.jpg,../datasets/raw/coco_person/train/labels/000000136300.txt,coco_person,000000136300,train_pool,train
000000136302.jpg,../datasets/raw/coco_person/train/images/000000136302.jpg,../datasets/raw/coco_person/train/labels/000000136302.txt,coco_person,000000136302,train_pool,train
000000136310.jpg,../datasets/raw/coco_person/train/images/000000136310.jpg,../datasets/raw/coco_person/train/labels/000000136310.txt,coco_person,000000136310,train_pool,train
000000136312.jpg,../datasets/raw/coco_person/train/images/000000136312.jpg,../datasets/raw/coco_person/train/labels/000000136312.txt,coco_person,000000136312,train_pool,val
000000136512.jpg,../datasets/raw/coco_person/train/images/000000136512.jpg,../datasets/raw/coco_person/train/labels/000000136512.txt,coco_person,000000136512,train_pool,train
000000136596.jpg,../datasets/raw/coco_person/train/images/000000136596.jpg,../datasets/raw/coco_person/train/labels/000000136596.txt,coco_person,000000136596,train_pool,train
000000136664.jpg,../datasets/raw/coco_person/train/images/000000136664.jpg,../datasets/raw/coco_person/train/labels/000000136664.txt,coco_person,000000136664,train_pool,train
000000136718.jpg,../datasets/raw/coco_person/train/images/000000136718.jpg,../datasets/raw/coco_person/train/labels/000000136718.txt,coco_person,000000136718,train_pool,train
000000137178.jpg,../datasets/raw/coco_person/train/images/000000137178.jpg,../datasets/raw/coco_person/train/labels/000000137178.txt,coco_person,000000137178,train_pool,train
000000137203.jpg,../datasets/raw/coco_person/train/images/000000137203.jpg,../datasets/raw/coco_person/train/labels/000000137203.txt,coco_person,000000137203,train_pool,train
000000137241.jpg,../datasets/raw/coco_person/train/images/000000137241.jpg,../datasets/raw/coco_person/train/labels/000000137241.txt,coco_person,000000137241,train_pool,train
000000137330.jpg,../datasets/raw/coco_person/train/images/000000137330.jpg,../datasets/raw/coco_person/train/labels/000000137330.txt,coco_person,000000137330,train_pool,train
000000137371.jpg,../datasets/raw/coco_person/train/images/000000137371.jpg,../datasets/raw/coco_person/train/labels/000000137371.txt,coco_person,000000137371,train_pool,train
000000137382.jpg,../datasets/raw/coco_person/train/images/000000137382.jpg,../datasets/raw/coco_person/train/labels/000000137382.txt,coco_person,000000137382,train_pool,val
000000137715.jpg,../datasets/raw/coco_person/train/images/000000137715.jpg,../datasets/raw/coco_person/train/labels/000000137715.txt,coco_person,000000137715,train_pool,train
000000137830.jpg,../datasets/raw/coco_person/train/images/000000137830.jpg,../datasets/raw/coco_person/train/labels/000000137830.txt,coco_person,000000137830,train_pool,train
000000137911.jpg,../datasets/raw/coco_person/train/images/000000137911.jpg,../datasets/raw/coco_person/train/labels/000000137911.txt,coco_person,000000137911,train_pool,train
000000138092.jpg,../datasets/raw/coco_person/train/images/000000138092.jpg,../datasets/raw/coco_person/train/labels/000000138092.txt,coco_person,000000138092,train_pool,train
000000138127.jpg,../datasets/raw/coco_person/train/images/000000138127.jpg,../datasets/raw/coco_person/train/labels/000000138127.txt,coco_person,000000138127,train_pool,train
000000138276.jpg,../datasets/raw/coco_person/train/images/000000138276.jpg,../datasets/raw/coco_person/train/labels/000000138276.txt,coco_person,000000138276,train_pool,train
000000138477.jpg,../datasets/raw/coco_person/train/images/000000138477.jpg,../datasets/raw/coco_person/train/labels/000000138477.txt,coco_person,000000138477,train_pool,train
000000138521.jpg,../datasets/raw/coco_person/train/images/000000138521.jpg,../datasets/raw/coco_person/train/labels/000000138521.txt,coco_person,000000138521,train_pool,train
000000138656.jpg,../datasets/raw/coco_person/train/images/000000138656.jpg,../datasets/raw/coco_person/train/labels/000000138656.txt,coco_person,000000138656,train_pool,train
000000138730.jpg,../datasets/raw/coco_person/train/images/000000138730.jpg,../datasets/raw/coco_person/train/labels/000000138730.txt,coco_person,000000138730,train_pool,train
000000139169.jpg,../datasets/raw/coco_person/train/images/000000139169.jpg,../datasets/raw/coco_person/train/labels/000000139169.txt,coco_person,000000139169,train_pool,train
000000139211.jpg,../datasets/raw/coco_person/train/images/000000139211.jpg,../datasets/raw/coco_person/train/labels/000000139211.txt,coco_person,000000139211,train_pool,train
000000139359.jpg,../datasets/raw/coco_person/train/images/000000139359.jpg,../datasets/raw/coco_person/train/labels/000000139359.txt,coco_person,000000139359,train_pool,train
000000139389.jpg,../datasets/raw/coco_person/train/images/000000139389.jpg,../datasets/raw/coco_person/train/labels/000000139389.txt,coco_person,000000139389,train_pool,val
000000139428.jpg,../datasets/raw/coco_person/train/images/000000139428.jpg,../datasets/raw/coco_person/train/labels/000000139428.txt,coco_person,000000139428,train_pool,train
000000140068.jpg,../datasets/raw/coco_person/train/images/000000140068.jpg,../datasets/raw/coco_person/train/labels/000000140068.txt,coco_person,000000140068,train_pool,train
000000140236.jpg,../datasets/raw/coco_person/train/images/000000140236.jpg,../datasets/raw/coco_person/train/labels/000000140236.txt,coco_person,000000140236,train_pool,train
000000140278.jpg,../datasets/raw/coco_person/train/images/000000140278.jpg,../datasets/raw/coco_person/train/labels/000000140278.txt,coco_person,000000140278,train_pool,train
000000140308.jpg,../datasets/raw/coco_person/train/images/000000140308.jpg,../datasets/raw/coco_person/train/labels/000000140308.txt,coco_person,000000140308,train_pool,train
000000140581.jpg,../datasets/raw/coco_person/train/images/000000140581.jpg,../datasets/raw/coco_person/train/labels/000000140581.txt,coco_person,000000140581,train_pool,train
000000140651.jpg,../datasets/raw/coco_person/train/images/000000140651.jpg,../datasets/raw/coco_person/train/labels/000000140651.txt,coco_person,000000140651,train_pool,train
000000140667.jpg,../datasets/raw/coco_person/train/images/000000140667.jpg,../datasets/raw/coco_person/train/labels/000000140667.txt,coco_person,000000140667,train_pool,train
000000140693.jpg,../datasets/raw/coco_person/train/images/000000140693.jpg,../datasets/raw/coco_person/train/labels/000000140693.txt,coco_person,000000140693,train_pool,train
000000141923.jpg,../datasets/raw/coco_person/train/images/000000141923.jpg,../datasets/raw/coco_person/train/labels/000000141923.txt,coco_person,000000141923,train_pool,train
000000142100.jpg,../datasets/raw/coco_person/train/images/000000142100.jpg,../datasets/raw/coco_person/train/labels/000000142100.txt,coco_person,000000142100,train_pool,train
000000142552.jpg,../datasets/raw/coco_person/train/images/000000142552.jpg,../datasets/raw/coco_person/train/labels/000000142552.txt,coco_person,000000142552,train_pool,train
000000142718.jpg,../datasets/raw/coco_person/train/images/000000142718.jpg,../datasets/raw/coco_person/train/labels/000000142718.txt,coco_person,000000142718,train_pool,train
000000142793.jpg,../datasets/raw/coco_person/train/images/000000142793.jpg,../datasets/raw/coco_person/train/labels/000000142793.txt,coco_person,000000142793,train_pool,train
000000142815.jpg,../datasets/raw/coco_person/train/images/000000142815.jpg,../datasets/raw/coco_person/train/labels/000000142815.txt,coco_person,000000142815,train_pool,train
000000143170.jpg,../datasets/raw/coco_person/train/images/000000143170.jpg,../datasets/raw/coco_person/train/labels/000000143170.txt,coco_person,000000143170,train_pool,train
000000143182.jpg,../datasets/raw/coco_person/train/images/000000143182.jpg,../datasets/raw/coco_person/train/labels/000000143182.txt,coco_person,000000143182,train_pool,val
000000143756.jpg,../datasets/raw/coco_person/train/images/000000143756.jpg,../datasets/raw/coco_person/train/labels/000000143756.txt,coco_person,000000143756,train_pool,train
000000143811.jpg,../datasets/raw/coco_person/train/images/000000143811.jpg,../datasets/raw/coco_person/train/labels/000000143811.txt,coco_person,000000143811,train_pool,val
000000143992.jpg,../datasets/raw/coco_person/train/images/000000143992.jpg,../datasets/raw/coco_person/train/labels/000000143992.txt,coco_person,000000143992,train_pool,train
000000144022.jpg,../datasets/raw/coco_person/train/images/000000144022.jpg,../datasets/raw/coco_person/train/labels/000000144022.txt,coco_person,000000144022,train_pool,train
000000144522.jpg,../datasets/raw/coco_person/train/images/000000144522.jpg,../datasets/raw/coco_person/train/labels/000000144522.txt,coco_person,000000144522,train_pool,train
000000144620.jpg,../datasets/raw/coco_person/train/images/000000144620.jpg,../datasets/raw/coco_person/train/labels/000000144620.txt,coco_person,000000144620,train_pool,train
000000144715.jpg,../datasets/raw/coco_person/train/images/000000144715.jpg,../datasets/raw/coco_person/train/labels/000000144715.txt,coco_person,000000144715,train_pool,train
000000145139.jpg,../datasets/raw/coco_person/train/images/000000145139.jpg,../datasets/raw/coco_person/train/labels/000000145139.txt,coco_person,000000145139,train_pool,train
000000145212.jpg,../datasets/raw/coco_person/train/images/000000145212.jpg,../datasets/raw/coco_person/train/labels/000000145212.txt,coco_person,000000145212,train_pool,train
000000145447.jpg,../datasets/raw/coco_person/train/images/000000145447.jpg,../datasets/raw/coco_person/train/labels/000000145447.txt,coco_person,000000145447,train_pool,train
000000145551.jpg,../datasets/raw/coco_person/train/images/000000145551.jpg,../datasets/raw/coco_person/train/labels/000000145551.txt,coco_person,000000145551,train_pool,train
000000145637.jpg,../datasets/raw/coco_person/train/images/000000145637.jpg,../datasets/raw/coco_person/train/labels/000000145637.txt,coco_person,000000145637,train_pool,train
000000146015.jpg,../datasets/raw/coco_person/train/images/000000146015.jpg,../datasets/raw/coco_person/train/labels/000000146015.txt,coco_person,000000146015,train_pool,train
000000147294.jpg,../datasets/raw/coco_person/train/images/000000147294.jpg,../datasets/raw/coco_person/train/labels/000000147294.txt,coco_person,000000147294,train_pool,train
000000147569.jpg,../datasets/raw/coco_person/train/images/000000147569.jpg,../datasets/raw/coco_person/train/labels/000000147569.txt,coco_person,000000147569,train_pool,train
000000147574.jpg,../datasets/raw/coco_person/train/images/000000147574.jpg,../datasets/raw/coco_person/train/labels/000000147574.txt,coco_person,000000147574,train_pool,train
000000147829.jpg,../datasets/raw/coco_person/train/images/000000147829.jpg,../datasets/raw/coco_person/train/labels/000000147829.txt,coco_person,000000147829,train_pool,val
000000147980.jpg,../datasets/raw/coco_person/train/images/000000147980.jpg,../datasets/raw/coco_person/train/labels/000000147980.txt,coco_person,000000147980,train_pool,train
000000148122.jpg,../datasets/raw/coco_person/train/images/000000148122.jpg,../datasets/raw/coco_person/train/labels/000000148122.txt,coco_person,000000148122,train_pool,train
000000148128.jpg,../datasets/raw/coco_person/train/images/000000148128.jpg,../datasets/raw/coco_person/train/labels/000000148128.txt,coco_person,000000148128,train_pool,train
000000148144.jpg,../datasets/raw/coco_person/train/images/000000148144.jpg,../datasets/raw/coco_person/train/labels/000000148144.txt,coco_person,000000148144,train_pool,train
000000148217.jpg,../datasets/raw/coco_person/train/images/000000148217.jpg,../datasets/raw/coco_person/train/labels/000000148217.txt,coco_person,000000148217,train_pool,train
000000148810.jpg,../datasets/raw/coco_person/train/images/000000148810.jpg,../datasets/raw/coco_person/train/labels/000000148810.txt,coco_person,000000148810,train_pool,train
000000148860.jpg,../datasets/raw/coco_person/train/images/000000148860.jpg,../datasets/raw/coco_person/train/labels/000000148860.txt,coco_person,000000148860,train_pool,train
000000148898.jpg,../datasets/raw/coco_person/train/images/000000148898.jpg,../datasets/raw/coco_person/train/labels/000000148898.txt,coco_person,000000148898,train_pool,train
000000149115.jpg,../datasets/raw/coco_person/train/images/000000149115.jpg,../datasets/raw/coco_person/train/labels/000000149115.txt,coco_person,000000149115,train_pool,train
000000149221.jpg,../datasets/raw/coco_person/train/images/000000149221.jpg,../datasets/raw/coco_person/train/labels/000000149221.txt,coco_person,000000149221,train_pool,train
000000149467.jpg,../datasets/raw/coco_person/train/images/000000149467.jpg,../datasets/raw/coco_person/train/labels/000000149467.txt,coco_person,000000149467,train_pool,train
000000149571.jpg,../datasets/raw/coco_person/train/images/000000149571.jpg,../datasets/raw/coco_person/train/labels/000000149571.txt,coco_person,000000149571,train_pool,train
000000149572.jpg,../datasets/raw/coco_person/train/images/000000149572.jpg,../datasets/raw/coco_person/train/labels/000000149572.txt,coco_person,000000149572,train_pool,train
000000149961.jpg,../datasets/raw/coco_person/train/images/000000149961.jpg,../datasets/raw/coco_person/train/labels/000000149961.txt,coco_person,000000149961,train_pool,train
000000150292.jpg,../datasets/raw/coco_person/train/images/000000150292.jpg,../datasets/raw/coco_person/train/labels/000000150292.txt,coco_person,000000150292,train_pool,train
000000150361.jpg,../datasets/raw/coco_person/train/images/000000150361.jpg,../datasets/raw/coco_person/train/labels/000000150361.txt,coco_person,000000150361,train_pool,train
000000150435.jpg,../datasets/raw/coco_person/train/images/000000150435.jpg,../datasets/raw/coco_person/train/labels/000000150435.txt,coco_person,000000150435,train_pool,train
000000150477.jpg,../datasets/raw/coco_person/train/images/000000150477.jpg,../datasets/raw/coco_person/train/labels/000000150477.txt,coco_person,000000150477,train_pool,train
000000150508.jpg,../datasets/raw/coco_person/train/images/000000150508.jpg,../datasets/raw/coco_person/train/labels/000000150508.txt,coco_person,000000150508,train_pool,train
000000150797.jpg,../datasets/raw/coco_person/train/images/000000150797.jpg,../datasets/raw/coco_person/train/labels/000000150797.txt,coco_person,000000150797,train_pool,train
000000150843.jpg,../datasets/raw/coco_person/train/images/000000150843.jpg,../datasets/raw/coco_person/train/labels/000000150843.txt,coco_person,000000150843,train_pool,train
000000150939.jpg,../datasets/raw/coco_person/train/images/000000150939.jpg,../datasets/raw/coco_person/train/labels/000000150939.txt,coco_person,000000150939,train_pool,train
000000150969.jpg,../datasets/raw/coco_person/train/images/000000150969.jpg,../datasets/raw/coco_person/train/labels/000000150969.txt,coco_person,000000150969,train_pool,train
000000151214.jpg,../datasets/raw/coco_person/train/images/000000151214.jpg,../datasets/raw/coco_person/train/labels/000000151214.txt,coco_person,000000151214,train_pool,train
000000151318.jpg,../datasets/raw/coco_person/train/images/000000151318.jpg,../datasets/raw/coco_person/train/labels/000000151318.txt,coco_person,000000151318,train_pool,train
000000151594.jpg,../datasets/raw/coco_person/train/images/000000151594.jpg,../datasets/raw/coco_person/train/labels/000000151594.txt,coco_person,000000151594,train_pool,train
000000151664.jpg,../datasets/raw/coco_person/train/images/000000151664.jpg,../datasets/raw/coco_person/train/labels/000000151664.txt,coco_person,000000151664,train_pool,train
000000151739.jpg,../datasets/raw/coco_person/train/images/000000151739.jpg,../datasets/raw/coco_person/train/labels/000000151739.txt,coco_person,000000151739,train_pool,train
000000152158.jpg,../datasets/raw/coco_person/train/images/000000152158.jpg,../datasets/raw/coco_person/train/labels/000000152158.txt,coco_person,000000152158,train_pool,train
000000152397.jpg,../datasets/raw/coco_person/train/images/000000152397.jpg,../datasets/raw/coco_person/train/labels/000000152397.txt,coco_person,000000152397,train_pool,val
000000152406.jpg,../datasets/raw/coco_person/train/images/000000152406.jpg,../datasets/raw/coco_person/train/labels/000000152406.txt,coco_person,000000152406,train_pool,train
000000152582.jpg,../datasets/raw/coco_person/train/images/000000152582.jpg,../datasets/raw/coco_person/train/labels/000000152582.txt,coco_person,000000152582,train_pool,train
000000152689.jpg,../datasets/raw/coco_person/train/images/000000152689.jpg,../datasets/raw/coco_person/train/labels/000000152689.txt,coco_person,000000152689,train_pool,train
000000153083.jpg,../datasets/raw/coco_person/train/images/000000153083.jpg,../datasets/raw/coco_person/train/labels/000000153083.txt,coco_person,000000153083,train_pool,train
000000153601.jpg,../datasets/raw/coco_person/train/images/000000153601.jpg,../datasets/raw/coco_person/train/labels/000000153601.txt,coco_person,000000153601,train_pool,train
000000153730.jpg,../datasets/raw/coco_person/train/images/000000153730.jpg,../datasets/raw/coco_person/train/labels/000000153730.txt,coco_person,000000153730,train_pool,train
000000153909.jpg,../datasets/raw/coco_person/train/images/000000153909.jpg,../datasets/raw/coco_person/train/labels/000000153909.txt,coco_person,000000153909,train_pool,train
000000153971.jpg,../datasets/raw/coco_person/train/images/000000153971.jpg,../datasets/raw/coco_person/train/labels/000000153971.txt,coco_person,000000153971,train_pool,train
000000154020.jpg,../datasets/raw/coco_person/train/images/000000154020.jpg,../datasets/raw/coco_person/train/labels/000000154020.txt,coco_person,000000154020,train_pool,train
000000154090.jpg,../datasets/raw/coco_person/train/images/000000154090.jpg,../datasets/raw/coco_person/train/labels/000000154090.txt,coco_person,000000154090,train_pool,val
000000154210.jpg,../datasets/raw/coco_person/train/images/000000154210.jpg,../datasets/raw/coco_person/train/labels/000000154210.txt,coco_person,000000154210,train_pool,train
000000154752.jpg,../datasets/raw/coco_person/train/images/000000154752.jpg,../datasets/raw/coco_person/train/labels/000000154752.txt,coco_person,000000154752,train_pool,train
000000154785.jpg,../datasets/raw/coco_person/train/images/000000154785.jpg,../datasets/raw/coco_person/train/labels/000000154785.txt,coco_person,000000154785,train_pool,train
000000155007.jpg,../datasets/raw/coco_person/train/images/000000155007.jpg,../datasets/raw/coco_person/train/labels/000000155007.txt,coco_person,000000155007,train_pool,train
000000155192.jpg,../datasets/raw/coco_person/train/images/000000155192.jpg,../datasets/raw/coco_person/train/labels/000000155192.txt,coco_person,000000155192,train_pool,train
000000155645.jpg,../datasets/raw/coco_person/train/images/000000155645.jpg,../datasets/raw/coco_person/train/labels/000000155645.txt,coco_person,000000155645,train_pool,val
000000155705.jpg,../datasets/raw/coco_person/train/images/000000155705.jpg,../datasets/raw/coco_person/train/labels/000000155705.txt,coco_person,000000155705,train_pool,train
000000155885.jpg,../datasets/raw/coco_person/train/images/000000155885.jpg,../datasets/raw/coco_person/train/labels/000000155885.txt,coco_person,000000155885,train_pool,train
000000156152.jpg,../datasets/raw/coco_person/train/images/000000156152.jpg,../datasets/raw/coco_person/train/labels/000000156152.txt,coco_person,000000156152,train_pool,train
000000156246.jpg,../datasets/raw/coco_person/train/images/000000156246.jpg,../datasets/raw/coco_person/train/labels/000000156246.txt,coco_person,000000156246,train_pool,train
000000156511.jpg,../datasets/raw/coco_person/train/images/000000156511.jpg,../datasets/raw/coco_person/train/labels/000000156511.txt,coco_person,000000156511,train_pool,train
000000156636.jpg,../datasets/raw/coco_person/train/images/000000156636.jpg,../datasets/raw/coco_person/train/labels/000000156636.txt,coco_person,000000156636,train_pool,train
000000156685.jpg,../datasets/raw/coco_person/train/images/000000156685.jpg,../datasets/raw/coco_person/train/labels/000000156685.txt,coco_person,000000156685,train_pool,train
000000156704.jpg,../datasets/raw/coco_person/train/images/000000156704.jpg,../datasets/raw/coco_person/train/labels/000000156704.txt,coco_person,000000156704,train_pool,train
000000156833.jpg,../datasets/raw/coco_person/train/images/000000156833.jpg,../datasets/raw/coco_person/train/labels/000000156833.txt,coco_person,000000156833,train_pool,train
000000156885.jpg,../datasets/raw/coco_person/train/images/000000156885.jpg,../datasets/raw/coco_person/train/labels/000000156885.txt,coco_person,000000156885,train_pool,train
000000157202.jpg,../datasets/raw/coco_person/train/images/000000157202.jpg,../datasets/raw/coco_person/train/labels/000000157202.txt,coco_person,000000157202,train_pool,train
000000157214.jpg,../datasets/raw/coco_person/train/images/000000157214.jpg,../datasets/raw/coco_person/train/labels/000000157214.txt,coco_person,000000157214,train_pool,train
000000157230.jpg,../datasets/raw/coco_person/train/images/000000157230.jpg,../datasets/raw/coco_person/train/labels/000000157230.txt,coco_person,000000157230,train_pool,train
000000157239.jpg,../datasets/raw/coco_person/train/images/000000157239.jpg,../datasets/raw/coco_person/train/labels/000000157239.txt,coco_person,000000157239,train_pool,train
000000157639.jpg,../datasets/raw/coco_person/train/images/000000157639.jpg,../datasets/raw/coco_person/train/labels/000000157639.txt,coco_person,000000157639,train_pool,train
000000157714.jpg,../datasets/raw/coco_person/train/images/000000157714.jpg,../datasets/raw/coco_person/train/labels/000000157714.txt,coco_person,000000157714,train_pool,train
000000158077.jpg,../datasets/raw/coco_person/train/images/000000158077.jpg,../datasets/raw/coco_person/train/labels/000000158077.txt,coco_person,000000158077,train_pool,val
000000158084.jpg,../datasets/raw/coco_person/train/images/000000158084.jpg,../datasets/raw/coco_person/train/labels/000000158084.txt,coco_person,000000158084,train_pool,val
000000158127.jpg,../datasets/raw/coco_person/train/images/000000158127.jpg,../datasets/raw/coco_person/train/labels/000000158127.txt,coco_person,000000158127,train_pool,train
000000158169.jpg,../datasets/raw/coco_person/train/images/000000158169.jpg,../datasets/raw/coco_person/train/labels/000000158169.txt,coco_person,000000158169,train_pool,train
000000158582.jpg,../datasets/raw/coco_person/train/images/000000158582.jpg,../datasets/raw/coco_person/train/labels/000000158582.txt,coco_person,000000158582,train_pool,train
000000158607.jpg,../datasets/raw/coco_person/train/images/000000158607.jpg,../datasets/raw/coco_person/train/labels/000000158607.txt,coco_person,000000158607,train_pool,train
000000158823.jpg,../datasets/raw/coco_person/train/images/000000158823.jpg,../datasets/raw/coco_person/train/labels/000000158823.txt,coco_person,000000158823,train_pool,train
000000158915.jpg,../datasets/raw/coco_person/train/images/000000158915.jpg,../datasets/raw/coco_person/train/labels/000000158915.txt,coco_person,000000158915,train_pool,train
000000159044.jpg,../datasets/raw/coco_person/train/images/000000159044.jpg,../datasets/raw/coco_person/train/labels/000000159044.txt,coco_person,000000159044,train_pool,train
000000159346.jpg,../datasets/raw/coco_person/train/images/000000159346.jpg,../datasets/raw/coco_person/train/labels/000000159346.txt,coco_person,000000159346,train_pool,train
000000159609.jpg,../datasets/raw/coco_person/train/images/000000159609.jpg,../datasets/raw/coco_person/train/labels/000000159609.txt,coco_person,000000159609,train_pool,train
000000159929.jpg,../datasets/raw/coco_person/train/images/000000159929.jpg,../datasets/raw/coco_person/train/labels/000000159929.txt,coco_person,000000159929,train_pool,train
000000160290.jpg,../datasets/raw/coco_person/train/images/000000160290.jpg,../datasets/raw/coco_person/train/labels/000000160290.txt,coco_person,000000160290,train_pool,train
000000160407.jpg,../datasets/raw/coco_person/train/images/000000160407.jpg,../datasets/raw/coco_person/train/labels/000000160407.txt,coco_person,000000160407,train_pool,train
000000160501.jpg,../datasets/raw/coco_person/train/images/000000160501.jpg,../datasets/raw/coco_person/train/labels/000000160501.txt,coco_person,000000160501,train_pool,train
000000160573.jpg,../datasets/raw/coco_person/train/images/000000160573.jpg,../datasets/raw/coco_person/train/labels/000000160573.txt,coco_person,000000160573,train_pool,train
000000161071.jpg,../datasets/raw/coco_person/train/images/000000161071.jpg,../datasets/raw/coco_person/train/labels/000000161071.txt,coco_person,000000161071,train_pool,train
000000161112.jpg,../datasets/raw/coco_person/train/images/000000161112.jpg,../datasets/raw/coco_person/train/labels/000000161112.txt,coco_person,000000161112,train_pool,train
000000161228.jpg,../datasets/raw/coco_person/train/images/000000161228.jpg,../datasets/raw/coco_person/train/labels/000000161228.txt,coco_person,000000161228,train_pool,train
000000161231.jpg,../datasets/raw/coco_person/train/images/000000161231.jpg,../datasets/raw/coco_person/train/labels/000000161231.txt,coco_person,000000161231,train_pool,train
000000161337.jpg,../datasets/raw/coco_person/train/images/000000161337.jpg,../datasets/raw/coco_person/train/labels/000000161337.txt,coco_person,000000161337,train_pool,train
000000161451.jpg,../datasets/raw/coco_person/train/images/000000161451.jpg,../datasets/raw/coco_person/train/labels/000000161451.txt,coco_person,000000161451,train_pool,train
000000161546.jpg,../datasets/raw/coco_person/train/images/000000161546.jpg,../datasets/raw/coco_person/train/labels/000000161546.txt,coco_person,000000161546,train_pool,train
000000161595.jpg,../datasets/raw/coco_person/train/images/000000161595.jpg,../datasets/raw/coco_person/train/labels/000000161595.txt,coco_person,000000161595,train_pool,train
000000161603.jpg,../datasets/raw/coco_person/train/images/000000161603.jpg,../datasets/raw/coco_person/train/labels/000000161603.txt,coco_person,000000161603,train_pool,train
000000161856.jpg,../datasets/raw/coco_person/train/images/000000161856.jpg,../datasets/raw/coco_person/train/labels/000000161856.txt,coco_person,000000161856,train_pool,train
000000162083.jpg,../datasets/raw/coco_person/train/images/000000162083.jpg,../datasets/raw/coco_person/train/labels/000000162083.txt,coco_person,000000162083,train_pool,train
000000162087.jpg,../datasets/raw/coco_person/train/images/000000162087.jpg,../datasets/raw/coco_person/train/labels/000000162087.txt,coco_person,000000162087,train_pool,train
000000162109.jpg,../datasets/raw/coco_person/train/images/000000162109.jpg,../datasets/raw/coco_person/train/labels/000000162109.txt,coco_person,000000162109,train_pool,train
000000162282.jpg,../datasets/raw/coco_person/train/images/000000162282.jpg,../datasets/raw/coco_person/train/labels/000000162282.txt,coco_person,000000162282,train_pool,train
000000162445.jpg,../datasets/raw/coco_person/train/images/000000162445.jpg,../datasets/raw/coco_person/train/labels/000000162445.txt,coco_person,000000162445,train_pool,train
000000162752.jpg,../datasets/raw/coco_person/train/images/000000162752.jpg,../datasets/raw/coco_person/train/labels/000000162752.txt,coco_person,000000162752,train_pool,val
000000162770.jpg,../datasets/raw/coco_person/train/images/000000162770.jpg,../datasets/raw/coco_person/train/labels/000000162770.txt,coco_person,000000162770,train_pool,train
000000163033.jpg,../datasets/raw/coco_person/train/images/000000163033.jpg,../datasets/raw/coco_person/train/labels/000000163033.txt,coco_person,000000163033,train_pool,train
000000163114.jpg,../datasets/raw/coco_person/train/images/000000163114.jpg,../datasets/raw/coco_person/train/labels/000000163114.txt,coco_person,000000163114,train_pool,train
000000163139.jpg,../datasets/raw/coco_person/train/images/000000163139.jpg,../datasets/raw/coco_person/train/labels/000000163139.txt,coco_person,000000163139,train_pool,train
000000163255.jpg,../datasets/raw/coco_person/train/images/000000163255.jpg,../datasets/raw/coco_person/train/labels/000000163255.txt,coco_person,000000163255,train_pool,train
000000163331.jpg,../datasets/raw/coco_person/train/images/000000163331.jpg,../datasets/raw/coco_person/train/labels/000000163331.txt,coco_person,000000163331,train_pool,train
000000163506.jpg,../datasets/raw/coco_person/train/images/000000163506.jpg,../datasets/raw/coco_person/train/labels/000000163506.txt,coco_person,000000163506,train_pool,train
000000164100.jpg,../datasets/raw/coco_person/train/images/000000164100.jpg,../datasets/raw/coco_person/train/labels/000000164100.txt,coco_person,000000164100,train_pool,train
000000164102.jpg,../datasets/raw/coco_person/train/images/000000164102.jpg,../datasets/raw/coco_person/train/labels/000000164102.txt,coco_person,000000164102,train_pool,train
000000164249.jpg,../datasets/raw/coco_person/train/images/000000164249.jpg,../datasets/raw/coco_person/train/labels/000000164249.txt,coco_person,000000164249,train_pool,val
000000164389.jpg,../datasets/raw/coco_person/train/images/000000164389.jpg,../datasets/raw/coco_person/train/labels/000000164389.txt,coco_person,000000164389,train_pool,train
000000164783.jpg,../datasets/raw/coco_person/train/images/000000164783.jpg,../datasets/raw/coco_person/train/labels/000000164783.txt,coco_person,000000164783,train_pool,train
000000164908.jpg,../datasets/raw/coco_person/train/images/000000164908.jpg,../datasets/raw/coco_person/train/labels/000000164908.txt,coco_person,000000164908,train_pool,train
000000165157.jpg,../datasets/raw/coco_person/train/images/000000165157.jpg,../datasets/raw/coco_person/train/labels/000000165157.txt,coco_person,000000165157,train_pool,train
000000165248.jpg,../datasets/raw/coco_person/train/images/000000165248.jpg,../datasets/raw/coco_person/train/labels/000000165248.txt,coco_person,000000165248,train_pool,train
000000165253.jpg,../datasets/raw/coco_person/train/images/000000165253.jpg,../datasets/raw/coco_person/train/labels/000000165253.txt,coco_person,000000165253,train_pool,train
000000165334.jpg,../datasets/raw/coco_person/train/images/000000165334.jpg,../datasets/raw/coco_person/train/labels/000000165334.txt,coco_person,000000165334,train_pool,train
000000165464.jpg,../datasets/raw/coco_person/train/images/000000165464.jpg,../datasets/raw/coco_person/train/labels/000000165464.txt,coco_person,000000165464,train_pool,train
000000165488.jpg,../datasets/raw/coco_person/train/images/000000165488.jpg,../datasets/raw/coco_person/train/labels/000000165488.txt,coco_person,000000165488,train_pool,train
000000166067.jpg,../datasets/raw/coco_person/train/images/000000166067.jpg,../datasets/raw/coco_person/train/labels/000000166067.txt,coco_person,000000166067,train_pool,train
000000166120.jpg,../datasets/raw/coco_person/train/images/000000166120.jpg,../datasets/raw/coco_person/train/labels/000000166120.txt,coco_person,000000166120,train_pool,train
000000166261.jpg,../datasets/raw/coco_person/train/images/000000166261.jpg,../datasets/raw/coco_person/train/labels/000000166261.txt,coco_person,000000166261,train_pool,train
000000166291.jpg,../datasets/raw/coco_person/train/images/000000166291.jpg,../datasets/raw/coco_person/train/labels/000000166291.txt,coco_person,000000166291,train_pool,train
000000166477.jpg,../datasets/raw/coco_person/train/images/000000166477.jpg,../datasets/raw/coco_person/train/labels/000000166477.txt,coco_person,000000166477,train_pool,train
000000166503.jpg,../datasets/raw/coco_person/train/images/000000166503.jpg,../datasets/raw/coco_person/train/labels/000000166503.txt,coco_person,000000166503,train_pool,train
000000166506.jpg,../datasets/raw/coco_person/train/images/000000166506.jpg,../datasets/raw/coco_person/train/labels/000000166506.txt,coco_person,000000166506,train_pool,train
000000166592.jpg,../datasets/raw/coco_person/train/images/000000166592.jpg,../datasets/raw/coco_person/train/labels/000000166592.txt,coco_person,000000166592,train_pool,train
000000166713.jpg,../datasets/raw/coco_person/train/images/000000166713.jpg,../datasets/raw/coco_person/train/labels/000000166713.txt,coco_person,000000166713,train_pool,train
000000166764.jpg,../datasets/raw/coco_person/train/images/000000166764.jpg,../datasets/raw/coco_person/train/labels/000000166764.txt,coco_person,000000166764,train_pool,train
000000166813.jpg,../datasets/raw/coco_person/train/images/000000166813.jpg,../datasets/raw/coco_person/train/labels/000000166813.txt,coco_person,000000166813,train_pool,train
000000166874.jpg,../datasets/raw/coco_person/train/images/000000166874.jpg,../datasets/raw/coco_person/train/labels/000000166874.txt,coco_person,000000166874,train_pool,train
000000167062.jpg,../datasets/raw/coco_person/train/images/000000167062.jpg,../datasets/raw/coco_person/train/labels/000000167062.txt,coco_person,000000167062,train_pool,train
000000167456.jpg,../datasets/raw/coco_person/train/images/000000167456.jpg,../datasets/raw/coco_person/train/labels/000000167456.txt,coco_person,000000167456,train_pool,train
000000167490.jpg,../datasets/raw/coco_person/train/images/000000167490.jpg,../datasets/raw/coco_person/train/labels/000000167490.txt,coco_person,000000167490,train_pool,train
000000167725.jpg,../datasets/raw/coco_person/train/images/000000167725.jpg,../datasets/raw/coco_person/train/labels/000000167725.txt,coco_person,000000167725,train_pool,val
000000167913.jpg,../datasets/raw/coco_person/train/images/000000167913.jpg,../datasets/raw/coco_person/train/labels/000000167913.txt,coco_person,000000167913,train_pool,train
000000167996.jpg,../datasets/raw/coco_person/train/images/000000167996.jpg,../datasets/raw/coco_person/train/labels/000000167996.txt,coco_person,000000167996,train_pool,train
000000168259.jpg,../datasets/raw/coco_person/train/images/000000168259.jpg,../datasets/raw/coco_person/train/labels/000000168259.txt,coco_person,000000168259,train_pool,train
000000168282.jpg,../datasets/raw/coco_person/train/images/000000168282.jpg,../datasets/raw/coco_person/train/labels/000000168282.txt,coco_person,000000168282,train_pool,train
000000168294.jpg,../datasets/raw/coco_person/train/images/000000168294.jpg,../datasets/raw/coco_person/train/labels/000000168294.txt,coco_person,000000168294,train_pool,train
000000168316.jpg,../datasets/raw/coco_person/train/images/000000168316.jpg,../datasets/raw/coco_person/train/labels/000000168316.txt,coco_person,000000168316,train_pool,train
000000168335.jpg,../datasets/raw/coco_person/train/images/000000168335.jpg,../datasets/raw/coco_person/train/labels/000000168335.txt,coco_person,000000168335,train_pool,train
000000168506.jpg,../datasets/raw/coco_person/train/images/000000168506.jpg,../datasets/raw/coco_person/train/labels/000000168506.txt,coco_person,000000168506,train_pool,train
000000168573.jpg,../datasets/raw/coco_person/train/images/000000168573.jpg,../datasets/raw/coco_person/train/labels/000000168573.txt,coco_person,000000168573,train_pool,train
000000168617.jpg,../datasets/raw/coco_person/train/images/000000168617.jpg,../datasets/raw/coco_person/train/labels/000000168617.txt,coco_person,000000168617,train_pool,train
000000168657.jpg,../datasets/raw/coco_person/train/images/000000168657.jpg,../datasets/raw/coco_person/train/labels/000000168657.txt,coco_person,000000168657,train_pool,train
000000168662.jpg,../datasets/raw/coco_person/train/images/000000168662.jpg,../datasets/raw/coco_person/train/labels/000000168662.txt,coco_person,000000168662,train_pool,train
000000168714.jpg,../datasets/raw/coco_person/train/images/000000168714.jpg,../datasets/raw/coco_person/train/labels/000000168714.txt,coco_person,000000168714,train_pool,train
000000169192.jpg,../datasets/raw/coco_person/train/images/000000169192.jpg,../datasets/raw/coco_person/train/labels/000000169192.txt,coco_person,000000169192,train_pool,train
000000169270.jpg,../datasets/raw/coco_person/train/images/000000169270.jpg,../datasets/raw/coco_person/train/labels/000000169270.txt,coco_person,000000169270,train_pool,train
000000169499.jpg,../datasets/raw/coco_person/train/images/000000169499.jpg,../datasets/raw/coco_person/train/labels/000000169499.txt,coco_person,000000169499,train_pool,train
000000169510.jpg,../datasets/raw/coco_person/train/images/000000169510.jpg,../datasets/raw/coco_person/train/labels/000000169510.txt,coco_person,000000169510,train_pool,train
000000169573.jpg,../datasets/raw/coco_person/train/images/000000169573.jpg,../datasets/raw/coco_person/train/labels/000000169573.txt,coco_person,000000169573,train_pool,train
000000169633.jpg,../datasets/raw/coco_person/train/images/000000169633.jpg,../datasets/raw/coco_person/train/labels/000000169633.txt,coco_person,000000169633,train_pool,train
000000169972.jpg,../datasets/raw/coco_person/train/images/000000169972.jpg,../datasets/raw/coco_person/train/labels/000000169972.txt,coco_person,000000169972,train_pool,train
000000170077.jpg,../datasets/raw/coco_person/train/images/000000170077.jpg,../datasets/raw/coco_person/train/labels/000000170077.txt,coco_person,000000170077,train_pool,val
000000170130.jpg,../datasets/raw/coco_person/train/images/000000170130.jpg,../datasets/raw/coco_person/train/labels/000000170130.txt,coco_person,000000170130,train_pool,train
000000170227.jpg,../datasets/raw/coco_person/train/images/000000170227.jpg,../datasets/raw/coco_person/train/labels/000000170227.txt,coco_person,000000170227,train_pool,train
000000170273.jpg,../datasets/raw/coco_person/train/images/000000170273.jpg,../datasets/raw/coco_person/train/labels/000000170273.txt,coco_person,000000170273,train_pool,train
000000170390.jpg,../datasets/raw/coco_person/train/images/000000170390.jpg,../datasets/raw/coco_person/train/labels/000000170390.txt,coco_person,000000170390,train_pool,train
000000170485.jpg,../datasets/raw/coco_person/train/images/000000170485.jpg,../datasets/raw/coco_person/train/labels/000000170485.txt,coco_person,000000170485,train_pool,train
000000171063.jpg,../datasets/raw/coco_person/train/images/000000171063.jpg,../datasets/raw/coco_person/train/labels/000000171063.txt,coco_person,000000171063,train_pool,train
000000171105.jpg,../datasets/raw/coco_person/train/images/000000171105.jpg,../datasets/raw/coco_person/train/labels/000000171105.txt,coco_person,000000171105,train_pool,train
000000171422.jpg,../datasets/raw/coco_person/train/images/000000171422.jpg,../datasets/raw/coco_person/train/labels/000000171422.txt,coco_person,000000171422,train_pool,val
000000172087.jpg,../datasets/raw/coco_person/train/images/000000172087.jpg,../datasets/raw/coco_person/train/labels/000000172087.txt,coco_person,000000172087,train_pool,train
000000172091.jpg,../datasets/raw/coco_person/train/images/000000172091.jpg,../datasets/raw/coco_person/train/labels/000000172091.txt,coco_person,000000172091,train_pool,train
000000172176.jpg,../datasets/raw/coco_person/train/images/000000172176.jpg,../datasets/raw/coco_person/train/labels/000000172176.txt,coco_person,000000172176,train_pool,train
000000172279.jpg,../datasets/raw/coco_person/train/images/000000172279.jpg,../datasets/raw/coco_person/train/labels/000000172279.txt,coco_person,000000172279,train_pool,val
000000172425.jpg,../datasets/raw/coco_person/train/images/000000172425.jpg,../datasets/raw/coco_person/train/labels/000000172425.txt,coco_person,000000172425,train_pool,train
000000172553.jpg,../datasets/raw/coco_person/train/images/000000172553.jpg,../datasets/raw/coco_person/train/labels/000000172553.txt,coco_person,000000172553,train_pool,train
000000172900.jpg,../datasets/raw/coco_person/train/images/000000172900.jpg,../datasets/raw/coco_person/train/labels/000000172900.txt,coco_person,000000172900,train_pool,train
000000172901.jpg,../datasets/raw/coco_person/train/images/000000172901.jpg,../datasets/raw/coco_person/train/labels/000000172901.txt,coco_person,000000172901,train_pool,train
000000173053.jpg,../datasets/raw/coco_person/train/images/000000173053.jpg,../datasets/raw/coco_person/train/labels/000000173053.txt,coco_person,000000173053,train_pool,train
000000173157.jpg,../datasets/raw/coco_person/train/images/000000173157.jpg,../datasets/raw/coco_person/train/labels/000000173157.txt,coco_person,000000173157,train_pool,train
000000173284.jpg,../datasets/raw/coco_person/train/images/000000173284.jpg,../datasets/raw/coco_person/train/labels/000000173284.txt,coco_person,000000173284,train_pool,train
000000173367.jpg,../datasets/raw/coco_person/train/images/000000173367.jpg,../datasets/raw/coco_person/train/labels/000000173367.txt,coco_person,000000173367,train_pool,train
000000173392.jpg,../datasets/raw/coco_person/train/images/000000173392.jpg,../datasets/raw/coco_person/train/labels/000000173392.txt,coco_person,000000173392,train_pool,train
000000173776.jpg,../datasets/raw/coco_person/train/images/000000173776.jpg,../datasets/raw/coco_person/train/labels/000000173776.txt,coco_person,000000173776,train_pool,train
000000173908.jpg,../datasets/raw/coco_person/train/images/000000173908.jpg,../datasets/raw/coco_person/train/labels/000000173908.txt,coco_person,000000173908,train_pool,train
000000174030.jpg,../datasets/raw/coco_person/train/images/000000174030.jpg,../datasets/raw/coco_person/train/labels/000000174030.txt,coco_person,000000174030,train_pool,train
000000174071.jpg,../datasets/raw/coco_person/train/images/000000174071.jpg,../datasets/raw/coco_person/train/labels/000000174071.txt,coco_person,000000174071,train_pool,train
000000174129.jpg,../datasets/raw/coco_person/train/images/000000174129.jpg,../datasets/raw/coco_person/train/labels/000000174129.txt,coco_person,000000174129,train_pool,train
000000174313.jpg,../datasets/raw/coco_person/train/images/000000174313.jpg,../datasets/raw/coco_person/train/labels/000000174313.txt,coco_person,000000174313,train_pool,train
000000174354.jpg,../datasets/raw/coco_person/train/images/000000174354.jpg,../datasets/raw/coco_person/train/labels/000000174354.txt,coco_person,000000174354,train_pool,train
000000174574.jpg,../datasets/raw/coco_person/train/images/000000174574.jpg,../datasets/raw/coco_person/train/labels/000000174574.txt,coco_person,000000174574,train_pool,train
000000174603.jpg,../datasets/raw/coco_person/train/images/000000174603.jpg,../datasets/raw/coco_person/train/labels/000000174603.txt,coco_person,000000174603,train_pool,train
000000174671.jpg,../datasets/raw/coco_person/train/images/000000174671.jpg,../datasets/raw/coco_person/train/labels/000000174671.txt,coco_person,000000174671,train_pool,val
000000174677.jpg,../datasets/raw/coco_person/train/images/000000174677.jpg,../datasets/raw/coco_person/train/labels/000000174677.txt,coco_person,000000174677,train_pool,train
000000174705.jpg,../datasets/raw/coco_person/train/images/000000174705.jpg,../datasets/raw/coco_person/train/labels/000000174705.txt,coco_person,000000174705,train_pool,val
000000174876.jpg,../datasets/raw/coco_person/train/images/000000174876.jpg,../datasets/raw/coco_person/train/labels/000000174876.txt,coco_person,000000174876,train_pool,train
000000174888.jpg,../datasets/raw/coco_person/train/images/000000174888.jpg,../datasets/raw/coco_person/train/labels/000000174888.txt,coco_person,000000174888,train_pool,train
000000175111.jpg,../datasets/raw/coco_person/train/images/000000175111.jpg,../datasets/raw/coco_person/train/labels/000000175111.txt,coco_person,000000175111,train_pool,val
000000175284.jpg,../datasets/raw/coco_person/train/images/000000175284.jpg,../datasets/raw/coco_person/train/labels/000000175284.txt,coco_person,000000175284,train_pool,train
000000175506.jpg,../datasets/raw/coco_person/train/images/000000175506.jpg,../datasets/raw/coco_person/train/labels/000000175506.txt,coco_person,000000175506,train_pool,train
000000175546.jpg,../datasets/raw/coco_person/train/images/000000175546.jpg,../datasets/raw/coco_person/train/labels/000000175546.txt,coco_person,000000175546,train_pool,train
000000175651.jpg,../datasets/raw/coco_person/train/images/000000175651.jpg,../datasets/raw/coco_person/train/labels/000000175651.txt,coco_person,000000175651,train_pool,train
000000175703.jpg,../datasets/raw/coco_person/train/images/000000175703.jpg,../datasets/raw/coco_person/train/labels/000000175703.txt,coco_person,000000175703,train_pool,val
000000176038.jpg,../datasets/raw/coco_person/train/images/000000176038.jpg,../datasets/raw/coco_person/train/labels/000000176038.txt,coco_person,000000176038,train_pool,train
000000176195.jpg,../datasets/raw/coco_person/train/images/000000176195.jpg,../datasets/raw/coco_person/train/labels/000000176195.txt,coco_person,000000176195,train_pool,train
000000176300.jpg,../datasets/raw/coco_person/train/images/000000176300.jpg,../datasets/raw/coco_person/train/labels/000000176300.txt,coco_person,000000176300,train_pool,train
000000176324.jpg,../datasets/raw/coco_person/train/images/000000176324.jpg,../datasets/raw/coco_person/train/labels/000000176324.txt,coco_person,000000176324,train_pool,train
000000176385.jpg,../datasets/raw/coco_person/train/images/000000176385.jpg,../datasets/raw/coco_person/train/labels/000000176385.txt,coco_person,000000176385,train_pool,train
000000176481.jpg,../datasets/raw/coco_person/train/images/000000176481.jpg,../datasets/raw/coco_person/train/labels/000000176481.txt,coco_person,000000176481,train_pool,train
000000176495.jpg,../datasets/raw/coco_person/train/images/000000176495.jpg,../datasets/raw/coco_person/train/labels/000000176495.txt,coco_person,000000176495,train_pool,train
000000176588.jpg,../datasets/raw/coco_person/train/images/000000176588.jpg,../datasets/raw/coco_person/train/labels/000000176588.txt,coco_person,000000176588,train_pool,train
000000176621.jpg,../datasets/raw/coco_person/train/images/000000176621.jpg,../datasets/raw/coco_person/train/labels/000000176621.txt,coco_person,000000176621,train_pool,train
000000176726.jpg,../datasets/raw/coco_person/train/images/000000176726.jpg,../datasets/raw/coco_person/train/labels/000000176726.txt,coco_person,000000176726,train_pool,train
000000177115.jpg,../datasets/raw/coco_person/train/images/000000177115.jpg,../datasets/raw/coco_person/train/labels/000000177115.txt,coco_person,000000177115,train_pool,train
000000177143.jpg,../datasets/raw/coco_person/train/images/000000177143.jpg,../datasets/raw/coco_person/train/labels/000000177143.txt,coco_person,000000177143,train_pool,train
000000177367.jpg,../datasets/raw/coco_person/train/images/000000177367.jpg,../datasets/raw/coco_person/train/labels/000000177367.txt,coco_person,000000177367,train_pool,train
000000177658.jpg,../datasets/raw/coco_person/train/images/000000177658.jpg,../datasets/raw/coco_person/train/labels/000000177658.txt,coco_person,000000177658,train_pool,train
000000177758.jpg,../datasets/raw/coco_person/train/images/000000177758.jpg,../datasets/raw/coco_person/train/labels/000000177758.txt,coco_person,000000177758,train_pool,train
000000177775.jpg,../datasets/raw/coco_person/train/images/000000177775.jpg,../datasets/raw/coco_person/train/labels/000000177775.txt,coco_person,000000177775,train_pool,val
000000177818.jpg,../datasets/raw/coco_person/train/images/000000177818.jpg,../datasets/raw/coco_person/train/labels/000000177818.txt,coco_person,000000177818,train_pool,train
000000177947.jpg,../datasets/raw/coco_person/train/images/000000177947.jpg,../datasets/raw/coco_person/train/labels/000000177947.txt,coco_person,000000177947,train_pool,train
000000178025.jpg,../datasets/raw/coco_person/train/images/000000178025.jpg,../datasets/raw/coco_person/train/labels/000000178025.txt,coco_person,000000178025,train_pool,train
000000178052.jpg,../datasets/raw/coco_person/train/images/000000178052.jpg,../datasets/raw/coco_person/train/labels/000000178052.txt,coco_person,000000178052,train_pool,val
000000178171.jpg,../datasets/raw/coco_person/train/images/000000178171.jpg,../datasets/raw/coco_person/train/labels/000000178171.txt,coco_person,000000178171,train_pool,val
000000178337.jpg,../datasets/raw/coco_person/train/images/000000178337.jpg,../datasets/raw/coco_person/train/labels/000000178337.txt,coco_person,000000178337,train_pool,train
000000178407.jpg,../datasets/raw/coco_person/train/images/000000178407.jpg,../datasets/raw/coco_person/train/labels/000000178407.txt,coco_person,000000178407,train_pool,val
000000178421.jpg,../datasets/raw/coco_person/train/images/000000178421.jpg,../datasets/raw/coco_person/train/labels/000000178421.txt,coco_person,000000178421,train_pool,train
000000178635.jpg,../datasets/raw/coco_person/train/images/000000178635.jpg,../datasets/raw/coco_person/train/labels/000000178635.txt,coco_person,000000178635,train_pool,train
000000179229.jpg,../datasets/raw/coco_person/train/images/000000179229.jpg,../datasets/raw/coco_person/train/labels/000000179229.txt,coco_person,000000179229,train_pool,val
000000179302.jpg,../datasets/raw/coco_person/train/images/000000179302.jpg,../datasets/raw/coco_person/train/labels/000000179302.txt,coco_person,000000179302,train_pool,train
000000179480.jpg,../datasets/raw/coco_person/train/images/000000179480.jpg,../datasets/raw/coco_person/train/labels/000000179480.txt,coco_person,000000179480,train_pool,train
000000179633.jpg,../datasets/raw/coco_person/train/images/000000179633.jpg,../datasets/raw/coco_person/train/labels/000000179633.txt,coco_person,000000179633,train_pool,val
000000179753.jpg,../datasets/raw/coco_person/train/images/000000179753.jpg,../datasets/raw/coco_person/train/labels/000000179753.txt,coco_person,000000179753,train_pool,train
000000179875.jpg,../datasets/raw/coco_person/train/images/000000179875.jpg,../datasets/raw/coco_person/train/labels/000000179875.txt,coco_person,000000179875,train_pool,val
000000179886.jpg,../datasets/raw/coco_person/train/images/000000179886.jpg,../datasets/raw/coco_person/train/labels/000000179886.txt,coco_person,000000179886,train_pool,train
000000179932.jpg,../datasets/raw/coco_person/train/images/000000179932.jpg,../datasets/raw/coco_person/train/labels/000000179932.txt,coco_person,000000179932,train_pool,train
000000179968.jpg,../datasets/raw/coco_person/train/images/000000179968.jpg,../datasets/raw/coco_person/train/labels/000000179968.txt,coco_person,000000179968,train_pool,train
000000179969.jpg,../datasets/raw/coco_person/train/images/000000179969.jpg,../datasets/raw/coco_person/train/labels/000000179969.txt,coco_person,000000179969,train_pool,train
000000180341.jpg,../datasets/raw/coco_person/train/images/000000180341.jpg,../datasets/raw/coco_person/train/labels/000000180341.txt,coco_person,000000180341,train_pool,train
000000180510.jpg,../datasets/raw/coco_person/train/images/000000180510.jpg,../datasets/raw/coco_person/train/labels/000000180510.txt,coco_person,000000180510,train_pool,train
000000180739.jpg,../datasets/raw/coco_person/train/images/000000180739.jpg,../datasets/raw/coco_person/train/labels/000000180739.txt,coco_person,000000180739,train_pool,train
000000180941.jpg,../datasets/raw/coco_person/train/images/000000180941.jpg,../datasets/raw/coco_person/train/labels/000000180941.txt,coco_person,000000180941,train_pool,train
000000181173.jpg,../datasets/raw/coco_person/train/images/000000181173.jpg,../datasets/raw/coco_person/train/labels/000000181173.txt,coco_person,000000181173,train_pool,train
000000181316.jpg,../datasets/raw/coco_person/train/images/000000181316.jpg,../datasets/raw/coco_person/train/labels/000000181316.txt,coco_person,000000181316,train_pool,train
000000181367.jpg,../datasets/raw/coco_person/train/images/000000181367.jpg,../datasets/raw/coco_person/train/labels/000000181367.txt,coco_person,000000181367,train_pool,train
000000181403.jpg,../datasets/raw/coco_person/train/images/000000181403.jpg,../datasets/raw/coco_person/train/labels/000000181403.txt,coco_person,000000181403,train_pool,train
000000181489.jpg,../datasets/raw/coco_person/train/images/000000181489.jpg,../datasets/raw/coco_person/train/labels/000000181489.txt,coco_person,000000181489,train_pool,train
000000181509.jpg,../datasets/raw/coco_person/train/images/000000181509.jpg,../datasets/raw/coco_person/train/labels/000000181509.txt,coco_person,000000181509,train_pool,val
000000181658.jpg,../datasets/raw/coco_person/train/images/000000181658.jpg,../datasets/raw/coco_person/train/labels/000000181658.txt,coco_person,000000181658,train_pool,train
000000181786.jpg,../datasets/raw/coco_person/train/images/000000181786.jpg,../datasets/raw/coco_person/train/labels/000000181786.txt,coco_person,000000181786,train_pool,train
000000182454.jpg,../datasets/raw/coco_person/train/images/000000182454.jpg,../datasets/raw/coco_person/train/labels/000000182454.txt,coco_person,000000182454,train_pool,train
000000182468.jpg,../datasets/raw/coco_person/train/images/000000182468.jpg,../datasets/raw/coco_person/train/labels/000000182468.txt,coco_person,000000182468,train_pool,train
000000182502.jpg,../datasets/raw/coco_person/train/images/000000182502.jpg,../datasets/raw/coco_person/train/labels/000000182502.txt,coco_person,000000182502,train_pool,val
000000183020.jpg,../datasets/raw/coco_person/train/images/000000183020.jpg,../datasets/raw/coco_person/train/labels/000000183020.txt,coco_person,000000183020,train_pool,train
000000183044.jpg,../datasets/raw/coco_person/train/images/000000183044.jpg,../datasets/raw/coco_person/train/labels/000000183044.txt,coco_person,000000183044,train_pool,train
000000183181.jpg,../datasets/raw/coco_person/train/images/000000183181.jpg,../datasets/raw/coco_person/train/labels/000000183181.txt,coco_person,000000183181,train_pool,train
000000183502.jpg,../datasets/raw/coco_person/train/images/000000183502.jpg,../datasets/raw/coco_person/train/labels/000000183502.txt,coco_person,000000183502,train_pool,train
000000183910.jpg,../datasets/raw/coco_person/train/images/000000183910.jpg,../datasets/raw/coco_person/train/labels/000000183910.txt,coco_person,000000183910,train_pool,train
000000183973.jpg,../datasets/raw/coco_person/train/images/000000183973.jpg,../datasets/raw/coco_person/train/labels/000000183973.txt,coco_person,000000183973,train_pool,train
000000184030.jpg,../datasets/raw/coco_person/train/images/000000184030.jpg,../datasets/raw/coco_person/train/labels/000000184030.txt,coco_person,000000184030,train_pool,train
000000184106.jpg,../datasets/raw/coco_person/train/images/000000184106.jpg,../datasets/raw/coco_person/train/labels/000000184106.txt,coco_person,000000184106,train_pool,val
000000184121.jpg,../datasets/raw/coco_person/train/images/000000184121.jpg,../datasets/raw/coco_person/train/labels/000000184121.txt,coco_person,000000184121,train_pool,train
000000184275.jpg,../datasets/raw/coco_person/train/images/000000184275.jpg,../datasets/raw/coco_person/train/labels/000000184275.txt,coco_person,000000184275,train_pool,train
000000184377.jpg,../datasets/raw/coco_person/train/images/000000184377.jpg,../datasets/raw/coco_person/train/labels/000000184377.txt,coco_person,000000184377,train_pool,train
000000184531.jpg,../datasets/raw/coco_person/train/images/000000184531.jpg,../datasets/raw/coco_person/train/labels/000000184531.txt,coco_person,000000184531,train_pool,train
000000184800.jpg,../datasets/raw/coco_person/train/images/000000184800.jpg,../datasets/raw/coco_person/train/labels/000000184800.txt,coco_person,000000184800,train_pool,train
000000185080.jpg,../datasets/raw/coco_person/train/images/000000185080.jpg,../datasets/raw/coco_person/train/labels/000000185080.txt,coco_person,000000185080,train_pool,train
000000185156.jpg,../datasets/raw/coco_person/train/images/000000185156.jpg,../datasets/raw/coco_person/train/labels/000000185156.txt,coco_person,000000185156,train_pool,train
000000185368.jpg,../datasets/raw/coco_person/train/images/000000185368.jpg,../datasets/raw/coco_person/train/labels/000000185368.txt,coco_person,000000185368,train_pool,val
000000185371.jpg,../datasets/raw/coco_person/train/images/000000185371.jpg,../datasets/raw/coco_person/train/labels/000000185371.txt,coco_person,000000185371,train_pool,train
000000185476.jpg,../datasets/raw/coco_person/train/images/000000185476.jpg,../datasets/raw/coco_person/train/labels/000000185476.txt,coco_person,000000185476,train_pool,train
000000185686.jpg,../datasets/raw/coco_person/train/images/000000185686.jpg,../datasets/raw/coco_person/train/labels/000000185686.txt,coco_person,000000185686,train_pool,train
000000185768.jpg,../datasets/raw/coco_person/train/images/000000185768.jpg,../datasets/raw/coco_person/train/labels/000000185768.txt,coco_person,000000185768,train_pool,train
000000185792.jpg,../datasets/raw/coco_person/train/images/000000185792.jpg,../datasets/raw/coco_person/train/labels/000000185792.txt,coco_person,000000185792,train_pool,train
000000185865.jpg,../datasets/raw/coco_person/train/images/000000185865.jpg,../datasets/raw/coco_person/train/labels/000000185865.txt,coco_person,000000185865,train_pool,train
000000186717.jpg,../datasets/raw/coco_person/train/images/000000186717.jpg,../datasets/raw/coco_person/train/labels/000000186717.txt,coco_person,000000186717,train_pool,train
000000187427.jpg,../datasets/raw/coco_person/train/images/000000187427.jpg,../datasets/raw/coco_person/train/labels/000000187427.txt,coco_person,000000187427,train_pool,train
000000187855.jpg,../datasets/raw/coco_person/train/images/000000187855.jpg,../datasets/raw/coco_person/train/labels/000000187855.txt,coco_person,000000187855,train_pool,train
000000188113.jpg,../datasets/raw/coco_person/train/images/000000188113.jpg,../datasets/raw/coco_person/train/labels/000000188113.txt,coco_person,000000188113,train_pool,train
000000188189.jpg,../datasets/raw/coco_person/train/images/000000188189.jpg,../datasets/raw/coco_person/train/labels/000000188189.txt,coco_person,000000188189,train_pool,train
000000188310.jpg,../datasets/raw/coco_person/train/images/000000188310.jpg,../datasets/raw/coco_person/train/labels/000000188310.txt,coco_person,000000188310,train_pool,train
000000188414.jpg,../datasets/raw/coco_person/train/images/000000188414.jpg,../datasets/raw/coco_person/train/labels/000000188414.txt,coco_person,000000188414,train_pool,train
000000188443.jpg,../datasets/raw/coco_person/train/images/000000188443.jpg,../datasets/raw/coco_person/train/labels/000000188443.txt,coco_person,000000188443,train_pool,train
000000188587.jpg,../datasets/raw/coco_person/train/images/000000188587.jpg,../datasets/raw/coco_person/train/labels/000000188587.txt,coco_person,000000188587,train_pool,train
000000188768.jpg,../datasets/raw/coco_person/train/images/000000188768.jpg,../datasets/raw/coco_person/train/labels/000000188768.txt,coco_person,000000188768,train_pool,train
000000188865.jpg,../datasets/raw/coco_person/train/images/000000188865.jpg,../datasets/raw/coco_person/train/labels/000000188865.txt,coco_person,000000188865,train_pool,train
000000188958.jpg,../datasets/raw/coco_person/train/images/000000188958.jpg,../datasets/raw/coco_person/train/labels/000000188958.txt,coco_person,000000188958,train_pool,train
000000189026.jpg,../datasets/raw/coco_person/train/images/000000189026.jpg,../datasets/raw/coco_person/train/labels/000000189026.txt,coco_person,000000189026,train_pool,val
000000189168.jpg,../datasets/raw/coco_person/train/images/000000189168.jpg,../datasets/raw/coco_person/train/labels/000000189168.txt,coco_person,000000189168,train_pool,train
000000189280.jpg,../datasets/raw/coco_person/train/images/000000189280.jpg,../datasets/raw/coco_person/train/labels/000000189280.txt,coco_person,000000189280,train_pool,train
000000189452.jpg,../datasets/raw/coco_person/train/images/000000189452.jpg,../datasets/raw/coco_person/train/labels/000000189452.txt,coco_person,000000189452,train_pool,train
000000189550.jpg,../datasets/raw/coco_person/train/images/000000189550.jpg,../datasets/raw/coco_person/train/labels/000000189550.txt,coco_person,000000189550,train_pool,val
000000189847.jpg,../datasets/raw/coco_person/train/images/000000189847.jpg,../datasets/raw/coco_person/train/labels/000000189847.txt,coco_person,000000189847,train_pool,train
000000190013.jpg,../datasets/raw/coco_person/train/images/000000190013.jpg,../datasets/raw/coco_person/train/labels/000000190013.txt,coco_person,000000190013,train_pool,train
000000190204.jpg,../datasets/raw/coco_person/train/images/000000190204.jpg,../datasets/raw/coco_person/train/labels/000000190204.txt,coco_person,000000190204,train_pool,train
000000190229.jpg,../datasets/raw/coco_person/train/images/000000190229.jpg,../datasets/raw/coco_person/train/labels/000000190229.txt,coco_person,000000190229,train_pool,val
000000190291.jpg,../datasets/raw/coco_person/train/images/000000190291.jpg,../datasets/raw/coco_person/train/labels/000000190291.txt,coco_person,000000190291,train_pool,train
000000190382.jpg,../datasets/raw/coco_person/train/images/000000190382.jpg,../datasets/raw/coco_person/train/labels/000000190382.txt,coco_person,000000190382,train_pool,train
000000190612.jpg,../datasets/raw/coco_person/train/images/000000190612.jpg,../datasets/raw/coco_person/train/labels/000000190612.txt,coco_person,000000190612,train_pool,train
000000190831.jpg,../datasets/raw/coco_person/train/images/000000190831.jpg,../datasets/raw/coco_person/train/labels/000000190831.txt,coco_person,000000190831,train_pool,train
000000191197.jpg,../datasets/raw/coco_person/train/images/000000191197.jpg,../datasets/raw/coco_person/train/labels/000000191197.txt,coco_person,000000191197,train_pool,val
000000191327.jpg,../datasets/raw/coco_person/train/images/000000191327.jpg,../datasets/raw/coco_person/train/labels/000000191327.txt,coco_person,000000191327,train_pool,train
000000191382.jpg,../datasets/raw/coco_person/train/images/000000191382.jpg,../datasets/raw/coco_person/train/labels/000000191382.txt,coco_person,000000191382,train_pool,val
000000191744.jpg,../datasets/raw/coco_person/train/images/000000191744.jpg,../datasets/raw/coco_person/train/labels/000000191744.txt,coco_person,000000191744,train_pool,train
000000191785.jpg,../datasets/raw/coco_person/train/images/000000191785.jpg,../datasets/raw/coco_person/train/labels/000000191785.txt,coco_person,000000191785,train_pool,train
000000191847.jpg,../datasets/raw/coco_person/train/images/000000191847.jpg,../datasets/raw/coco_person/train/labels/000000191847.txt,coco_person,000000191847,train_pool,train
000000191918.jpg,../datasets/raw/coco_person/train/images/000000191918.jpg,../datasets/raw/coco_person/train/labels/000000191918.txt,coco_person,000000191918,train_pool,val
000000191981.jpg,../datasets/raw/coco_person/train/images/000000191981.jpg,../datasets/raw/coco_person/train/labels/000000191981.txt,coco_person,000000191981,train_pool,train
000000192196.jpg,../datasets/raw/coco_person/train/images/000000192196.jpg,../datasets/raw/coco_person/train/labels/000000192196.txt,coco_person,000000192196,train_pool,train
000000192306.jpg,../datasets/raw/coco_person/train/images/000000192306.jpg,../datasets/raw/coco_person/train/labels/000000192306.txt,coco_person,000000192306,train_pool,train
000000192345.jpg,../datasets/raw/coco_person/train/images/000000192345.jpg,../datasets/raw/coco_person/train/labels/000000192345.txt,coco_person,000000192345,train_pool,train
000000192406.jpg,../datasets/raw/coco_person/train/images/000000192406.jpg,../datasets/raw/coco_person/train/labels/000000192406.txt,coco_person,000000192406,train_pool,train
000000192497.jpg,../datasets/raw/coco_person/train/images/000000192497.jpg,../datasets/raw/coco_person/train/labels/000000192497.txt,coco_person,000000192497,train_pool,train
000000192501.jpg,../datasets/raw/coco_person/train/images/000000192501.jpg,../datasets/raw/coco_person/train/labels/000000192501.txt,coco_person,000000192501,train_pool,train
000000192660.jpg,../datasets/raw/coco_person/train/images/000000192660.jpg,../datasets/raw/coco_person/train/labels/000000192660.txt,coco_person,000000192660,train_pool,train
000000192720.jpg,../datasets/raw/coco_person/train/images/000000192720.jpg,../datasets/raw/coco_person/train/labels/000000192720.txt,coco_person,000000192720,train_pool,val
000000192798.jpg,../datasets/raw/coco_person/train/images/000000192798.jpg,../datasets/raw/coco_person/train/labels/000000192798.txt,coco_person,000000192798,train_pool,train
000000193047.jpg,../datasets/raw/coco_person/train/images/000000193047.jpg,../datasets/raw/coco_person/train/labels/000000193047.txt,coco_person,000000193047,train_pool,train
000000193389.jpg,../datasets/raw/coco_person/train/images/000000193389.jpg,../datasets/raw/coco_person/train/labels/000000193389.txt,coco_person,000000193389,train_pool,train
000000193647.jpg,../datasets/raw/coco_person/train/images/000000193647.jpg,../datasets/raw/coco_person/train/labels/000000193647.txt,coco_person,000000193647,train_pool,train
000000193931.jpg,../datasets/raw/coco_person/train/images/000000193931.jpg,../datasets/raw/coco_person/train/labels/000000193931.txt,coco_person,000000193931,train_pool,train
000000194067.jpg,../datasets/raw/coco_person/train/images/000000194067.jpg,../datasets/raw/coco_person/train/labels/000000194067.txt,coco_person,000000194067,train_pool,train
000000194210.jpg,../datasets/raw/coco_person/train/images/000000194210.jpg,../datasets/raw/coco_person/train/labels/000000194210.txt,coco_person,000000194210,train_pool,train
000000194331.jpg,../datasets/raw/coco_person/train/images/000000194331.jpg,../datasets/raw/coco_person/train/labels/000000194331.txt,coco_person,000000194331,train_pool,train
000000194461.jpg,../datasets/raw/coco_person/train/images/000000194461.jpg,../datasets/raw/coco_person/train/labels/000000194461.txt,coco_person,000000194461,train_pool,train
000000194510.jpg,../datasets/raw/coco_person/train/images/000000194510.jpg,../datasets/raw/coco_person/train/labels/000000194510.txt,coco_person,000000194510,train_pool,train
000000194518.jpg,../datasets/raw/coco_person/train/images/000000194518.jpg,../datasets/raw/coco_person/train/labels/000000194518.txt,coco_person,000000194518,train_pool,train
000000194528.jpg,../datasets/raw/coco_person/train/images/000000194528.jpg,../datasets/raw/coco_person/train/labels/000000194528.txt,coco_person,000000194528,train_pool,train
000000194545.jpg,../datasets/raw/coco_person/train/images/000000194545.jpg,../datasets/raw/coco_person/train/labels/000000194545.txt,coco_person,000000194545,train_pool,train
000000194598.jpg,../datasets/raw/coco_person/train/images/000000194598.jpg,../datasets/raw/coco_person/train/labels/000000194598.txt,coco_person,000000194598,train_pool,train
000000194755.jpg,../datasets/raw/coco_person/train/images/000000194755.jpg,../datasets/raw/coco_person/train/labels/000000194755.txt,coco_person,000000194755,train_pool,train
000000194774.jpg,../datasets/raw/coco_person/train/images/000000194774.jpg,../datasets/raw/coco_person/train/labels/000000194774.txt,coco_person,000000194774,train_pool,train
000000194903.jpg,../datasets/raw/coco_person/train/images/000000194903.jpg,../datasets/raw/coco_person/train/labels/000000194903.txt,coco_person,000000194903,train_pool,train
000000195149.jpg,../datasets/raw/coco_person/train/images/000000195149.jpg,../datasets/raw/coco_person/train/labels/000000195149.txt,coco_person,000000195149,train_pool,val
000000195281.jpg,../datasets/raw/coco_person/train/images/000000195281.jpg,../datasets/raw/coco_person/train/labels/000000195281.txt,coco_person,000000195281,train_pool,train
000000195755.jpg,../datasets/raw/coco_person/train/images/000000195755.jpg,../datasets/raw/coco_person/train/labels/000000195755.txt,coco_person,000000195755,train_pool,train
000000195837.jpg,../datasets/raw/coco_person/train/images/000000195837.jpg,../datasets/raw/coco_person/train/labels/000000195837.txt,coco_person,000000195837,train_pool,train
000000195903.jpg,../datasets/raw/coco_person/train/images/000000195903.jpg,../datasets/raw/coco_person/train/labels/000000195903.txt,coco_person,000000195903,train_pool,train
000000196098.jpg,../datasets/raw/coco_person/train/images/000000196098.jpg,../datasets/raw/coco_person/train/labels/000000196098.txt,coco_person,000000196098,train_pool,train
000000196345.jpg,../datasets/raw/coco_person/train/images/000000196345.jpg,../datasets/raw/coco_person/train/labels/000000196345.txt,coco_person,000000196345,train_pool,val
000000196721.jpg,../datasets/raw/coco_person/train/images/000000196721.jpg,../datasets/raw/coco_person/train/labels/000000196721.txt,coco_person,000000196721,train_pool,train
000000196789.jpg,../datasets/raw/coco_person/train/images/000000196789.jpg,../datasets/raw/coco_person/train/labels/000000196789.txt,coco_person,000000196789,train_pool,train
000000196853.jpg,../datasets/raw/coco_person/train/images/000000196853.jpg,../datasets/raw/coco_person/train/labels/000000196853.txt,coco_person,000000196853,train_pool,train
000000196928.jpg,../datasets/raw/coco_person/train/images/000000196928.jpg,../datasets/raw/coco_person/train/labels/000000196928.txt,coco_person,000000196928,train_pool,train
000000197063.jpg,../datasets/raw/coco_person/train/images/000000197063.jpg,../datasets/raw/coco_person/train/labels/000000197063.txt,coco_person,000000197063,train_pool,train
000000197398.jpg,../datasets/raw/coco_person/train/images/000000197398.jpg,../datasets/raw/coco_person/train/labels/000000197398.txt,coco_person,000000197398,train_pool,train
000000197851.jpg,../datasets/raw/coco_person/train/images/000000197851.jpg,../datasets/raw/coco_person/train/labels/000000197851.txt,coco_person,000000197851,train_pool,train
000000198084.jpg,../datasets/raw/coco_person/train/images/000000198084.jpg,../datasets/raw/coco_person/train/labels/000000198084.txt,coco_person,000000198084,train_pool,train
000000198121.jpg,../datasets/raw/coco_person/train/images/000000198121.jpg,../datasets/raw/coco_person/train/labels/000000198121.txt,coco_person,000000198121,train_pool,train
000000198214.jpg,../datasets/raw/coco_person/train/images/000000198214.jpg,../datasets/raw/coco_person/train/labels/000000198214.txt,coco_person,000000198214,train_pool,train
000000198263.jpg,../datasets/raw/coco_person/train/images/000000198263.jpg,../datasets/raw/coco_person/train/labels/000000198263.txt,coco_person,000000198263,train_pool,train
000000198625.jpg,../datasets/raw/coco_person/train/images/000000198625.jpg,../datasets/raw/coco_person/train/labels/000000198625.txt,coco_person,000000198625,train_pool,train
000000198651.jpg,../datasets/raw/coco_person/train/images/000000198651.jpg,../datasets/raw/coco_person/train/labels/000000198651.txt,coco_person,000000198651,train_pool,train
000000199125.jpg,../datasets/raw/coco_person/train/images/000000199125.jpg,../datasets/raw/coco_person/train/labels/000000199125.txt,coco_person,000000199125,train_pool,train
000000199346.jpg,../datasets/raw/coco_person/train/images/000000199346.jpg,../datasets/raw/coco_person/train/labels/000000199346.txt,coco_person,000000199346,train_pool,train
000000199572.jpg,../datasets/raw/coco_person/train/images/000000199572.jpg,../datasets/raw/coco_person/train/labels/000000199572.txt,coco_person,000000199572,train_pool,train
000000199899.jpg,../datasets/raw/coco_person/train/images/000000199899.jpg,../datasets/raw/coco_person/train/labels/000000199899.txt,coco_person,000000199899,train_pool,train
000000200109.jpg,../datasets/raw/coco_person/train/images/000000200109.jpg,../datasets/raw/coco_person/train/labels/000000200109.txt,coco_person,000000200109,train_pool,train
000000200149.jpg,../datasets/raw/coco_person/train/images/000000200149.jpg,../datasets/raw/coco_person/train/labels/000000200149.txt,coco_person,000000200149,train_pool,train
000000200315.jpg,../datasets/raw/coco_person/train/images/000000200315.jpg,../datasets/raw/coco_person/train/labels/000000200315.txt,coco_person,000000200315,train_pool,train
000000200404.jpg,../datasets/raw/coco_person/train/images/000000200404.jpg,../datasets/raw/coco_person/train/labels/000000200404.txt,coco_person,000000200404,train_pool,train
000000200605.jpg,../datasets/raw/coco_person/train/images/000000200605.jpg,../datasets/raw/coco_person/train/labels/000000200605.txt,coco_person,000000200605,train_pool,train
000000200653.jpg,../datasets/raw/coco_person/train/images/000000200653.jpg,../datasets/raw/coco_person/train/labels/000000200653.txt,coco_person,000000200653,train_pool,val
000000200745.jpg,../datasets/raw/coco_person/train/images/000000200745.jpg,../datasets/raw/coco_person/train/labels/000000200745.txt,coco_person,000000200745,train_pool,train
000000200764.jpg,../datasets/raw/coco_person/train/images/000000200764.jpg,../datasets/raw/coco_person/train/labels/000000200764.txt,coco_person,000000200764,train_pool,train
000000201123.jpg,../datasets/raw/coco_person/train/images/000000201123.jpg,../datasets/raw/coco_person/train/labels/000000201123.txt,coco_person,000000201123,train_pool,train
000000201220.jpg,../datasets/raw/coco_person/train/images/000000201220.jpg,../datasets/raw/coco_person/train/labels/000000201220.txt,coco_person,000000201220,train_pool,train
000000201352.jpg,../datasets/raw/coco_person/train/images/000000201352.jpg,../datasets/raw/coco_person/train/labels/000000201352.txt,coco_person,000000201352,train_pool,train
000000201768.jpg,../datasets/raw/coco_person/train/images/000000201768.jpg,../datasets/raw/coco_person/train/labels/000000201768.txt,coco_person,000000201768,train_pool,train
000000202070.jpg,../datasets/raw/coco_person/train/images/000000202070.jpg,../datasets/raw/coco_person/train/labels/000000202070.txt,coco_person,000000202070,train_pool,train
000000202747.jpg,../datasets/raw/coco_person/train/images/000000202747.jpg,../datasets/raw/coco_person/train/labels/000000202747.txt,coco_person,000000202747,train_pool,train
000000202774.jpg,../datasets/raw/coco_person/train/images/000000202774.jpg,../datasets/raw/coco_person/train/labels/000000202774.txt,coco_person,000000202774,train_pool,train
000000202805.jpg,../datasets/raw/coco_person/train/images/000000202805.jpg,../datasets/raw/coco_person/train/labels/000000202805.txt,coco_person,000000202805,train_pool,train
000000202806.jpg,../datasets/raw/coco_person/train/images/000000202806.jpg,../datasets/raw/coco_person/train/labels/000000202806.txt,coco_person,000000202806,train_pool,val
000000202991.jpg,../datasets/raw/coco_person/train/images/000000202991.jpg,../datasets/raw/coco_person/train/labels/000000202991.txt,coco_person,000000202991,train_pool,train
000000203251.jpg,../datasets/raw/coco_person/train/images/000000203251.jpg,../datasets/raw/coco_person/train/labels/000000203251.txt,coco_person,000000203251,train_pool,train
000000203380.jpg,../datasets/raw/coco_person/train/images/000000203380.jpg,../datasets/raw/coco_person/train/labels/000000203380.txt,coco_person,000000203380,train_pool,train
000000203559.jpg,../datasets/raw/coco_person/train/images/000000203559.jpg,../datasets/raw/coco_person/train/labels/000000203559.txt,coco_person,000000203559,train_pool,val
000000204379.jpg,../datasets/raw/coco_person/train/images/000000204379.jpg,../datasets/raw/coco_person/train/labels/000000204379.txt,coco_person,000000204379,train_pool,train
000000204507.jpg,../datasets/raw/coco_person/train/images/000000204507.jpg,../datasets/raw/coco_person/train/labels/000000204507.txt,coco_person,000000204507,train_pool,train
000000204700.jpg,../datasets/raw/coco_person/train/images/000000204700.jpg,../datasets/raw/coco_person/train/labels/000000204700.txt,coco_person,000000204700,train_pool,train
000000204735.jpg,../datasets/raw/coco_person/train/images/000000204735.jpg,../datasets/raw/coco_person/train/labels/000000204735.txt,coco_person,000000204735,train_pool,train
000000204749.jpg,../datasets/raw/coco_person/train/images/000000204749.jpg,../datasets/raw/coco_person/train/labels/000000204749.txt,coco_person,000000204749,train_pool,train
000000204867.jpg,../datasets/raw/coco_person/train/images/000000204867.jpg,../datasets/raw/coco_person/train/labels/000000204867.txt,coco_person,000000204867,train_pool,train
000000205002.jpg,../datasets/raw/coco_person/train/images/000000205002.jpg,../datasets/raw/coco_person/train/labels/000000205002.txt,coco_person,000000205002,train_pool,val
000000205010.jpg,../datasets/raw/coco_person/train/images/000000205010.jpg,../datasets/raw/coco_person/train/labels/000000205010.txt,coco_person,000000205010,train_pool,train
000000205075.jpg,../datasets/raw/coco_person/train/images/000000205075.jpg,../datasets/raw/coco_person/train/labels/000000205075.txt,coco_person,000000205075,train_pool,train
000000205116.jpg,../datasets/raw/coco_person/train/images/000000205116.jpg,../datasets/raw/coco_person/train/labels/000000205116.txt,coco_person,000000205116,train_pool,train
000000205313.jpg,../datasets/raw/coco_person/train/images/000000205313.jpg,../datasets/raw/coco_person/train/labels/000000205313.txt,coco_person,000000205313,train_pool,train
000000205559.jpg,../datasets/raw/coco_person/train/images/000000205559.jpg,../datasets/raw/coco_person/train/labels/000000205559.txt,coco_person,000000205559,train_pool,train
000000205720.jpg,../datasets/raw/coco_person/train/images/000000205720.jpg,../datasets/raw/coco_person/train/labels/000000205720.txt,coco_person,000000205720,train_pool,train
000000205724.jpg,../datasets/raw/coco_person/train/images/000000205724.jpg,../datasets/raw/coco_person/train/labels/000000205724.txt,coco_person,000000205724,train_pool,train
000000205729.jpg,../datasets/raw/coco_person/train/images/000000205729.jpg,../datasets/raw/coco_person/train/labels/000000205729.txt,coco_person,000000205729,train_pool,train
000000206066.jpg,../datasets/raw/coco_person/train/images/000000206066.jpg,../datasets/raw/coco_person/train/labels/000000206066.txt,coco_person,000000206066,train_pool,train
000000206435.jpg,../datasets/raw/coco_person/train/images/000000206435.jpg,../datasets/raw/coco_person/train/labels/000000206435.txt,coco_person,000000206435,train_pool,train
000000206454.jpg,../datasets/raw/coco_person/train/images/000000206454.jpg,../datasets/raw/coco_person/train/labels/000000206454.txt,coco_person,000000206454,train_pool,train
000000206486.jpg,../datasets/raw/coco_person/train/images/000000206486.jpg,../datasets/raw/coco_person/train/labels/000000206486.txt,coco_person,000000206486,train_pool,train
000000206606.jpg,../datasets/raw/coco_person/train/images/000000206606.jpg,../datasets/raw/coco_person/train/labels/000000206606.txt,coco_person,000000206606,train_pool,train
000000206636.jpg,../datasets/raw/coco_person/train/images/000000206636.jpg,../datasets/raw/coco_person/train/labels/000000206636.txt,coco_person,000000206636,train_pool,train
000000206700.jpg,../datasets/raw/coco_person/train/images/000000206700.jpg,../datasets/raw/coco_person/train/labels/000000206700.txt,coco_person,000000206700,train_pool,train
000000206741.jpg,../datasets/raw/coco_person/train/images/000000206741.jpg,../datasets/raw/coco_person/train/labels/000000206741.txt,coco_person,000000206741,train_pool,train
000000206801.jpg,../datasets/raw/coco_person/train/images/000000206801.jpg,../datasets/raw/coco_person/train/labels/000000206801.txt,coco_person,000000206801,train_pool,train
000000206851.jpg,../datasets/raw/coco_person/train/images/000000206851.jpg,../datasets/raw/coco_person/train/labels/000000206851.txt,coco_person,000000206851,train_pool,train
000000207171.jpg,../datasets/raw/coco_person/train/images/000000207171.jpg,../datasets/raw/coco_person/train/labels/000000207171.txt,coco_person,000000207171,train_pool,train
000000207236.jpg,../datasets/raw/coco_person/train/images/000000207236.jpg,../datasets/raw/coco_person/train/labels/000000207236.txt,coco_person,000000207236,train_pool,train
000000207363.jpg,../datasets/raw/coco_person/train/images/000000207363.jpg,../datasets/raw/coco_person/train/labels/000000207363.txt,coco_person,000000207363,train_pool,train
000000207385.jpg,../datasets/raw/coco_person/train/images/000000207385.jpg,../datasets/raw/coco_person/train/labels/000000207385.txt,coco_person,000000207385,train_pool,train
000000207447.jpg,../datasets/raw/coco_person/train/images/000000207447.jpg,../datasets/raw/coco_person/train/labels/000000207447.txt,coco_person,000000207447,train_pool,val
000000207774.jpg,../datasets/raw/coco_person/train/images/000000207774.jpg,../datasets/raw/coco_person/train/labels/000000207774.txt,coco_person,000000207774,train_pool,train
000000207805.jpg,../datasets/raw/coco_person/train/images/000000207805.jpg,../datasets/raw/coco_person/train/labels/000000207805.txt,coco_person,000000207805,train_pool,val
000000207815.jpg,../datasets/raw/coco_person/train/images/000000207815.jpg,../datasets/raw/coco_person/train/labels/000000207815.txt,coco_person,000000207815,train_pool,train
000000207926.jpg,../datasets/raw/coco_person/train/images/000000207926.jpg,../datasets/raw/coco_person/train/labels/000000207926.txt,coco_person,000000207926,train_pool,val
000000208053.jpg,../datasets/raw/coco_person/train/images/000000208053.jpg,../datasets/raw/coco_person/train/labels/000000208053.txt,coco_person,000000208053,train_pool,train
000000208240.jpg,../datasets/raw/coco_person/train/images/000000208240.jpg,../datasets/raw/coco_person/train/labels/000000208240.txt,coco_person,000000208240,train_pool,train
000000208372.jpg,../datasets/raw/coco_person/train/images/000000208372.jpg,../datasets/raw/coco_person/train/labels/000000208372.txt,coco_person,000000208372,train_pool,train
000000208479.jpg,../datasets/raw/coco_person/train/images/000000208479.jpg,../datasets/raw/coco_person/train/labels/000000208479.txt,coco_person,000000208479,train_pool,train
000000208506.jpg,../datasets/raw/coco_person/train/images/000000208506.jpg,../datasets/raw/coco_person/train/labels/000000208506.txt,coco_person,000000208506,train_pool,train
000000208931.jpg,../datasets/raw/coco_person/train/images/000000208931.jpg,../datasets/raw/coco_person/train/labels/000000208931.txt,coco_person,000000208931,train_pool,train
000000209044.jpg,../datasets/raw/coco_person/train/images/000000209044.jpg,../datasets/raw/coco_person/train/labels/000000209044.txt,coco_person,000000209044,train_pool,train
000000209418.jpg,../datasets/raw/coco_person/train/images/000000209418.jpg,../datasets/raw/coco_person/train/labels/000000209418.txt,coco_person,000000209418,train_pool,train
000000209610.jpg,../datasets/raw/coco_person/train/images/000000209610.jpg,../datasets/raw/coco_person/train/labels/000000209610.txt,coco_person,000000209610,train_pool,val
000000209639.jpg,../datasets/raw/coco_person/train/images/000000209639.jpg,../datasets/raw/coco_person/train/labels/000000209639.txt,coco_person,000000209639,train_pool,train
000000209864.jpg,../datasets/raw/coco_person/train/images/000000209864.jpg,../datasets/raw/coco_person/train/labels/000000209864.txt,coco_person,000000209864,train_pool,train
000000209971.jpg,../datasets/raw/coco_person/train/images/000000209971.jpg,../datasets/raw/coco_person/train/labels/000000209971.txt,coco_person,000000209971,train_pool,val
000000210052.jpg,../datasets/raw/coco_person/train/images/000000210052.jpg,../datasets/raw/coco_person/train/labels/000000210052.txt,coco_person,000000210052,train_pool,train
000000210205.jpg,../datasets/raw/coco_person/train/images/000000210205.jpg,../datasets/raw/coco_person/train/labels/000000210205.txt,coco_person,000000210205,train_pool,train
000000210258.jpg,../datasets/raw/coco_person/train/images/000000210258.jpg,../datasets/raw/coco_person/train/labels/000000210258.txt,coco_person,000000210258,train_pool,train
000000210296.jpg,../datasets/raw/coco_person/train/images/000000210296.jpg,../datasets/raw/coco_person/train/labels/000000210296.txt,coco_person,000000210296,train_pool,train
000000210374.jpg,../datasets/raw/coco_person/train/images/000000210374.jpg,../datasets/raw/coco_person/train/labels/000000210374.txt,coco_person,000000210374,train_pool,train
000000210437.jpg,../datasets/raw/coco_person/train/images/000000210437.jpg,../datasets/raw/coco_person/train/labels/000000210437.txt,coco_person,000000210437,train_pool,train
000000210522.jpg,../datasets/raw/coco_person/train/images/000000210522.jpg,../datasets/raw/coco_person/train/labels/000000210522.txt,coco_person,000000210522,train_pool,val
000000210816.jpg,../datasets/raw/coco_person/train/images/000000210816.jpg,../datasets/raw/coco_person/train/labels/000000210816.txt,coco_person,000000210816,train_pool,train
000000210981.jpg,../datasets/raw/coco_person/train/images/000000210981.jpg,../datasets/raw/coco_person/train/labels/000000210981.txt,coco_person,000000210981,train_pool,train
000000211185.jpg,../datasets/raw/coco_person/train/images/000000211185.jpg,../datasets/raw/coco_person/train/labels/000000211185.txt,coco_person,000000211185,train_pool,train
000000211402.jpg,../datasets/raw/coco_person/train/images/000000211402.jpg,../datasets/raw/coco_person/train/labels/000000211402.txt,coco_person,000000211402,train_pool,train
000000211604.jpg,../datasets/raw/coco_person/train/images/000000211604.jpg,../datasets/raw/coco_person/train/labels/000000211604.txt,coco_person,000000211604,train_pool,train
000000211675.jpg,../datasets/raw/coco_person/train/images/000000211675.jpg,../datasets/raw/coco_person/train/labels/000000211675.txt,coco_person,000000211675,train_pool,train
000000211811.jpg,../datasets/raw/coco_person/train/images/000000211811.jpg,../datasets/raw/coco_person/train/labels/000000211811.txt,coco_person,000000211811,train_pool,train
000000211874.jpg,../datasets/raw/coco_person/train/images/000000211874.jpg,../datasets/raw/coco_person/train/labels/000000211874.txt,coco_person,000000211874,train_pool,train
000000211892.jpg,../datasets/raw/coco_person/train/images/000000211892.jpg,../datasets/raw/coco_person/train/labels/000000211892.txt,coco_person,000000211892,train_pool,train
000000211919.jpg,../datasets/raw/coco_person/train/images/000000211919.jpg,../datasets/raw/coco_person/train/labels/000000211919.txt,coco_person,000000211919,train_pool,val
000000212011.jpg,../datasets/raw/coco_person/train/images/000000212011.jpg,../datasets/raw/coco_person/train/labels/000000212011.txt,coco_person,000000212011,train_pool,train
000000212027.jpg,../datasets/raw/coco_person/train/images/000000212027.jpg,../datasets/raw/coco_person/train/labels/000000212027.txt,coco_person,000000212027,train_pool,train
000000212241.jpg,../datasets/raw/coco_person/train/images/000000212241.jpg,../datasets/raw/coco_person/train/labels/000000212241.txt,coco_person,000000212241,train_pool,train
000000212288.jpg,../datasets/raw/coco_person/train/images/000000212288.jpg,../datasets/raw/coco_person/train/labels/000000212288.txt,coco_person,000000212288,train_pool,train
000000212354.jpg,../datasets/raw/coco_person/train/images/000000212354.jpg,../datasets/raw/coco_person/train/labels/000000212354.txt,coco_person,000000212354,train_pool,train
000000212682.jpg,../datasets/raw/coco_person/train/images/000000212682.jpg,../datasets/raw/coco_person/train/labels/000000212682.txt,coco_person,000000212682,train_pool,train
000000212685.jpg,../datasets/raw/coco_person/train/images/000000212685.jpg,../datasets/raw/coco_person/train/labels/000000212685.txt,coco_person,000000212685,train_pool,train
000000213003.jpg,../datasets/raw/coco_person/train/images/000000213003.jpg,../datasets/raw/coco_person/train/labels/000000213003.txt,coco_person,000000213003,train_pool,train
000000213276.jpg,../datasets/raw/coco_person/train/images/000000213276.jpg,../datasets/raw/coco_person/train/labels/000000213276.txt,coco_person,000000213276,train_pool,train
000000213359.jpg,../datasets/raw/coco_person/train/images/000000213359.jpg,../datasets/raw/coco_person/train/labels/000000213359.txt,coco_person,000000213359,train_pool,val
000000213578.jpg,../datasets/raw/coco_person/train/images/000000213578.jpg,../datasets/raw/coco_person/train/labels/000000213578.txt,coco_person,000000213578,train_pool,train
000000214216.jpg,../datasets/raw/coco_person/train/images/000000214216.jpg,../datasets/raw/coco_person/train/labels/000000214216.txt,coco_person,000000214216,train_pool,train
000000214319.jpg,../datasets/raw/coco_person/train/images/000000214319.jpg,../datasets/raw/coco_person/train/labels/000000214319.txt,coco_person,000000214319,train_pool,train
000000214369.jpg,../datasets/raw/coco_person/train/images/000000214369.jpg,../datasets/raw/coco_person/train/labels/000000214369.txt,coco_person,000000214369,train_pool,train
000000214589.jpg,../datasets/raw/coco_person/train/images/000000214589.jpg,../datasets/raw/coco_person/train/labels/000000214589.txt,coco_person,000000214589,train_pool,train
000000214759.jpg,../datasets/raw/coco_person/train/images/000000214759.jpg,../datasets/raw/coco_person/train/labels/000000214759.txt,coco_person,000000214759,train_pool,train
000000215224.jpg,../datasets/raw/coco_person/train/images/000000215224.jpg,../datasets/raw/coco_person/train/labels/000000215224.txt,coco_person,000000215224,train_pool,train
000000215254.jpg,../datasets/raw/coco_person/train/images/000000215254.jpg,../datasets/raw/coco_person/train/labels/000000215254.txt,coco_person,000000215254,train_pool,train
000000215357.jpg,../datasets/raw/coco_person/train/images/000000215357.jpg,../datasets/raw/coco_person/train/labels/000000215357.txt,coco_person,000000215357,train_pool,train
000000215391.jpg,../datasets/raw/coco_person/train/images/000000215391.jpg,../datasets/raw/coco_person/train/labels/000000215391.txt,coco_person,000000215391,train_pool,train
000000215889.jpg,../datasets/raw/coco_person/train/images/000000215889.jpg,../datasets/raw/coco_person/train/labels/000000215889.txt,coco_person,000000215889,train_pool,train
000000216332.jpg,../datasets/raw/coco_person/train/images/000000216332.jpg,../datasets/raw/coco_person/train/labels/000000216332.txt,coco_person,000000216332,train_pool,val
000000216449.jpg,../datasets/raw/coco_person/train/images/000000216449.jpg,../datasets/raw/coco_person/train/labels/000000216449.txt,coco_person,000000216449,train_pool,train
000000216468.jpg,../datasets/raw/coco_person/train/images/000000216468.jpg,../datasets/raw/coco_person/train/labels/000000216468.txt,coco_person,000000216468,train_pool,train
000000216571.jpg,../datasets/raw/coco_person/train/images/000000216571.jpg,../datasets/raw/coco_person/train/labels/000000216571.txt,coco_person,000000216571,train_pool,train
000000216694.jpg,../datasets/raw/coco_person/train/images/000000216694.jpg,../datasets/raw/coco_person/train/labels/000000216694.txt,coco_person,000000216694,train_pool,train
000000216757.jpg,../datasets/raw/coco_person/train/images/000000216757.jpg,../datasets/raw/coco_person/train/labels/000000216757.txt,coco_person,000000216757,train_pool,train
000000217016.jpg,../datasets/raw/coco_person/train/images/000000217016.jpg,../datasets/raw/coco_person/train/labels/000000217016.txt,coco_person,000000217016,train_pool,val
000000217094.jpg,../datasets/raw/coco_person/train/images/000000217094.jpg,../datasets/raw/coco_person/train/labels/000000217094.txt,coco_person,000000217094,train_pool,train
000000217131.jpg,../datasets/raw/coco_person/train/images/000000217131.jpg,../datasets/raw/coco_person/train/labels/000000217131.txt,coco_person,000000217131,train_pool,train
000000217205.jpg,../datasets/raw/coco_person/train/images/000000217205.jpg,../datasets/raw/coco_person/train/labels/000000217205.txt,coco_person,000000217205,train_pool,train
000000217224.jpg,../datasets/raw/coco_person/train/images/000000217224.jpg,../datasets/raw/coco_person/train/labels/000000217224.txt,coco_person,000000217224,train_pool,train
000000217454.jpg,../datasets/raw/coco_person/train/images/000000217454.jpg,../datasets/raw/coco_person/train/labels/000000217454.txt,coco_person,000000217454,train_pool,train
000000217461.jpg,../datasets/raw/coco_person/train/images/000000217461.jpg,../datasets/raw/coco_person/train/labels/000000217461.txt,coco_person,000000217461,train_pool,train
000000217468.jpg,../datasets/raw/coco_person/train/images/000000217468.jpg,../datasets/raw/coco_person/train/labels/000000217468.txt,coco_person,000000217468,train_pool,train
000000218704.jpg,../datasets/raw/coco_person/train/images/000000218704.jpg,../datasets/raw/coco_person/train/labels/000000218704.txt,coco_person,000000218704,train_pool,train
000000218715.jpg,../datasets/raw/coco_person/train/images/000000218715.jpg,../datasets/raw/coco_person/train/labels/000000218715.txt,coco_person,000000218715,train_pool,train
000000218874.jpg,../datasets/raw/coco_person/train/images/000000218874.jpg,../datasets/raw/coco_person/train/labels/000000218874.txt,coco_person,000000218874,train_pool,train
000000218964.jpg,../datasets/raw/coco_person/train/images/000000218964.jpg,../datasets/raw/coco_person/train/labels/000000218964.txt,coco_person,000000218964,train_pool,train
000000219606.jpg,../datasets/raw/coco_person/train/images/000000219606.jpg,../datasets/raw/coco_person/train/labels/000000219606.txt,coco_person,000000219606,train_pool,train
000000219737.jpg,../datasets/raw/coco_person/train/images/000000219737.jpg,../datasets/raw/coco_person/train/labels/000000219737.txt,coco_person,000000219737,train_pool,train
000000219946.jpg,../datasets/raw/coco_person/train/images/000000219946.jpg,../datasets/raw/coco_person/train/labels/000000219946.txt,coco_person,000000219946,train_pool,train
000000220033.jpg,../datasets/raw/coco_person/train/images/000000220033.jpg,../datasets/raw/coco_person/train/labels/000000220033.txt,coco_person,000000220033,train_pool,train
000000220109.jpg,../datasets/raw/coco_person/train/images/000000220109.jpg,../datasets/raw/coco_person/train/labels/000000220109.txt,coco_person,000000220109,train_pool,val
000000220402.jpg,../datasets/raw/coco_person/train/images/000000220402.jpg,../datasets/raw/coco_person/train/labels/000000220402.txt,coco_person,000000220402,train_pool,train
000000220457.jpg,../datasets/raw/coco_person/train/images/000000220457.jpg,../datasets/raw/coco_person/train/labels/000000220457.txt,coco_person,000000220457,train_pool,train
000000220487.jpg,../datasets/raw/coco_person/train/images/000000220487.jpg,../datasets/raw/coco_person/train/labels/000000220487.txt,coco_person,000000220487,train_pool,train
000000220502.jpg,../datasets/raw/coco_person/train/images/000000220502.jpg,../datasets/raw/coco_person/train/labels/000000220502.txt,coco_person,000000220502,train_pool,train
000000220770.jpg,../datasets/raw/coco_person/train/images/000000220770.jpg,../datasets/raw/coco_person/train/labels/000000220770.txt,coco_person,000000220770,train_pool,train
000000221000.jpg,../datasets/raw/coco_person/train/images/000000221000.jpg,../datasets/raw/coco_person/train/labels/000000221000.txt,coco_person,000000221000,train_pool,train
000000221094.jpg,../datasets/raw/coco_person/train/images/000000221094.jpg,../datasets/raw/coco_person/train/labels/000000221094.txt,coco_person,000000221094,train_pool,train
000000221187.jpg,../datasets/raw/coco_person/train/images/000000221187.jpg,../datasets/raw/coco_person/train/labels/000000221187.txt,coco_person,000000221187,train_pool,train
000000221241.jpg,../datasets/raw/coco_person/train/images/000000221241.jpg,../datasets/raw/coco_person/train/labels/000000221241.txt,coco_person,000000221241,train_pool,train
000000221272.jpg,../datasets/raw/coco_person/train/images/000000221272.jpg,../datasets/raw/coco_person/train/labels/000000221272.txt,coco_person,000000221272,train_pool,train
000000221524.jpg,../datasets/raw/coco_person/train/images/000000221524.jpg,../datasets/raw/coco_person/train/labels/000000221524.txt,coco_person,000000221524,train_pool,train
000000221540.jpg,../datasets/raw/coco_person/train/images/000000221540.jpg,../datasets/raw/coco_person/train/labels/000000221540.txt,coco_person,000000221540,train_pool,train
000000221625.jpg,../datasets/raw/coco_person/train/images/000000221625.jpg,../datasets/raw/coco_person/train/labels/000000221625.txt,coco_person,000000221625,train_pool,train
000000221633.jpg,../datasets/raw/coco_person/train/images/000000221633.jpg,../datasets/raw/coco_person/train/labels/000000221633.txt,coco_person,000000221633,train_pool,train
000000221785.jpg,../datasets/raw/coco_person/train/images/000000221785.jpg,../datasets/raw/coco_person/train/labels/000000221785.txt,coco_person,000000221785,train_pool,val
000000222309.jpg,../datasets/raw/coco_person/train/images/000000222309.jpg,../datasets/raw/coco_person/train/labels/000000222309.txt,coco_person,000000222309,train_pool,train
000000222370.jpg,../datasets/raw/coco_person/train/images/000000222370.jpg,../datasets/raw/coco_person/train/labels/000000222370.txt,coco_person,000000222370,train_pool,train
000000222453.jpg,../datasets/raw/coco_person/train/images/000000222453.jpg,../datasets/raw/coco_person/train/labels/000000222453.txt,coco_person,000000222453,train_pool,train
000000222527.jpg,../datasets/raw/coco_person/train/images/000000222527.jpg,../datasets/raw/coco_person/train/labels/000000222527.txt,coco_person,000000222527,train_pool,val
000000223127.jpg,../datasets/raw/coco_person/train/images/000000223127.jpg,../datasets/raw/coco_person/train/labels/000000223127.txt,coco_person,000000223127,train_pool,train
000000223214.jpg,../datasets/raw/coco_person/train/images/000000223214.jpg,../datasets/raw/coco_person/train/labels/000000223214.txt,coco_person,000000223214,train_pool,train
000000223348.jpg,../datasets/raw/coco_person/train/images/000000223348.jpg,../datasets/raw/coco_person/train/labels/000000223348.txt,coco_person,000000223348,train_pool,val
000000223413.jpg,../datasets/raw/coco_person/train/images/000000223413.jpg,../datasets/raw/coco_person/train/labels/000000223413.txt,coco_person,000000223413,train_pool,train
000000223569.jpg,../datasets/raw/coco_person/train/images/000000223569.jpg,../datasets/raw/coco_person/train/labels/000000223569.txt,coco_person,000000223569,train_pool,train
000000223739.jpg,../datasets/raw/coco_person/train/images/000000223739.jpg,../datasets/raw/coco_person/train/labels/000000223739.txt,coco_person,000000223739,train_pool,train
000000223740.jpg,../datasets/raw/coco_person/train/images/000000223740.jpg,../datasets/raw/coco_person/train/labels/000000223740.txt,coco_person,000000223740,train_pool,train
000000223827.jpg,../datasets/raw/coco_person/train/images/000000223827.jpg,../datasets/raw/coco_person/train/labels/000000223827.txt,coco_person,000000223827,train_pool,train
000000223871.jpg,../datasets/raw/coco_person/train/images/000000223871.jpg,../datasets/raw/coco_person/train/labels/000000223871.txt,coco_person,000000223871,train_pool,val
000000223892.jpg,../datasets/raw/coco_person/train/images/000000223892.jpg,../datasets/raw/coco_person/train/labels/000000223892.txt,coco_person,000000223892,train_pool,train
000000223984.jpg,../datasets/raw/coco_person/train/images/000000223984.jpg,../datasets/raw/coco_person/train/labels/000000223984.txt,coco_person,000000223984,train_pool,train
000000224000.jpg,../datasets/raw/coco_person/train/images/000000224000.jpg,../datasets/raw/coco_person/train/labels/000000224000.txt,coco_person,000000224000,train_pool,train
000000224230.jpg,../datasets/raw/coco_person/train/images/000000224230.jpg,../datasets/raw/coco_person/train/labels/000000224230.txt,coco_person,000000224230,train_pool,train
000000224632.jpg,../datasets/raw/coco_person/train/images/000000224632.jpg,../datasets/raw/coco_person/train/labels/000000224632.txt,coco_person,000000224632,train_pool,train
000000224677.jpg,../datasets/raw/coco_person/train/images/000000224677.jpg,../datasets/raw/coco_person/train/labels/000000224677.txt,coco_person,000000224677,train_pool,val
000000224711.jpg,../datasets/raw/coco_person/train/images/000000224711.jpg,../datasets/raw/coco_person/train/labels/000000224711.txt,coco_person,000000224711,train_pool,train
000000224778.jpg,../datasets/raw/coco_person/train/images/000000224778.jpg,../datasets/raw/coco_person/train/labels/000000224778.txt,coco_person,000000224778,train_pool,train
000000224825.jpg,../datasets/raw/coco_person/train/images/000000224825.jpg,../datasets/raw/coco_person/train/labels/000000224825.txt,coco_person,000000224825,train_pool,train
000000225392.jpg,../datasets/raw/coco_person/train/images/000000225392.jpg,../datasets/raw/coco_person/train/labels/000000225392.txt,coco_person,000000225392,train_pool,train
000000225829.jpg,../datasets/raw/coco_person/train/images/000000225829.jpg,../datasets/raw/coco_person/train/labels/000000225829.txt,coco_person,000000225829,train_pool,train
000000225835.jpg,../datasets/raw/coco_person/train/images/000000225835.jpg,../datasets/raw/coco_person/train/labels/000000225835.txt,coco_person,000000225835,train_pool,train
000000225848.jpg,../datasets/raw/coco_person/train/images/000000225848.jpg,../datasets/raw/coco_person/train/labels/000000225848.txt,coco_person,000000225848,train_pool,train
000000225945.jpg,../datasets/raw/coco_person/train/images/000000225945.jpg,../datasets/raw/coco_person/train/labels/000000225945.txt,coco_person,000000225945,train_pool,train
000000226145.jpg,../datasets/raw/coco_person/train/images/000000226145.jpg,../datasets/raw/coco_person/train/labels/000000226145.txt,coco_person,000000226145,train_pool,val
000000226161.jpg,../datasets/raw/coco_person/train/images/000000226161.jpg,../datasets/raw/coco_person/train/labels/000000226161.txt,coco_person,000000226161,train_pool,val
000000226263.jpg,../datasets/raw/coco_person/train/images/000000226263.jpg,../datasets/raw/coco_person/train/labels/000000226263.txt,coco_person,000000226263,train_pool,train
000000226324.jpg,../datasets/raw/coco_person/train/images/000000226324.jpg,../datasets/raw/coco_person/train/labels/000000226324.txt,coco_person,000000226324,train_pool,train
000000226455.jpg,../datasets/raw/coco_person/train/images/000000226455.jpg,../datasets/raw/coco_person/train/labels/000000226455.txt,coco_person,000000226455,train_pool,train
000000226660.jpg,../datasets/raw/coco_person/train/images/000000226660.jpg,../datasets/raw/coco_person/train/labels/000000226660.txt,coco_person,000000226660,train_pool,train
000000227042.jpg,../datasets/raw/coco_person/train/images/000000227042.jpg,../datasets/raw/coco_person/train/labels/000000227042.txt,coco_person,000000227042,train_pool,train
000000227202.jpg,../datasets/raw/coco_person/train/images/000000227202.jpg,../datasets/raw/coco_person/train/labels/000000227202.txt,coco_person,000000227202,train_pool,train
000000227231.jpg,../datasets/raw/coco_person/train/images/000000227231.jpg,../datasets/raw/coco_person/train/labels/000000227231.txt,coco_person,000000227231,train_pool,train
000000227269.jpg,../datasets/raw/coco_person/train/images/000000227269.jpg,../datasets/raw/coco_person/train/labels/000000227269.txt,coco_person,000000227269,train_pool,train
000000227402.jpg,../datasets/raw/coco_person/train/images/000000227402.jpg,../datasets/raw/coco_person/train/labels/000000227402.txt,coco_person,000000227402,train_pool,train
000000227495.jpg,../datasets/raw/coco_person/train/images/000000227495.jpg,../datasets/raw/coco_person/train/labels/000000227495.txt,coco_person,000000227495,train_pool,train
000000227508.jpg,../datasets/raw/coco_person/train/images/000000227508.jpg,../datasets/raw/coco_person/train/labels/000000227508.txt,coco_person,000000227508,train_pool,train
000000227828.jpg,../datasets/raw/coco_person/train/images/000000227828.jpg,../datasets/raw/coco_person/train/labels/000000227828.txt,coco_person,000000227828,train_pool,train
000000227852.jpg,../datasets/raw/coco_person/train/images/000000227852.jpg,../datasets/raw/coco_person/train/labels/000000227852.txt,coco_person,000000227852,train_pool,train
000000228045.jpg,../datasets/raw/coco_person/train/images/000000228045.jpg,../datasets/raw/coco_person/train/labels/000000228045.txt,coco_person,000000228045,train_pool,train
000000228135.jpg,../datasets/raw/coco_person/train/images/000000228135.jpg,../datasets/raw/coco_person/train/labels/000000228135.txt,coco_person,000000228135,train_pool,train
000000228380.jpg,../datasets/raw/coco_person/train/images/000000228380.jpg,../datasets/raw/coco_person/train/labels/000000228380.txt,coco_person,000000228380,train_pool,train
000000228832.jpg,../datasets/raw/coco_person/train/images/000000228832.jpg,../datasets/raw/coco_person/train/labels/000000228832.txt,coco_person,000000228832,train_pool,val
000000229000.jpg,../datasets/raw/coco_person/train/images/000000229000.jpg,../datasets/raw/coco_person/train/labels/000000229000.txt,coco_person,000000229000,train_pool,train
000000229001.jpg,../datasets/raw/coco_person/train/images/000000229001.jpg,../datasets/raw/coco_person/train/labels/000000229001.txt,coco_person,000000229001,train_pool,train
000000229267.jpg,../datasets/raw/coco_person/train/images/000000229267.jpg,../datasets/raw/coco_person/train/labels/000000229267.txt,coco_person,000000229267,train_pool,train
000000229539.jpg,../datasets/raw/coco_person/train/images/000000229539.jpg,../datasets/raw/coco_person/train/labels/000000229539.txt,coco_person,000000229539,train_pool,train
000000229618.jpg,../datasets/raw/coco_person/train/images/000000229618.jpg,../datasets/raw/coco_person/train/labels/000000229618.txt,coco_person,000000229618,train_pool,train
000000229713.jpg,../datasets/raw/coco_person/train/images/000000229713.jpg,../datasets/raw/coco_person/train/labels/000000229713.txt,coco_person,000000229713,train_pool,train
000000229787.jpg,../datasets/raw/coco_person/train/images/000000229787.jpg,../datasets/raw/coco_person/train/labels/000000229787.txt,coco_person,000000229787,train_pool,train
000000229962.jpg,../datasets/raw/coco_person/train/images/000000229962.jpg,../datasets/raw/coco_person/train/labels/000000229962.txt,coco_person,000000229962,train_pool,train
000000229968.jpg,../datasets/raw/coco_person/train/images/000000229968.jpg,../datasets/raw/coco_person/train/labels/000000229968.txt,coco_person,000000229968,train_pool,train
000000230004.jpg,../datasets/raw/coco_person/train/images/000000230004.jpg,../datasets/raw/coco_person/train/labels/000000230004.txt,coco_person,000000230004,train_pool,train
000000230046.jpg,../datasets/raw/coco_person/train/images/000000230046.jpg,../datasets/raw/coco_person/train/labels/000000230046.txt,coco_person,000000230046,train_pool,train
000000230177.jpg,../datasets/raw/coco_person/train/images/000000230177.jpg,../datasets/raw/coco_person/train/labels/000000230177.txt,coco_person,000000230177,train_pool,val
000000230265.jpg,../datasets/raw/coco_person/train/images/000000230265.jpg,../datasets/raw/coco_person/train/labels/000000230265.txt,coco_person,000000230265,train_pool,train
000000230393.jpg,../datasets/raw/coco_person/train/images/000000230393.jpg,../datasets/raw/coco_person/train/labels/000000230393.txt,coco_person,000000230393,train_pool,train
000000230417.jpg,../datasets/raw/coco_person/train/images/000000230417.jpg,../datasets/raw/coco_person/train/labels/000000230417.txt,coco_person,000000230417,train_pool,train
000000230646.jpg,../datasets/raw/coco_person/train/images/000000230646.jpg,../datasets/raw/coco_person/train/labels/000000230646.txt,coco_person,000000230646,train_pool,train
000000230708.jpg,../datasets/raw/coco_person/train/images/000000230708.jpg,../datasets/raw/coco_person/train/labels/000000230708.txt,coco_person,000000230708,train_pool,train
000000230879.jpg,../datasets/raw/coco_person/train/images/000000230879.jpg,../datasets/raw/coco_person/train/labels/000000230879.txt,coco_person,000000230879,train_pool,val
000000230996.jpg,../datasets/raw/coco_person/train/images/000000230996.jpg,../datasets/raw/coco_person/train/labels/000000230996.txt,coco_person,000000230996,train_pool,train
000000231019.jpg,../datasets/raw/coco_person/train/images/000000231019.jpg,../datasets/raw/coco_person/train/labels/000000231019.txt,coco_person,000000231019,train_pool,train
000000231140.jpg,../datasets/raw/coco_person/train/images/000000231140.jpg,../datasets/raw/coco_person/train/labels/000000231140.txt,coco_person,000000231140,train_pool,train
000000231142.jpg,../datasets/raw/coco_person/train/images/000000231142.jpg,../datasets/raw/coco_person/train/labels/000000231142.txt,coco_person,000000231142,train_pool,train
000000231589.jpg,../datasets/raw/coco_person/train/images/000000231589.jpg,../datasets/raw/coco_person/train/labels/000000231589.txt,coco_person,000000231589,train_pool,train
000000231616.jpg,../datasets/raw/coco_person/train/images/000000231616.jpg,../datasets/raw/coco_person/train/labels/000000231616.txt,coco_person,000000231616,train_pool,train
000000231655.jpg,../datasets/raw/coco_person/train/images/000000231655.jpg,../datasets/raw/coco_person/train/labels/000000231655.txt,coco_person,000000231655,train_pool,train
000000232011.jpg,../datasets/raw/coco_person/train/images/000000232011.jpg,../datasets/raw/coco_person/train/labels/000000232011.txt,coco_person,000000232011,train_pool,train
000000232025.jpg,../datasets/raw/coco_person/train/images/000000232025.jpg,../datasets/raw/coco_person/train/labels/000000232025.txt,coco_person,000000232025,train_pool,train
000000232093.jpg,../datasets/raw/coco_person/train/images/000000232093.jpg,../datasets/raw/coco_person/train/labels/000000232093.txt,coco_person,000000232093,train_pool,train
000000232329.jpg,../datasets/raw/coco_person/train/images/000000232329.jpg,../datasets/raw/coco_person/train/labels/000000232329.txt,coco_person,000000232329,train_pool,train
000000232417.jpg,../datasets/raw/coco_person/train/images/000000232417.jpg,../datasets/raw/coco_person/train/labels/000000232417.txt,coco_person,000000232417,train_pool,train
000000232675.jpg,../datasets/raw/coco_person/train/images/000000232675.jpg,../datasets/raw/coco_person/train/labels/000000232675.txt,coco_person,000000232675,train_pool,train
000000232699.jpg,../datasets/raw/coco_person/train/images/000000232699.jpg,../datasets/raw/coco_person/train/labels/000000232699.txt,coco_person,000000232699,train_pool,train
000000232779.jpg,../datasets/raw/coco_person/train/images/000000232779.jpg,../datasets/raw/coco_person/train/labels/000000232779.txt,coco_person,000000232779,train_pool,train
000000232842.jpg,../datasets/raw/coco_person/train/images/000000232842.jpg,../datasets/raw/coco_person/train/labels/000000232842.txt,coco_person,000000232842,train_pool,train
000000233137.jpg,../datasets/raw/coco_person/train/images/000000233137.jpg,../datasets/raw/coco_person/train/labels/000000233137.txt,coco_person,000000233137,train_pool,train
000000233141.jpg,../datasets/raw/coco_person/train/images/000000233141.jpg,../datasets/raw/coco_person/train/labels/000000233141.txt,coco_person,000000233141,train_pool,train
000000233305.jpg,../datasets/raw/coco_person/train/images/000000233305.jpg,../datasets/raw/coco_person/train/labels/000000233305.txt,coco_person,000000233305,train_pool,train
000000233642.jpg,../datasets/raw/coco_person/train/images/000000233642.jpg,../datasets/raw/coco_person/train/labels/000000233642.txt,coco_person,000000233642,train_pool,train
000000233690.jpg,../datasets/raw/coco_person/train/images/000000233690.jpg,../datasets/raw/coco_person/train/labels/000000233690.txt,coco_person,000000233690,train_pool,train
000000233815.jpg,../datasets/raw/coco_person/train/images/000000233815.jpg,../datasets/raw/coco_person/train/labels/000000233815.txt,coco_person,000000233815,train_pool,train
000000233961.jpg,../datasets/raw/coco_person/train/images/000000233961.jpg,../datasets/raw/coco_person/train/labels/000000233961.txt,coco_person,000000233961,train_pool,train
000000234515.jpg,../datasets/raw/coco_person/train/images/000000234515.jpg,../datasets/raw/coco_person/train/labels/000000234515.txt,coco_person,000000234515,train_pool,train
000000234550.jpg,../datasets/raw/coco_person/train/images/000000234550.jpg,../datasets/raw/coco_person/train/labels/000000234550.txt,coco_person,000000234550,train_pool,train
000000235233.jpg,../datasets/raw/coco_person/train/images/000000235233.jpg,../datasets/raw/coco_person/train/labels/000000235233.txt,coco_person,000000235233,train_pool,val
000000235499.jpg,../datasets/raw/coco_person/train/images/000000235499.jpg,../datasets/raw/coco_person/train/labels/000000235499.txt,coco_person,000000235499,train_pool,train
000000235670.jpg,../datasets/raw/coco_person/train/images/000000235670.jpg,../datasets/raw/coco_person/train/labels/000000235670.txt,coco_person,000000235670,train_pool,train
000000236282.jpg,../datasets/raw/coco_person/train/images/000000236282.jpg,../datasets/raw/coco_person/train/labels/000000236282.txt,coco_person,000000236282,train_pool,train
000000236336.jpg,../datasets/raw/coco_person/train/images/000000236336.jpg,../datasets/raw/coco_person/train/labels/000000236336.txt,coco_person,000000236336,train_pool,train
000000236385.jpg,../datasets/raw/coco_person/train/images/000000236385.jpg,../datasets/raw/coco_person/train/labels/000000236385.txt,coco_person,000000236385,train_pool,train
000000236507.jpg,../datasets/raw/coco_person/train/images/000000236507.jpg,../datasets/raw/coco_person/train/labels/000000236507.txt,coco_person,000000236507,train_pool,train
000000236528.jpg,../datasets/raw/coco_person/train/images/000000236528.jpg,../datasets/raw/coco_person/train/labels/000000236528.txt,coco_person,000000236528,train_pool,train
000000236673.jpg,../datasets/raw/coco_person/train/images/000000236673.jpg,../datasets/raw/coco_person/train/labels/000000236673.txt,coco_person,000000236673,train_pool,train
000000237210.jpg,../datasets/raw/coco_person/train/images/000000237210.jpg,../datasets/raw/coco_person/train/labels/000000237210.txt,coco_person,000000237210,train_pool,train
000000237247.jpg,../datasets/raw/coco_person/train/images/000000237247.jpg,../datasets/raw/coco_person/train/labels/000000237247.txt,coco_person,000000237247,train_pool,train
000000237381.jpg,../datasets/raw/coco_person/train/images/000000237381.jpg,../datasets/raw/coco_person/train/labels/000000237381.txt,coco_person,000000237381,train_pool,val
000000237420.jpg,../datasets/raw/coco_person/train/images/000000237420.jpg,../datasets/raw/coco_person/train/labels/000000237420.txt,coco_person,000000237420,train_pool,train
000000237550.jpg,../datasets/raw/coco_person/train/images/000000237550.jpg,../datasets/raw/coco_person/train/labels/000000237550.txt,coco_person,000000237550,train_pool,train
000000237618.jpg,../datasets/raw/coco_person/train/images/000000237618.jpg,../datasets/raw/coco_person/train/labels/000000237618.txt,coco_person,000000237618,train_pool,train
000000237848.jpg,../datasets/raw/coco_person/train/images/000000237848.jpg,../datasets/raw/coco_person/train/labels/000000237848.txt,coco_person,000000237848,train_pool,train
000000237861.jpg,../datasets/raw/coco_person/train/images/000000237861.jpg,../datasets/raw/coco_person/train/labels/000000237861.txt,coco_person,000000237861,train_pool,train
000000237881.jpg,../datasets/raw/coco_person/train/images/000000237881.jpg,../datasets/raw/coco_person/train/labels/000000237881.txt,coco_person,000000237881,train_pool,train
000000238087.jpg,../datasets/raw/coco_person/train/images/000000238087.jpg,../datasets/raw/coco_person/train/labels/000000238087.txt,coco_person,000000238087,train_pool,val
000000238124.jpg,../datasets/raw/coco_person/train/images/000000238124.jpg,../datasets/raw/coco_person/train/labels/000000238124.txt,coco_person,000000238124,train_pool,val
000000238217.jpg,../datasets/raw/coco_person/train/images/000000238217.jpg,../datasets/raw/coco_person/train/labels/000000238217.txt,coco_person,000000238217,train_pool,train
000000238227.jpg,../datasets/raw/coco_person/train/images/000000238227.jpg,../datasets/raw/coco_person/train/labels/000000238227.txt,coco_person,000000238227,train_pool,train
000000238245.jpg,../datasets/raw/coco_person/train/images/000000238245.jpg,../datasets/raw/coco_person/train/labels/000000238245.txt,coco_person,000000238245,train_pool,train
000000238472.jpg,../datasets/raw/coco_person/train/images/000000238472.jpg,../datasets/raw/coco_person/train/labels/000000238472.txt,coco_person,000000238472,train_pool,train
000000238488.jpg,../datasets/raw/coco_person/train/images/000000238488.jpg,../datasets/raw/coco_person/train/labels/000000238488.txt,coco_person,000000238488,train_pool,train
000000238603.jpg,../datasets/raw/coco_person/train/images/000000238603.jpg,../datasets/raw/coco_person/train/labels/000000238603.txt,coco_person,000000238603,train_pool,train
000000238667.jpg,../datasets/raw/coco_person/train/images/000000238667.jpg,../datasets/raw/coco_person/train/labels/000000238667.txt,coco_person,000000238667,train_pool,train
000000238816.jpg,../datasets/raw/coco_person/train/images/000000238816.jpg,../datasets/raw/coco_person/train/labels/000000238816.txt,coco_person,000000238816,train_pool,val
000000239064.jpg,../datasets/raw/coco_person/train/images/000000239064.jpg,../datasets/raw/coco_person/train/labels/000000239064.txt,coco_person,000000239064,train_pool,train
000000239101.jpg,../datasets/raw/coco_person/train/images/000000239101.jpg,../datasets/raw/coco_person/train/labels/000000239101.txt,coco_person,000000239101,train_pool,train
000000239119.jpg,../datasets/raw/coco_person/train/images/000000239119.jpg,../datasets/raw/coco_person/train/labels/000000239119.txt,coco_person,000000239119,train_pool,train
000000239202.jpg,../datasets/raw/coco_person/train/images/000000239202.jpg,../datasets/raw/coco_person/train/labels/000000239202.txt,coco_person,000000239202,train_pool,train
000000239448.jpg,../datasets/raw/coco_person/train/images/000000239448.jpg,../datasets/raw/coco_person/train/labels/000000239448.txt,coco_person,000000239448,train_pool,val
000000239466.jpg,../datasets/raw/coco_person/train/images/000000239466.jpg,../datasets/raw/coco_person/train/labels/000000239466.txt,coco_person,000000239466,train_pool,train
000000239536.jpg,../datasets/raw/coco_person/train/images/000000239536.jpg,../datasets/raw/coco_person/train/labels/000000239536.txt,coco_person,000000239536,train_pool,train
000000239616.jpg,../datasets/raw/coco_person/train/images/000000239616.jpg,../datasets/raw/coco_person/train/labels/000000239616.txt,coco_person,000000239616,train_pool,train
000000239811.jpg,../datasets/raw/coco_person/train/images/000000239811.jpg,../datasets/raw/coco_person/train/labels/000000239811.txt,coco_person,000000239811,train_pool,train
000000239930.jpg,../datasets/raw/coco_person/train/images/000000239930.jpg,../datasets/raw/coco_person/train/labels/000000239930.txt,coco_person,000000239930,train_pool,train
000000240137.jpg,../datasets/raw/coco_person/train/images/000000240137.jpg,../datasets/raw/coco_person/train/labels/000000240137.txt,coco_person,000000240137,train_pool,train
000000240185.jpg,../datasets/raw/coco_person/train/images/000000240185.jpg,../datasets/raw/coco_person/train/labels/000000240185.txt,coco_person,000000240185,train_pool,train
000000240225.jpg,../datasets/raw/coco_person/train/images/000000240225.jpg,../datasets/raw/coco_person/train/labels/000000240225.txt,coco_person,000000240225,train_pool,train
000000240344.jpg,../datasets/raw/coco_person/train/images/000000240344.jpg,../datasets/raw/coco_person/train/labels/000000240344.txt,coco_person,000000240344,train_pool,train
000000240358.jpg,../datasets/raw/coco_person/train/images/000000240358.jpg,../datasets/raw/coco_person/train/labels/000000240358.txt,coco_person,000000240358,train_pool,train
000000240399.jpg,../datasets/raw/coco_person/train/images/000000240399.jpg,../datasets/raw/coco_person/train/labels/000000240399.txt,coco_person,000000240399,train_pool,train
000000240449.jpg,../datasets/raw/coco_person/train/images/000000240449.jpg,../datasets/raw/coco_person/train/labels/000000240449.txt,coco_person,000000240449,train_pool,train
000000240457.jpg,../datasets/raw/coco_person/train/images/000000240457.jpg,../datasets/raw/coco_person/train/labels/000000240457.txt,coco_person,000000240457,train_pool,train
000000240568.jpg,../datasets/raw/coco_person/train/images/000000240568.jpg,../datasets/raw/coco_person/train/labels/000000240568.txt,coco_person,000000240568,train_pool,train
000000240625.jpg,../datasets/raw/coco_person/train/images/000000240625.jpg,../datasets/raw/coco_person/train/labels/000000240625.txt,coco_person,000000240625,train_pool,train
000000240841.jpg,../datasets/raw/coco_person/train/images/000000240841.jpg,../datasets/raw/coco_person/train/labels/000000240841.txt,coco_person,000000240841,train_pool,train
000000241170.jpg,../datasets/raw/coco_person/train/images/000000241170.jpg,../datasets/raw/coco_person/train/labels/000000241170.txt,coco_person,000000241170,train_pool,train
000000241208.jpg,../datasets/raw/coco_person/train/images/000000241208.jpg,../datasets/raw/coco_person/train/labels/000000241208.txt,coco_person,000000241208,train_pool,train
000000241355.jpg,../datasets/raw/coco_person/train/images/000000241355.jpg,../datasets/raw/coco_person/train/labels/000000241355.txt,coco_person,000000241355,train_pool,train
000000241396.jpg,../datasets/raw/coco_person/train/images/000000241396.jpg,../datasets/raw/coco_person/train/labels/000000241396.txt,coco_person,000000241396,train_pool,train
000000242246.jpg,../datasets/raw/coco_person/train/images/000000242246.jpg,../datasets/raw/coco_person/train/labels/000000242246.txt,coco_person,000000242246,train_pool,val
000000242532.jpg,../datasets/raw/coco_person/train/images/000000242532.jpg,../datasets/raw/coco_person/train/labels/000000242532.txt,coco_person,000000242532,train_pool,train
000000242712.jpg,../datasets/raw/coco_person/train/images/000000242712.jpg,../datasets/raw/coco_person/train/labels/000000242712.txt,coco_person,000000242712,train_pool,train
000000242739.jpg,../datasets/raw/coco_person/train/images/000000242739.jpg,../datasets/raw/coco_person/train/labels/000000242739.txt,coco_person,000000242739,train_pool,train
000000242755.jpg,../datasets/raw/coco_person/train/images/000000242755.jpg,../datasets/raw/coco_person/train/labels/000000242755.txt,coco_person,000000242755,train_pool,train
000000242821.jpg,../datasets/raw/coco_person/train/images/000000242821.jpg,../datasets/raw/coco_person/train/labels/000000242821.txt,coco_person,000000242821,train_pool,train
000000242900.jpg,../datasets/raw/coco_person/train/images/000000242900.jpg,../datasets/raw/coco_person/train/labels/000000242900.txt,coco_person,000000242900,train_pool,train
000000243044.jpg,../datasets/raw/coco_person/train/images/000000243044.jpg,../datasets/raw/coco_person/train/labels/000000243044.txt,coco_person,000000243044,train_pool,train
000000243288.jpg,../datasets/raw/coco_person/train/images/000000243288.jpg,../datasets/raw/coco_person/train/labels/000000243288.txt,coco_person,000000243288,train_pool,train
000000243296.jpg,../datasets/raw/coco_person/train/images/000000243296.jpg,../datasets/raw/coco_person/train/labels/000000243296.txt,coco_person,000000243296,train_pool,val
000000243354.jpg,../datasets/raw/coco_person/train/images/000000243354.jpg,../datasets/raw/coco_person/train/labels/000000243354.txt,coco_person,000000243354,train_pool,train
000000243657.jpg,../datasets/raw/coco_person/train/images/000000243657.jpg,../datasets/raw/coco_person/train/labels/000000243657.txt,coco_person,000000243657,train_pool,train
000000243851.jpg,../datasets/raw/coco_person/train/images/000000243851.jpg,../datasets/raw/coco_person/train/labels/000000243851.txt,coco_person,000000243851,train_pool,train
000000243959.jpg,../datasets/raw/coco_person/train/images/000000243959.jpg,../datasets/raw/coco_person/train/labels/000000243959.txt,coco_person,000000243959,train_pool,train
000000244135.jpg,../datasets/raw/coco_person/train/images/000000244135.jpg,../datasets/raw/coco_person/train/labels/000000244135.txt,coco_person,000000244135,train_pool,val
000000244429.jpg,../datasets/raw/coco_person/train/images/000000244429.jpg,../datasets/raw/coco_person/train/labels/000000244429.txt,coco_person,000000244429,train_pool,train
000000244550.jpg,../datasets/raw/coco_person/train/images/000000244550.jpg,../datasets/raw/coco_person/train/labels/000000244550.txt,coco_person,000000244550,train_pool,val
000000245354.jpg,../datasets/raw/coco_person/train/images/000000245354.jpg,../datasets/raw/coco_person/train/labels/000000245354.txt,coco_person,000000245354,train_pool,train
000000245551.jpg,../datasets/raw/coco_person/train/images/000000245551.jpg,../datasets/raw/coco_person/train/labels/000000245551.txt,coco_person,000000245551,train_pool,train
000000245566.jpg,../datasets/raw/coco_person/train/images/000000245566.jpg,../datasets/raw/coco_person/train/labels/000000245566.txt,coco_person,000000245566,train_pool,train
000000245598.jpg,../datasets/raw/coco_person/train/images/000000245598.jpg,../datasets/raw/coco_person/train/labels/000000245598.txt,coco_person,000000245598,train_pool,train
000000245920.jpg,../datasets/raw/coco_person/train/images/000000245920.jpg,../datasets/raw/coco_person/train/labels/000000245920.txt,coco_person,000000245920,train_pool,train
000000246057.jpg,../datasets/raw/coco_person/train/images/000000246057.jpg,../datasets/raw/coco_person/train/labels/000000246057.txt,coco_person,000000246057,train_pool,train
000000246087.jpg,../datasets/raw/coco_person/train/images/000000246087.jpg,../datasets/raw/coco_person/train/labels/000000246087.txt,coco_person,000000246087,train_pool,train
000000246336.jpg,../datasets/raw/coco_person/train/images/000000246336.jpg,../datasets/raw/coco_person/train/labels/000000246336.txt,coco_person,000000246336,train_pool,train
000000246366.jpg,../datasets/raw/coco_person/train/images/000000246366.jpg,../datasets/raw/coco_person/train/labels/000000246366.txt,coco_person,000000246366,train_pool,train
000000246563.jpg,../datasets/raw/coco_person/train/images/000000246563.jpg,../datasets/raw/coco_person/train/labels/000000246563.txt,coco_person,000000246563,train_pool,train
000000246587.jpg,../datasets/raw/coco_person/train/images/000000246587.jpg,../datasets/raw/coco_person/train/labels/000000246587.txt,coco_person,000000246587,train_pool,train
000000246777.jpg,../datasets/raw/coco_person/train/images/000000246777.jpg,../datasets/raw/coco_person/train/labels/000000246777.txt,coco_person,000000246777,train_pool,train
000000246990.jpg,../datasets/raw/coco_person/train/images/000000246990.jpg,../datasets/raw/coco_person/train/labels/000000246990.txt,coco_person,000000246990,train_pool,train
000000247134.jpg,../datasets/raw/coco_person/train/images/000000247134.jpg,../datasets/raw/coco_person/train/labels/000000247134.txt,coco_person,000000247134,train_pool,val
000000247475.jpg,../datasets/raw/coco_person/train/images/000000247475.jpg,../datasets/raw/coco_person/train/labels/000000247475.txt,coco_person,000000247475,train_pool,train
000000247555.jpg,../datasets/raw/coco_person/train/images/000000247555.jpg,../datasets/raw/coco_person/train/labels/000000247555.txt,coco_person,000000247555,train_pool,train
000000247700.jpg,../datasets/raw/coco_person/train/images/000000247700.jpg,../datasets/raw/coco_person/train/labels/000000247700.txt,coco_person,000000247700,train_pool,train
000000247918.jpg,../datasets/raw/coco_person/train/images/000000247918.jpg,../datasets/raw/coco_person/train/labels/000000247918.txt,coco_person,000000247918,train_pool,train
000000247925.jpg,../datasets/raw/coco_person/train/images/000000247925.jpg,../datasets/raw/coco_person/train/labels/000000247925.txt,coco_person,000000247925,train_pool,train
000000248001.jpg,../datasets/raw/coco_person/train/images/000000248001.jpg,../datasets/raw/coco_person/train/labels/000000248001.txt,coco_person,000000248001,train_pool,train
000000248012.jpg,../datasets/raw/coco_person/train/images/000000248012.jpg,../datasets/raw/coco_person/train/labels/000000248012.txt,coco_person,000000248012,train_pool,train
000000248066.jpg,../datasets/raw/coco_person/train/images/000000248066.jpg,../datasets/raw/coco_person/train/labels/000000248066.txt,coco_person,000000248066,train_pool,val
000000248129.jpg,../datasets/raw/coco_person/train/images/000000248129.jpg,../datasets/raw/coco_person/train/labels/000000248129.txt,coco_person,000000248129,train_pool,train
000000248150.jpg,../datasets/raw/coco_person/train/images/000000248150.jpg,../datasets/raw/coco_person/train/labels/000000248150.txt,coco_person,000000248150,train_pool,val
000000248194.jpg,../datasets/raw/coco_person/train/images/000000248194.jpg,../datasets/raw/coco_person/train/labels/000000248194.txt,coco_person,000000248194,train_pool,train
000000248315.jpg,../datasets/raw/coco_person/train/images/000000248315.jpg,../datasets/raw/coco_person/train/labels/000000248315.txt,coco_person,000000248315,train_pool,train
000000248468.jpg,../datasets/raw/coco_person/train/images/000000248468.jpg,../datasets/raw/coco_person/train/labels/000000248468.txt,coco_person,000000248468,train_pool,train
000000248637.jpg,../datasets/raw/coco_person/train/images/000000248637.jpg,../datasets/raw/coco_person/train/labels/000000248637.txt,coco_person,000000248637,train_pool,train
000000248702.jpg,../datasets/raw/coco_person/train/images/000000248702.jpg,../datasets/raw/coco_person/train/labels/000000248702.txt,coco_person,000000248702,train_pool,train
000000248761.jpg,../datasets/raw/coco_person/train/images/000000248761.jpg,../datasets/raw/coco_person/train/labels/000000248761.txt,coco_person,000000248761,train_pool,train
000000248789.jpg,../datasets/raw/coco_person/train/images/000000248789.jpg,../datasets/raw/coco_person/train/labels/000000248789.txt,coco_person,000000248789,train_pool,val
000000248924.jpg,../datasets/raw/coco_person/train/images/000000248924.jpg,../datasets/raw/coco_person/train/labels/000000248924.txt,coco_person,000000248924,train_pool,train
000000248925.jpg,../datasets/raw/coco_person/train/images/000000248925.jpg,../datasets/raw/coco_person/train/labels/000000248925.txt,coco_person,000000248925,train_pool,train
000000249166.jpg,../datasets/raw/coco_person/train/images/000000249166.jpg,../datasets/raw/coco_person/train/labels/000000249166.txt,coco_person,000000249166,train_pool,train
000000249524.jpg,../datasets/raw/coco_person/train/images/000000249524.jpg,../datasets/raw/coco_person/train/labels/000000249524.txt,coco_person,000000249524,train_pool,train
000000249531.jpg,../datasets/raw/coco_person/train/images/000000249531.jpg,../datasets/raw/coco_person/train/labels/000000249531.txt,coco_person,000000249531,train_pool,val
000000250103.jpg,../datasets/raw/coco_person/train/images/000000250103.jpg,../datasets/raw/coco_person/train/labels/000000250103.txt,coco_person,000000250103,train_pool,train
000000250295.jpg,../datasets/raw/coco_person/train/images/000000250295.jpg,../datasets/raw/coco_person/train/labels/000000250295.txt,coco_person,000000250295,train_pool,train
000000250768.jpg,../datasets/raw/coco_person/train/images/000000250768.jpg,../datasets/raw/coco_person/train/labels/000000250768.txt,coco_person,000000250768,train_pool,train
000000250893.jpg,../datasets/raw/coco_person/train/images/000000250893.jpg,../datasets/raw/coco_person/train/labels/000000250893.txt,coco_person,000000250893,train_pool,train
000000251082.jpg,../datasets/raw/coco_person/train/images/000000251082.jpg,../datasets/raw/coco_person/train/labels/000000251082.txt,coco_person,000000251082,train_pool,train
000000251211.jpg,../datasets/raw/coco_person/train/images/000000251211.jpg,../datasets/raw/coco_person/train/labels/000000251211.txt,coco_person,000000251211,train_pool,train
000000251493.jpg,../datasets/raw/coco_person/train/images/000000251493.jpg,../datasets/raw/coco_person/train/labels/000000251493.txt,coco_person,000000251493,train_pool,train
000000251660.jpg,../datasets/raw/coco_person/train/images/000000251660.jpg,../datasets/raw/coco_person/train/labels/000000251660.txt,coco_person,000000251660,train_pool,train
000000251752.jpg,../datasets/raw/coco_person/train/images/000000251752.jpg,../datasets/raw/coco_person/train/labels/000000251752.txt,coco_person,000000251752,train_pool,train
000000251872.jpg,../datasets/raw/coco_person/train/images/000000251872.jpg,../datasets/raw/coco_person/train/labels/000000251872.txt,coco_person,000000251872,train_pool,train
000000252344.jpg,../datasets/raw/coco_person/train/images/000000252344.jpg,../datasets/raw/coco_person/train/labels/000000252344.txt,coco_person,000000252344,train_pool,train
000000252383.jpg,../datasets/raw/coco_person/train/images/000000252383.jpg,../datasets/raw/coco_person/train/labels/000000252383.txt,coco_person,000000252383,train_pool,train
000000253121.jpg,../datasets/raw/coco_person/train/images/000000253121.jpg,../datasets/raw/coco_person/train/labels/000000253121.txt,coco_person,000000253121,train_pool,train
000000253141.jpg,../datasets/raw/coco_person/train/images/000000253141.jpg,../datasets/raw/coco_person/train/labels/000000253141.txt,coco_person,000000253141,train_pool,train
000000253229.jpg,../datasets/raw/coco_person/train/images/000000253229.jpg,../datasets/raw/coco_person/train/labels/000000253229.txt,coco_person,000000253229,train_pool,val
000000253945.jpg,../datasets/raw/coco_person/train/images/000000253945.jpg,../datasets/raw/coco_person/train/labels/000000253945.txt,coco_person,000000253945,train_pool,train
000000254078.jpg,../datasets/raw/coco_person/train/images/000000254078.jpg,../datasets/raw/coco_person/train/labels/000000254078.txt,coco_person,000000254078,train_pool,train
000000254218.jpg,../datasets/raw/coco_person/train/images/000000254218.jpg,../datasets/raw/coco_person/train/labels/000000254218.txt,coco_person,000000254218,train_pool,train
000000254449.jpg,../datasets/raw/coco_person/train/images/000000254449.jpg,../datasets/raw/coco_person/train/labels/000000254449.txt,coco_person,000000254449,train_pool,train
000000254493.jpg,../datasets/raw/coco_person/train/images/000000254493.jpg,../datasets/raw/coco_person/train/labels/000000254493.txt,coco_person,000000254493,train_pool,train
000000254714.jpg,../datasets/raw/coco_person/train/images/000000254714.jpg,../datasets/raw/coco_person/train/labels/000000254714.txt,coco_person,000000254714,train_pool,train
000000254884.jpg,../datasets/raw/coco_person/train/images/000000254884.jpg,../datasets/raw/coco_person/train/labels/000000254884.txt,coco_person,000000254884,train_pool,val
000000254930.jpg,../datasets/raw/coco_person/train/images/000000254930.jpg,../datasets/raw/coco_person/train/labels/000000254930.txt,coco_person,000000254930,train_pool,train
000000255115.jpg,../datasets/raw/coco_person/train/images/000000255115.jpg,../datasets/raw/coco_person/train/labels/000000255115.txt,coco_person,000000255115,train_pool,train
000000255203.jpg,../datasets/raw/coco_person/train/images/000000255203.jpg,../datasets/raw/coco_person/train/labels/000000255203.txt,coco_person,000000255203,train_pool,val
000000255306.jpg,../datasets/raw/coco_person/train/images/000000255306.jpg,../datasets/raw/coco_person/train/labels/000000255306.txt,coco_person,000000255306,train_pool,train
000000255315.jpg,../datasets/raw/coco_person/train/images/000000255315.jpg,../datasets/raw/coco_person/train/labels/000000255315.txt,coco_person,000000255315,train_pool,train
000000255425.jpg,../datasets/raw/coco_person/train/images/000000255425.jpg,../datasets/raw/coco_person/train/labels/000000255425.txt,coco_person,000000255425,train_pool,train
000000255471.jpg,../datasets/raw/coco_person/train/images/000000255471.jpg,../datasets/raw/coco_person/train/labels/000000255471.txt,coco_person,000000255471,train_pool,train
000000255592.jpg,../datasets/raw/coco_person/train/images/000000255592.jpg,../datasets/raw/coco_person/train/labels/000000255592.txt,coco_person,000000255592,train_pool,train
000000256180.jpg,../datasets/raw/coco_person/train/images/000000256180.jpg,../datasets/raw/coco_person/train/labels/000000256180.txt,coco_person,000000256180,train_pool,val
000000256215.jpg,../datasets/raw/coco_person/train/images/000000256215.jpg,../datasets/raw/coco_person/train/labels/000000256215.txt,coco_person,000000256215,train_pool,train
000000256366.jpg,../datasets/raw/coco_person/train/images/000000256366.jpg,../datasets/raw/coco_person/train/labels/000000256366.txt,coco_person,000000256366,train_pool,val
000000256385.jpg,../datasets/raw/coco_person/train/images/000000256385.jpg,../datasets/raw/coco_person/train/labels/000000256385.txt,coco_person,000000256385,train_pool,train
000000256577.jpg,../datasets/raw/coco_person/train/images/000000256577.jpg,../datasets/raw/coco_person/train/labels/000000256577.txt,coco_person,000000256577,train_pool,train
000000256683.jpg,../datasets/raw/coco_person/train/images/000000256683.jpg,../datasets/raw/coco_person/train/labels/000000256683.txt,coco_person,000000256683,train_pool,train
000000256940.jpg,../datasets/raw/coco_person/train/images/000000256940.jpg,../datasets/raw/coco_person/train/labels/000000256940.txt,coco_person,000000256940,train_pool,val
000000256980.jpg,../datasets/raw/coco_person/train/images/000000256980.jpg,../datasets/raw/coco_person/train/labels/000000256980.txt,coco_person,000000256980,train_pool,train
000000257076.jpg,../datasets/raw/coco_person/train/images/000000257076.jpg,../datasets/raw/coco_person/train/labels/000000257076.txt,coco_person,000000257076,train_pool,train
000000257165.jpg,../datasets/raw/coco_person/train/images/000000257165.jpg,../datasets/raw/coco_person/train/labels/000000257165.txt,coco_person,000000257165,train_pool,train
000000257187.jpg,../datasets/raw/coco_person/train/images/000000257187.jpg,../datasets/raw/coco_person/train/labels/000000257187.txt,coco_person,000000257187,train_pool,train
000000257297.jpg,../datasets/raw/coco_person/train/images/000000257297.jpg,../datasets/raw/coco_person/train/labels/000000257297.txt,coco_person,000000257297,train_pool,train
000000257407.jpg,../datasets/raw/coco_person/train/images/000000257407.jpg,../datasets/raw/coco_person/train/labels/000000257407.txt,coco_person,000000257407,train_pool,train
000000257897.jpg,../datasets/raw/coco_person/train/images/000000257897.jpg,../datasets/raw/coco_person/train/labels/000000257897.txt,coco_person,000000257897,train_pool,train
000000257920.jpg,../datasets/raw/coco_person/train/images/000000257920.jpg,../datasets/raw/coco_person/train/labels/000000257920.txt,coco_person,000000257920,train_pool,train
000000258035.jpg,../datasets/raw/coco_person/train/images/000000258035.jpg,../datasets/raw/coco_person/train/labels/000000258035.txt,coco_person,000000258035,train_pool,train
000000258043.jpg,../datasets/raw/coco_person/train/images/000000258043.jpg,../datasets/raw/coco_person/train/labels/000000258043.txt,coco_person,000000258043,train_pool,train
000000258327.jpg,../datasets/raw/coco_person/train/images/000000258327.jpg,../datasets/raw/coco_person/train/labels/000000258327.txt,coco_person,000000258327,train_pool,train
000000258642.jpg,../datasets/raw/coco_person/train/images/000000258642.jpg,../datasets/raw/coco_person/train/labels/000000258642.txt,coco_person,000000258642,train_pool,val
000000258679.jpg,../datasets/raw/coco_person/train/images/000000258679.jpg,../datasets/raw/coco_person/train/labels/000000258679.txt,coco_person,000000258679,train_pool,train
000000258856.jpg,../datasets/raw/coco_person/train/images/000000258856.jpg,../datasets/raw/coco_person/train/labels/000000258856.txt,coco_person,000000258856,train_pool,train
000000258859.jpg,../datasets/raw/coco_person/train/images/000000258859.jpg,../datasets/raw/coco_person/train/labels/000000258859.txt,coco_person,000000258859,train_pool,train
000000258920.jpg,../datasets/raw/coco_person/train/images/000000258920.jpg,../datasets/raw/coco_person/train/labels/000000258920.txt,coco_person,000000258920,train_pool,train
000000259137.jpg,../datasets/raw/coco_person/train/images/000000259137.jpg,../datasets/raw/coco_person/train/labels/000000259137.txt,coco_person,000000259137,train_pool,train
000000259149.jpg,../datasets/raw/coco_person/train/images/000000259149.jpg,../datasets/raw/coco_person/train/labels/000000259149.txt,coco_person,000000259149,train_pool,val
000000259349.jpg,../datasets/raw/coco_person/train/images/000000259349.jpg,../datasets/raw/coco_person/train/labels/000000259349.txt,coco_person,000000259349,train_pool,train
000000259543.jpg,../datasets/raw/coco_person/train/images/000000259543.jpg,../datasets/raw/coco_person/train/labels/000000259543.txt,coco_person,000000259543,train_pool,train
000000260006.jpg,../datasets/raw/coco_person/train/images/000000260006.jpg,../datasets/raw/coco_person/train/labels/000000260006.txt,coco_person,000000260006,train_pool,train
000000260036.jpg,../datasets/raw/coco_person/train/images/000000260036.jpg,../datasets/raw/coco_person/train/labels/000000260036.txt,coco_person,000000260036,train_pool,train
000000260141.jpg,../datasets/raw/coco_person/train/images/000000260141.jpg,../datasets/raw/coco_person/train/labels/000000260141.txt,coco_person,000000260141,train_pool,train
000000260238.jpg,../datasets/raw/coco_person/train/images/000000260238.jpg,../datasets/raw/coco_person/train/labels/000000260238.txt,coco_person,000000260238,train_pool,train
000000260354.jpg,../datasets/raw/coco_person/train/images/000000260354.jpg,../datasets/raw/coco_person/train/labels/000000260354.txt,coco_person,000000260354,train_pool,train
000000260465.jpg,../datasets/raw/coco_person/train/images/000000260465.jpg,../datasets/raw/coco_person/train/labels/000000260465.txt,coco_person,000000260465,train_pool,val
000000260818.jpg,../datasets/raw/coco_person/train/images/000000260818.jpg,../datasets/raw/coco_person/train/labels/000000260818.txt,coco_person,000000260818,train_pool,train
000000260977.jpg,../datasets/raw/coco_person/train/images/000000260977.jpg,../datasets/raw/coco_person/train/labels/000000260977.txt,coco_person,000000260977,train_pool,train
000000261026.jpg,../datasets/raw/coco_person/train/images/000000261026.jpg,../datasets/raw/coco_person/train/labels/000000261026.txt,coco_person,000000261026,train_pool,train
000000261151.jpg,../datasets/raw/coco_person/train/images/000000261151.jpg,../datasets/raw/coco_person/train/labels/000000261151.txt,coco_person,000000261151,train_pool,train
000000261280.jpg,../datasets/raw/coco_person/train/images/000000261280.jpg,../datasets/raw/coco_person/train/labels/000000261280.txt,coco_person,000000261280,train_pool,train
000000261363.jpg,../datasets/raw/coco_person/train/images/000000261363.jpg,../datasets/raw/coco_person/train/labels/000000261363.txt,coco_person,000000261363,train_pool,train
000000261765.jpg,../datasets/raw/coco_person/train/images/000000261765.jpg,../datasets/raw/coco_person/train/labels/000000261765.txt,coco_person,000000261765,train_pool,train
000000261788.jpg,../datasets/raw/coco_person/train/images/000000261788.jpg,../datasets/raw/coco_person/train/labels/000000261788.txt,coco_person,000000261788,train_pool,train
000000261977.jpg,../datasets/raw/coco_person/train/images/000000261977.jpg,../datasets/raw/coco_person/train/labels/000000261977.txt,coco_person,000000261977,train_pool,train
000000262136.jpg,../datasets/raw/coco_person/train/images/000000262136.jpg,../datasets/raw/coco_person/train/labels/000000262136.txt,coco_person,000000262136,train_pool,train
000000262171.jpg,../datasets/raw/coco_person/train/images/000000262171.jpg,../datasets/raw/coco_person/train/labels/000000262171.txt,coco_person,000000262171,train_pool,train
000000262275.jpg,../datasets/raw/coco_person/train/images/000000262275.jpg,../datasets/raw/coco_person/train/labels/000000262275.txt,coco_person,000000262275,train_pool,train
000000262286.jpg,../datasets/raw/coco_person/train/images/000000262286.jpg,../datasets/raw/coco_person/train/labels/000000262286.txt,coco_person,000000262286,train_pool,train
000000262335.jpg,../datasets/raw/coco_person/train/images/000000262335.jpg,../datasets/raw/coco_person/train/labels/000000262335.txt,coco_person,000000262335,train_pool,train
000000262413.jpg,../datasets/raw/coco_person/train/images/000000262413.jpg,../datasets/raw/coco_person/train/labels/000000262413.txt,coco_person,000000262413,train_pool,train
000000262588.jpg,../datasets/raw/coco_person/train/images/000000262588.jpg,../datasets/raw/coco_person/train/labels/000000262588.txt,coco_person,000000262588,train_pool,train
000000262609.jpg,../datasets/raw/coco_person/train/images/000000262609.jpg,../datasets/raw/coco_person/train/labels/000000262609.txt,coco_person,000000262609,train_pool,train
000000262703.jpg,../datasets/raw/coco_person/train/images/000000262703.jpg,../datasets/raw/coco_person/train/labels/000000262703.txt,coco_person,000000262703,train_pool,val
000000263011.jpg,../datasets/raw/coco_person/train/images/000000263011.jpg,../datasets/raw/coco_person/train/labels/000000263011.txt,coco_person,000000263011,train_pool,train
000000263251.jpg,../datasets/raw/coco_person/train/images/000000263251.jpg,../datasets/raw/coco_person/train/labels/000000263251.txt,coco_person,000000263251,train_pool,train
000000263328.jpg,../datasets/raw/coco_person/train/images/000000263328.jpg,../datasets/raw/coco_person/train/labels/000000263328.txt,coco_person,000000263328,train_pool,train
000000263418.jpg,../datasets/raw/coco_person/train/images/000000263418.jpg,../datasets/raw/coco_person/train/labels/000000263418.txt,coco_person,000000263418,train_pool,train
000000263440.jpg,../datasets/raw/coco_person/train/images/000000263440.jpg,../datasets/raw/coco_person/train/labels/000000263440.txt,coco_person,000000263440,train_pool,train
000000263453.jpg,../datasets/raw/coco_person/train/images/000000263453.jpg,../datasets/raw/coco_person/train/labels/000000263453.txt,coco_person,000000263453,train_pool,train
000000263512.jpg,../datasets/raw/coco_person/train/images/000000263512.jpg,../datasets/raw/coco_person/train/labels/000000263512.txt,coco_person,000000263512,train_pool,train
000000263603.jpg,../datasets/raw/coco_person/train/images/000000263603.jpg,../datasets/raw/coco_person/train/labels/000000263603.txt,coco_person,000000263603,train_pool,train
000000263604.jpg,../datasets/raw/coco_person/train/images/000000263604.jpg,../datasets/raw/coco_person/train/labels/000000263604.txt,coco_person,000000263604,train_pool,train
000000263696.jpg,../datasets/raw/coco_person/train/images/000000263696.jpg,../datasets/raw/coco_person/train/labels/000000263696.txt,coco_person,000000263696,train_pool,train
000000263810.jpg,../datasets/raw/coco_person/train/images/000000263810.jpg,../datasets/raw/coco_person/train/labels/000000263810.txt,coco_person,000000263810,train_pool,train
000000263823.jpg,../datasets/raw/coco_person/train/images/000000263823.jpg,../datasets/raw/coco_person/train/labels/000000263823.txt,coco_person,000000263823,train_pool,train
000000263878.jpg,../datasets/raw/coco_person/train/images/000000263878.jpg,../datasets/raw/coco_person/train/labels/000000263878.txt,coco_person,000000263878,train_pool,train
000000263973.jpg,../datasets/raw/coco_person/train/images/000000263973.jpg,../datasets/raw/coco_person/train/labels/000000263973.txt,coco_person,000000263973,train_pool,train
000000263995.jpg,../datasets/raw/coco_person/train/images/000000263995.jpg,../datasets/raw/coco_person/train/labels/000000263995.txt,coco_person,000000263995,train_pool,train
000000264124.jpg,../datasets/raw/coco_person/train/images/000000264124.jpg,../datasets/raw/coco_person/train/labels/000000264124.txt,coco_person,000000264124,train_pool,train
000000264353.jpg,../datasets/raw/coco_person/train/images/000000264353.jpg,../datasets/raw/coco_person/train/labels/000000264353.txt,coco_person,000000264353,train_pool,train
000000264497.jpg,../datasets/raw/coco_person/train/images/000000264497.jpg,../datasets/raw/coco_person/train/labels/000000264497.txt,coco_person,000000264497,train_pool,train
000000264781.jpg,../datasets/raw/coco_person/train/images/000000264781.jpg,../datasets/raw/coco_person/train/labels/000000264781.txt,coco_person,000000264781,train_pool,train
000000265114.jpg,../datasets/raw/coco_person/train/images/000000265114.jpg,../datasets/raw/coco_person/train/labels/000000265114.txt,coco_person,000000265114,train_pool,train
000000265153.jpg,../datasets/raw/coco_person/train/images/000000265153.jpg,../datasets/raw/coco_person/train/labels/000000265153.txt,coco_person,000000265153,train_pool,train
000000265173.jpg,../datasets/raw/coco_person/train/images/000000265173.jpg,../datasets/raw/coco_person/train/labels/000000265173.txt,coco_person,000000265173,train_pool,train
000000265176.jpg,../datasets/raw/coco_person/train/images/000000265176.jpg,../datasets/raw/coco_person/train/labels/000000265176.txt,coco_person,000000265176,train_pool,train
000000265256.jpg,../datasets/raw/coco_person/train/images/000000265256.jpg,../datasets/raw/coco_person/train/labels/000000265256.txt,coco_person,000000265256,train_pool,train
000000265280.jpg,../datasets/raw/coco_person/train/images/000000265280.jpg,../datasets/raw/coco_person/train/labels/000000265280.txt,coco_person,000000265280,train_pool,train
000000266131.jpg,../datasets/raw/coco_person/train/images/000000266131.jpg,../datasets/raw/coco_person/train/labels/000000266131.txt,coco_person,000000266131,train_pool,train
000000266379.jpg,../datasets/raw/coco_person/train/images/000000266379.jpg,../datasets/raw/coco_person/train/labels/000000266379.txt,coco_person,000000266379,train_pool,train
000000266441.jpg,../datasets/raw/coco_person/train/images/000000266441.jpg,../datasets/raw/coco_person/train/labels/000000266441.txt,coco_person,000000266441,train_pool,train
000000266687.jpg,../datasets/raw/coco_person/train/images/000000266687.jpg,../datasets/raw/coco_person/train/labels/000000266687.txt,coco_person,000000266687,train_pool,val
000000267112.jpg,../datasets/raw/coco_person/train/images/000000267112.jpg,../datasets/raw/coco_person/train/labels/000000267112.txt,coco_person,000000267112,train_pool,train
000000267203.jpg,../datasets/raw/coco_person/train/images/000000267203.jpg,../datasets/raw/coco_person/train/labels/000000267203.txt,coco_person,000000267203,train_pool,val
000000267210.jpg,../datasets/raw/coco_person/train/images/000000267210.jpg,../datasets/raw/coco_person/train/labels/000000267210.txt,coco_person,000000267210,train_pool,train
000000267443.jpg,../datasets/raw/coco_person/train/images/000000267443.jpg,../datasets/raw/coco_person/train/labels/000000267443.txt,coco_person,000000267443,train_pool,train
000000267457.jpg,../datasets/raw/coco_person/train/images/000000267457.jpg,../datasets/raw/coco_person/train/labels/000000267457.txt,coco_person,000000267457,train_pool,train
000000267463.jpg,../datasets/raw/coco_person/train/images/000000267463.jpg,../datasets/raw/coco_person/train/labels/000000267463.txt,coco_person,000000267463,train_pool,train
000000267684.jpg,../datasets/raw/coco_person/train/images/000000267684.jpg,../datasets/raw/coco_person/train/labels/000000267684.txt,coco_person,000000267684,train_pool,train
000000267709.jpg,../datasets/raw/coco_person/train/images/000000267709.jpg,../datasets/raw/coco_person/train/labels/000000267709.txt,coco_person,000000267709,train_pool,train
000000267927.jpg,../datasets/raw/coco_person/train/images/000000267927.jpg,../datasets/raw/coco_person/train/labels/000000267927.txt,coco_person,000000267927,train_pool,train
000000267957.jpg,../datasets/raw/coco_person/train/images/000000267957.jpg,../datasets/raw/coco_person/train/labels/000000267957.txt,coco_person,000000267957,train_pool,train
000000268008.jpg,../datasets/raw/coco_person/train/images/000000268008.jpg,../datasets/raw/coco_person/train/labels/000000268008.txt,coco_person,000000268008,train_pool,train
000000268036.jpg,../datasets/raw/coco_person/train/images/000000268036.jpg,../datasets/raw/coco_person/train/labels/000000268036.txt,coco_person,000000268036,train_pool,train
000000268042.jpg,../datasets/raw/coco_person/train/images/000000268042.jpg,../datasets/raw/coco_person/train/labels/000000268042.txt,coco_person,000000268042,train_pool,train
000000268122.jpg,../datasets/raw/coco_person/train/images/000000268122.jpg,../datasets/raw/coco_person/train/labels/000000268122.txt,coco_person,000000268122,train_pool,train
000000268251.jpg,../datasets/raw/coco_person/train/images/000000268251.jpg,../datasets/raw/coco_person/train/labels/000000268251.txt,coco_person,000000268251,train_pool,train
000000268397.jpg,../datasets/raw/coco_person/train/images/000000268397.jpg,../datasets/raw/coco_person/train/labels/000000268397.txt,coco_person,000000268397,train_pool,train
000000268590.jpg,../datasets/raw/coco_person/train/images/000000268590.jpg,../datasets/raw/coco_person/train/labels/000000268590.txt,coco_person,000000268590,train_pool,train
000000268804.jpg,../datasets/raw/coco_person/train/images/000000268804.jpg,../datasets/raw/coco_person/train/labels/000000268804.txt,coco_person,000000268804,train_pool,train
000000268897.jpg,../datasets/raw/coco_person/train/images/000000268897.jpg,../datasets/raw/coco_person/train/labels/000000268897.txt,coco_person,000000268897,train_pool,train
000000269045.jpg,../datasets/raw/coco_person/train/images/000000269045.jpg,../datasets/raw/coco_person/train/labels/000000269045.txt,coco_person,000000269045,train_pool,train
000000269234.jpg,../datasets/raw/coco_person/train/images/000000269234.jpg,../datasets/raw/coco_person/train/labels/000000269234.txt,coco_person,000000269234,train_pool,train
000000269346.jpg,../datasets/raw/coco_person/train/images/000000269346.jpg,../datasets/raw/coco_person/train/labels/000000269346.txt,coco_person,000000269346,train_pool,train
000000270109.jpg,../datasets/raw/coco_person/train/images/000000270109.jpg,../datasets/raw/coco_person/train/labels/000000270109.txt,coco_person,000000270109,train_pool,val
000000270275.jpg,../datasets/raw/coco_person/train/images/000000270275.jpg,../datasets/raw/coco_person/train/labels/000000270275.txt,coco_person,000000270275,train_pool,train
000000270330.jpg,../datasets/raw/coco_person/train/images/000000270330.jpg,../datasets/raw/coco_person/train/labels/000000270330.txt,coco_person,000000270330,train_pool,train
000000270369.jpg,../datasets/raw/coco_person/train/images/000000270369.jpg,../datasets/raw/coco_person/train/labels/000000270369.txt,coco_person,000000270369,train_pool,train
000000270475.jpg,../datasets/raw/coco_person/train/images/000000270475.jpg,../datasets/raw/coco_person/train/labels/000000270475.txt,coco_person,000000270475,train_pool,val
000000270659.jpg,../datasets/raw/coco_person/train/images/000000270659.jpg,../datasets/raw/coco_person/train/labels/000000270659.txt,coco_person,000000270659,train_pool,train
000000270706.jpg,../datasets/raw/coco_person/train/images/000000270706.jpg,../datasets/raw/coco_person/train/labels/000000270706.txt,coco_person,000000270706,train_pool,train
000000270922.jpg,../datasets/raw/coco_person/train/images/000000270922.jpg,../datasets/raw/coco_person/train/labels/000000270922.txt,coco_person,000000270922,train_pool,train
000000271206.jpg,../datasets/raw/coco_person/train/images/000000271206.jpg,../datasets/raw/coco_person/train/labels/000000271206.txt,coco_person,000000271206,train_pool,train
000000271364.jpg,../datasets/raw/coco_person/train/images/000000271364.jpg,../datasets/raw/coco_person/train/labels/000000271364.txt,coco_person,000000271364,train_pool,train
000000271385.jpg,../datasets/raw/coco_person/train/images/000000271385.jpg,../datasets/raw/coco_person/train/labels/000000271385.txt,coco_person,000000271385,train_pool,val
000000271565.jpg,../datasets/raw/coco_person/train/images/000000271565.jpg,../datasets/raw/coco_person/train/labels/000000271565.txt,coco_person,000000271565,train_pool,train
000000271929.jpg,../datasets/raw/coco_person/train/images/000000271929.jpg,../datasets/raw/coco_person/train/labels/000000271929.txt,coco_person,000000271929,train_pool,train
000000272101.jpg,../datasets/raw/coco_person/train/images/000000272101.jpg,../datasets/raw/coco_person/train/labels/000000272101.txt,coco_person,000000272101,train_pool,train
000000272420.jpg,../datasets/raw/coco_person/train/images/000000272420.jpg,../datasets/raw/coco_person/train/labels/000000272420.txt,coco_person,000000272420,train_pool,train
000000272648.jpg,../datasets/raw/coco_person/train/images/000000272648.jpg,../datasets/raw/coco_person/train/labels/000000272648.txt,coco_person,000000272648,train_pool,train
000000272666.jpg,../datasets/raw/coco_person/train/images/000000272666.jpg,../datasets/raw/coco_person/train/labels/000000272666.txt,coco_person,000000272666,train_pool,train
000000272716.jpg,../datasets/raw/coco_person/train/images/000000272716.jpg,../datasets/raw/coco_person/train/labels/000000272716.txt,coco_person,000000272716,train_pool,train
000000272832.jpg,../datasets/raw/coco_person/train/images/000000272832.jpg,../datasets/raw/coco_person/train/labels/000000272832.txt,coco_person,000000272832,train_pool,train
000000273245.jpg,../datasets/raw/coco_person/train/images/000000273245.jpg,../datasets/raw/coco_person/train/labels/000000273245.txt,coco_person,000000273245,train_pool,train
000000273456.jpg,../datasets/raw/coco_person/train/images/000000273456.jpg,../datasets/raw/coco_person/train/labels/000000273456.txt,coco_person,000000273456,train_pool,train
000000273665.jpg,../datasets/raw/coco_person/train/images/000000273665.jpg,../datasets/raw/coco_person/train/labels/000000273665.txt,coco_person,000000273665,train_pool,val
000000273789.jpg,../datasets/raw/coco_person/train/images/000000273789.jpg,../datasets/raw/coco_person/train/labels/000000273789.txt,coco_person,000000273789,train_pool,train
000000273855.jpg,../datasets/raw/coco_person/train/images/000000273855.jpg,../datasets/raw/coco_person/train/labels/000000273855.txt,coco_person,000000273855,train_pool,train
000000273889.jpg,../datasets/raw/coco_person/train/images/000000273889.jpg,../datasets/raw/coco_person/train/labels/000000273889.txt,coco_person,000000273889,train_pool,train
000000274035.jpg,../datasets/raw/coco_person/train/images/000000274035.jpg,../datasets/raw/coco_person/train/labels/000000274035.txt,coco_person,000000274035,train_pool,val
000000274134.jpg,../datasets/raw/coco_person/train/images/000000274134.jpg,../datasets/raw/coco_person/train/labels/000000274134.txt,coco_person,000000274134,train_pool,train
000000274314.jpg,../datasets/raw/coco_person/train/images/000000274314.jpg,../datasets/raw/coco_person/train/labels/000000274314.txt,coco_person,000000274314,train_pool,train
000000274499.jpg,../datasets/raw/coco_person/train/images/000000274499.jpg,../datasets/raw/coco_person/train/labels/000000274499.txt,coco_person,000000274499,train_pool,train
000000274556.jpg,../datasets/raw/coco_person/train/images/000000274556.jpg,../datasets/raw/coco_person/train/labels/000000274556.txt,coco_person,000000274556,train_pool,train
000000274834.jpg,../datasets/raw/coco_person/train/images/000000274834.jpg,../datasets/raw/coco_person/train/labels/000000274834.txt,coco_person,000000274834,train_pool,train
000000275168.jpg,../datasets/raw/coco_person/train/images/000000275168.jpg,../datasets/raw/coco_person/train/labels/000000275168.txt,coco_person,000000275168,train_pool,train
000000275316.jpg,../datasets/raw/coco_person/train/images/000000275316.jpg,../datasets/raw/coco_person/train/labels/000000275316.txt,coco_person,000000275316,train_pool,train
000000275339.jpg,../datasets/raw/coco_person/train/images/000000275339.jpg,../datasets/raw/coco_person/train/labels/000000275339.txt,coco_person,000000275339,train_pool,train
000000275348.jpg,../datasets/raw/coco_person/train/images/000000275348.jpg,../datasets/raw/coco_person/train/labels/000000275348.txt,coco_person,000000275348,train_pool,train
000000275374.jpg,../datasets/raw/coco_person/train/images/000000275374.jpg,../datasets/raw/coco_person/train/labels/000000275374.txt,coco_person,000000275374,train_pool,train
000000275755.jpg,../datasets/raw/coco_person/train/images/000000275755.jpg,../datasets/raw/coco_person/train/labels/000000275755.txt,coco_person,000000275755,train_pool,train
000000275843.jpg,../datasets/raw/coco_person/train/images/000000275843.jpg,../datasets/raw/coco_person/train/labels/000000275843.txt,coco_person,000000275843,train_pool,train
000000276381.jpg,../datasets/raw/coco_person/train/images/000000276381.jpg,../datasets/raw/coco_person/train/labels/000000276381.txt,coco_person,000000276381,train_pool,train
000000276542.jpg,../datasets/raw/coco_person/train/images/000000276542.jpg,../datasets/raw/coco_person/train/labels/000000276542.txt,coco_person,000000276542,train_pool,train
000000276580.jpg,../datasets/raw/coco_person/train/images/000000276580.jpg,../datasets/raw/coco_person/train/labels/000000276580.txt,coco_person,000000276580,train_pool,train
000000276597.jpg,../datasets/raw/coco_person/train/images/000000276597.jpg,../datasets/raw/coco_person/train/labels/000000276597.txt,coco_person,000000276597,train_pool,train
000000276789.jpg,../datasets/raw/coco_person/train/images/000000276789.jpg,../datasets/raw/coco_person/train/labels/000000276789.txt,coco_person,000000276789,train_pool,train
000000276840.jpg,../datasets/raw/coco_person/train/images/000000276840.jpg,../datasets/raw/coco_person/train/labels/000000276840.txt,coco_person,000000276840,train_pool,train
000000276893.jpg,../datasets/raw/coco_person/train/images/000000276893.jpg,../datasets/raw/coco_person/train/labels/000000276893.txt,coco_person,000000276893,train_pool,train
000000277094.jpg,../datasets/raw/coco_person/train/images/000000277094.jpg,../datasets/raw/coco_person/train/labels/000000277094.txt,coco_person,000000277094,train_pool,train
000000277122.jpg,../datasets/raw/coco_person/train/images/000000277122.jpg,../datasets/raw/coco_person/train/labels/000000277122.txt,coco_person,000000277122,train_pool,train
000000277156.jpg,../datasets/raw/coco_person/train/images/000000277156.jpg,../datasets/raw/coco_person/train/labels/000000277156.txt,coco_person,000000277156,train_pool,train
000000277406.jpg,../datasets/raw/coco_person/train/images/000000277406.jpg,../datasets/raw/coco_person/train/labels/000000277406.txt,coco_person,000000277406,train_pool,train
000000277761.jpg,../datasets/raw/coco_person/train/images/000000277761.jpg,../datasets/raw/coco_person/train/labels/000000277761.txt,coco_person,000000277761,train_pool,train
000000277945.jpg,../datasets/raw/coco_person/train/images/000000277945.jpg,../datasets/raw/coco_person/train/labels/000000277945.txt,coco_person,000000277945,train_pool,train
000000278115.jpg,../datasets/raw/coco_person/train/images/000000278115.jpg,../datasets/raw/coco_person/train/labels/000000278115.txt,coco_person,000000278115,train_pool,train
000000278121.jpg,../datasets/raw/coco_person/train/images/000000278121.jpg,../datasets/raw/coco_person/train/labels/000000278121.txt,coco_person,000000278121,train_pool,val
000000278204.jpg,../datasets/raw/coco_person/train/images/000000278204.jpg,../datasets/raw/coco_person/train/labels/000000278204.txt,coco_person,000000278204,train_pool,train
000000278224.jpg,../datasets/raw/coco_person/train/images/000000278224.jpg,../datasets/raw/coco_person/train/labels/000000278224.txt,coco_person,000000278224,train_pool,train
000000278359.jpg,../datasets/raw/coco_person/train/images/000000278359.jpg,../datasets/raw/coco_person/train/labels/000000278359.txt,coco_person,000000278359,train_pool,train
000000278450.jpg,../datasets/raw/coco_person/train/images/000000278450.jpg,../datasets/raw/coco_person/train/labels/000000278450.txt,coco_person,000000278450,train_pool,train
000000278528.jpg,../datasets/raw/coco_person/train/images/000000278528.jpg,../datasets/raw/coco_person/train/labels/000000278528.txt,coco_person,000000278528,train_pool,val
000000278548.jpg,../datasets/raw/coco_person/train/images/000000278548.jpg,../datasets/raw/coco_person/train/labels/000000278548.txt,coco_person,000000278548,train_pool,train
000000278656.jpg,../datasets/raw/coco_person/train/images/000000278656.jpg,../datasets/raw/coco_person/train/labels/000000278656.txt,coco_person,000000278656,train_pool,train
000000278816.jpg,../datasets/raw/coco_person/train/images/000000278816.jpg,../datasets/raw/coco_person/train/labels/000000278816.txt,coco_person,000000278816,train_pool,train
000000279140.jpg,../datasets/raw/coco_person/train/images/000000279140.jpg,../datasets/raw/coco_person/train/labels/000000279140.txt,coco_person,000000279140,train_pool,train
000000279385.jpg,../datasets/raw/coco_person/train/images/000000279385.jpg,../datasets/raw/coco_person/train/labels/000000279385.txt,coco_person,000000279385,train_pool,train
000000279407.jpg,../datasets/raw/coco_person/train/images/000000279407.jpg,../datasets/raw/coco_person/train/labels/000000279407.txt,coco_person,000000279407,train_pool,train
000000279451.jpg,../datasets/raw/coco_person/train/images/000000279451.jpg,../datasets/raw/coco_person/train/labels/000000279451.txt,coco_person,000000279451,train_pool,val
000000279524.jpg,../datasets/raw/coco_person/train/images/000000279524.jpg,../datasets/raw/coco_person/train/labels/000000279524.txt,coco_person,000000279524,train_pool,train
000000279580.jpg,../datasets/raw/coco_person/train/images/000000279580.jpg,../datasets/raw/coco_person/train/labels/000000279580.txt,coco_person,000000279580,train_pool,train
000000279710.jpg,../datasets/raw/coco_person/train/images/000000279710.jpg,../datasets/raw/coco_person/train/labels/000000279710.txt,coco_person,000000279710,train_pool,train
000000279846.jpg,../datasets/raw/coco_person/train/images/000000279846.jpg,../datasets/raw/coco_person/train/labels/000000279846.txt,coco_person,000000279846,train_pool,train
000000280230.jpg,../datasets/raw/coco_person/train/images/000000280230.jpg,../datasets/raw/coco_person/train/labels/000000280230.txt,coco_person,000000280230,train_pool,train
000000280310.jpg,../datasets/raw/coco_person/train/images/000000280310.jpg,../datasets/raw/coco_person/train/labels/000000280310.txt,coco_person,000000280310,train_pool,train
000000280670.jpg,../datasets/raw/coco_person/train/images/000000280670.jpg,../datasets/raw/coco_person/train/labels/000000280670.txt,coco_person,000000280670,train_pool,train
000000280702.jpg,../datasets/raw/coco_person/train/images/000000280702.jpg,../datasets/raw/coco_person/train/labels/000000280702.txt,coco_person,000000280702,train_pool,train
000000280858.jpg,../datasets/raw/coco_person/train/images/000000280858.jpg,../datasets/raw/coco_person/train/labels/000000280858.txt,coco_person,000000280858,train_pool,train
000000280941.jpg,../datasets/raw/coco_person/train/images/000000280941.jpg,../datasets/raw/coco_person/train/labels/000000280941.txt,coco_person,000000280941,train_pool,train
000000281038.jpg,../datasets/raw/coco_person/train/images/000000281038.jpg,../datasets/raw/coco_person/train/labels/000000281038.txt,coco_person,000000281038,train_pool,train
000000281054.jpg,../datasets/raw/coco_person/train/images/000000281054.jpg,../datasets/raw/coco_person/train/labels/000000281054.txt,coco_person,000000281054,train_pool,train
000000281072.jpg,../datasets/raw/coco_person/train/images/000000281072.jpg,../datasets/raw/coco_person/train/labels/000000281072.txt,coco_person,000000281072,train_pool,train
000000281161.jpg,../datasets/raw/coco_person/train/images/000000281161.jpg,../datasets/raw/coco_person/train/labels/000000281161.txt,coco_person,000000281161,train_pool,train
000000281503.jpg,../datasets/raw/coco_person/train/images/000000281503.jpg,../datasets/raw/coco_person/train/labels/000000281503.txt,coco_person,000000281503,train_pool,train
000000281782.jpg,../datasets/raw/coco_person/train/images/000000281782.jpg,../datasets/raw/coco_person/train/labels/000000281782.txt,coco_person,000000281782,train_pool,train
000000281888.jpg,../datasets/raw/coco_person/train/images/000000281888.jpg,../datasets/raw/coco_person/train/labels/000000281888.txt,coco_person,000000281888,train_pool,train
000000282027.jpg,../datasets/raw/coco_person/train/images/000000282027.jpg,../datasets/raw/coco_person/train/labels/000000282027.txt,coco_person,000000282027,train_pool,train
000000282134.jpg,../datasets/raw/coco_person/train/images/000000282134.jpg,../datasets/raw/coco_person/train/labels/000000282134.txt,coco_person,000000282134,train_pool,train
000000282190.jpg,../datasets/raw/coco_person/train/images/000000282190.jpg,../datasets/raw/coco_person/train/labels/000000282190.txt,coco_person,000000282190,train_pool,train
000000282225.jpg,../datasets/raw/coco_person/train/images/000000282225.jpg,../datasets/raw/coco_person/train/labels/000000282225.txt,coco_person,000000282225,train_pool,train
000000282279.jpg,../datasets/raw/coco_person/train/images/000000282279.jpg,../datasets/raw/coco_person/train/labels/000000282279.txt,coco_person,000000282279,train_pool,train
000000282698.jpg,../datasets/raw/coco_person/train/images/000000282698.jpg,../datasets/raw/coco_person/train/labels/000000282698.txt,coco_person,000000282698,train_pool,val
000000282901.jpg,../datasets/raw/coco_person/train/images/000000282901.jpg,../datasets/raw/coco_person/train/labels/000000282901.txt,coco_person,000000282901,train_pool,val
000000282928.jpg,../datasets/raw/coco_person/train/images/000000282928.jpg,../datasets/raw/coco_person/train/labels/000000282928.txt,coco_person,000000282928,train_pool,train
000000283045.jpg,../datasets/raw/coco_person/train/images/000000283045.jpg,../datasets/raw/coco_person/train/labels/000000283045.txt,coco_person,000000283045,train_pool,train
000000283216.jpg,../datasets/raw/coco_person/train/images/000000283216.jpg,../datasets/raw/coco_person/train/labels/000000283216.txt,coco_person,000000283216,train_pool,train
000000283448.jpg,../datasets/raw/coco_person/train/images/000000283448.jpg,../datasets/raw/coco_person/train/labels/000000283448.txt,coco_person,000000283448,train_pool,train
000000283960.jpg,../datasets/raw/coco_person/train/images/000000283960.jpg,../datasets/raw/coco_person/train/labels/000000283960.txt,coco_person,000000283960,train_pool,val
000000283999.jpg,../datasets/raw/coco_person/train/images/000000283999.jpg,../datasets/raw/coco_person/train/labels/000000283999.txt,coco_person,000000283999,train_pool,train
000000284160.jpg,../datasets/raw/coco_person/train/images/000000284160.jpg,../datasets/raw/coco_person/train/labels/000000284160.txt,coco_person,000000284160,train_pool,train
000000284340.jpg,../datasets/raw/coco_person/train/images/000000284340.jpg,../datasets/raw/coco_person/train/labels/000000284340.txt,coco_person,000000284340,train_pool,train
000000284386.jpg,../datasets/raw/coco_person/train/images/000000284386.jpg,../datasets/raw/coco_person/train/labels/000000284386.txt,coco_person,000000284386,train_pool,train
000000284461.jpg,../datasets/raw/coco_person/train/images/000000284461.jpg,../datasets/raw/coco_person/train/labels/000000284461.txt,coco_person,000000284461,train_pool,train
000000284540.jpg,../datasets/raw/coco_person/train/images/000000284540.jpg,../datasets/raw/coco_person/train/labels/000000284540.txt,coco_person,000000284540,train_pool,train
000000284920.jpg,../datasets/raw/coco_person/train/images/000000284920.jpg,../datasets/raw/coco_person/train/labels/000000284920.txt,coco_person,000000284920,train_pool,train
000000284989.jpg,../datasets/raw/coco_person/train/images/000000284989.jpg,../datasets/raw/coco_person/train/labels/000000284989.txt,coco_person,000000284989,train_pool,train
000000285022.jpg,../datasets/raw/coco_person/train/images/000000285022.jpg,../datasets/raw/coco_person/train/labels/000000285022.txt,coco_person,000000285022,train_pool,train
000000285024.jpg,../datasets/raw/coco_person/train/images/000000285024.jpg,../datasets/raw/coco_person/train/labels/000000285024.txt,coco_person,000000285024,train_pool,train
000000285059.jpg,../datasets/raw/coco_person/train/images/000000285059.jpg,../datasets/raw/coco_person/train/labels/000000285059.txt,coco_person,000000285059,train_pool,train
000000285064.jpg,../datasets/raw/coco_person/train/images/000000285064.jpg,../datasets/raw/coco_person/train/labels/000000285064.txt,coco_person,000000285064,train_pool,val
000000285220.jpg,../datasets/raw/coco_person/train/images/000000285220.jpg,../datasets/raw/coco_person/train/labels/000000285220.txt,coco_person,000000285220,train_pool,val
000000285360.jpg,../datasets/raw/coco_person/train/images/000000285360.jpg,../datasets/raw/coco_person/train/labels/000000285360.txt,coco_person,000000285360,train_pool,train
000000285417.jpg,../datasets/raw/coco_person/train/images/000000285417.jpg,../datasets/raw/coco_person/train/labels/000000285417.txt,coco_person,000000285417,train_pool,train
000000285457.jpg,../datasets/raw/coco_person/train/images/000000285457.jpg,../datasets/raw/coco_person/train/labels/000000285457.txt,coco_person,000000285457,train_pool,train
000000285497.jpg,../datasets/raw/coco_person/train/images/000000285497.jpg,../datasets/raw/coco_person/train/labels/000000285497.txt,coco_person,000000285497,train_pool,train
000000285498.jpg,../datasets/raw/coco_person/train/images/000000285498.jpg,../datasets/raw/coco_person/train/labels/000000285498.txt,coco_person,000000285498,train_pool,train
000000285743.jpg,../datasets/raw/coco_person/train/images/000000285743.jpg,../datasets/raw/coco_person/train/labels/000000285743.txt,coco_person,000000285743,train_pool,val
000000285773.jpg,../datasets/raw/coco_person/train/images/000000285773.jpg,../datasets/raw/coco_person/train/labels/000000285773.txt,coco_person,000000285773,train_pool,train
000000285883.jpg,../datasets/raw/coco_person/train/images/000000285883.jpg,../datasets/raw/coco_person/train/labels/000000285883.txt,coco_person,000000285883,train_pool,train
000000286151.jpg,../datasets/raw/coco_person/train/images/000000286151.jpg,../datasets/raw/coco_person/train/labels/000000286151.txt,coco_person,000000286151,train_pool,train
000000286411.jpg,../datasets/raw/coco_person/train/images/000000286411.jpg,../datasets/raw/coco_person/train/labels/000000286411.txt,coco_person,000000286411,train_pool,train
000000286530.jpg,../datasets/raw/coco_person/train/images/000000286530.jpg,../datasets/raw/coco_person/train/labels/000000286530.txt,coco_person,000000286530,train_pool,train
000000286645.jpg,../datasets/raw/coco_person/train/images/000000286645.jpg,../datasets/raw/coco_person/train/labels/000000286645.txt,coco_person,000000286645,train_pool,train
000000286654.jpg,../datasets/raw/coco_person/train/images/000000286654.jpg,../datasets/raw/coco_person/train/labels/000000286654.txt,coco_person,000000286654,train_pool,train
000000286656.jpg,../datasets/raw/coco_person/train/images/000000286656.jpg,../datasets/raw/coco_person/train/labels/000000286656.txt,coco_person,000000286656,train_pool,train
000000286930.jpg,../datasets/raw/coco_person/train/images/000000286930.jpg,../datasets/raw/coco_person/train/labels/000000286930.txt,coco_person,000000286930,train_pool,train
000000287374.jpg,../datasets/raw/coco_person/train/images/000000287374.jpg,../datasets/raw/coco_person/train/labels/000000287374.txt,coco_person,000000287374,train_pool,train
000000287386.jpg,../datasets/raw/coco_person/train/images/000000287386.jpg,../datasets/raw/coco_person/train/labels/000000287386.txt,coco_person,000000287386,train_pool,train
000000287399.jpg,../datasets/raw/coco_person/train/images/000000287399.jpg,../datasets/raw/coco_person/train/labels/000000287399.txt,coco_person,000000287399,train_pool,train
000000287406.jpg,../datasets/raw/coco_person/train/images/000000287406.jpg,../datasets/raw/coco_person/train/labels/000000287406.txt,coco_person,000000287406,train_pool,train
000000288156.jpg,../datasets/raw/coco_person/train/images/000000288156.jpg,../datasets/raw/coco_person/train/labels/000000288156.txt,coco_person,000000288156,train_pool,train
000000288340.jpg,../datasets/raw/coco_person/train/images/000000288340.jpg,../datasets/raw/coco_person/train/labels/000000288340.txt,coco_person,000000288340,train_pool,train
000000288344.jpg,../datasets/raw/coco_person/train/images/000000288344.jpg,../datasets/raw/coco_person/train/labels/000000288344.txt,coco_person,000000288344,train_pool,val
000000288421.jpg,../datasets/raw/coco_person/train/images/000000288421.jpg,../datasets/raw/coco_person/train/labels/000000288421.txt,coco_person,000000288421,train_pool,train
000000288440.jpg,../datasets/raw/coco_person/train/images/000000288440.jpg,../datasets/raw/coco_person/train/labels/000000288440.txt,coco_person,000000288440,train_pool,train
000000288478.jpg,../datasets/raw/coco_person/train/images/000000288478.jpg,../datasets/raw/coco_person/train/labels/000000288478.txt,coco_person,000000288478,train_pool,val
000000288659.jpg,../datasets/raw/coco_person/train/images/000000288659.jpg,../datasets/raw/coco_person/train/labels/000000288659.txt,coco_person,000000288659,train_pool,train
000000288733.jpg,../datasets/raw/coco_person/train/images/000000288733.jpg,../datasets/raw/coco_person/train/labels/000000288733.txt,coco_person,000000288733,train_pool,train
000000288769.jpg,../datasets/raw/coco_person/train/images/000000288769.jpg,../datasets/raw/coco_person/train/labels/000000288769.txt,coco_person,000000288769,train_pool,val
000000288813.jpg,../datasets/raw/coco_person/train/images/000000288813.jpg,../datasets/raw/coco_person/train/labels/000000288813.txt,coco_person,000000288813,train_pool,train
000000288872.jpg,../datasets/raw/coco_person/train/images/000000288872.jpg,../datasets/raw/coco_person/train/labels/000000288872.txt,coco_person,000000288872,train_pool,val
000000288964.jpg,../datasets/raw/coco_person/train/images/000000288964.jpg,../datasets/raw/coco_person/train/labels/000000288964.txt,coco_person,000000288964,train_pool,train
000000289173.jpg,../datasets/raw/coco_person/train/images/000000289173.jpg,../datasets/raw/coco_person/train/labels/000000289173.txt,coco_person,000000289173,train_pool,train
000000289231.jpg,../datasets/raw/coco_person/train/images/000000289231.jpg,../datasets/raw/coco_person/train/labels/000000289231.txt,coco_person,000000289231,train_pool,val
000000289352.jpg,../datasets/raw/coco_person/train/images/000000289352.jpg,../datasets/raw/coco_person/train/labels/000000289352.txt,coco_person,000000289352,train_pool,train
000000289423.jpg,../datasets/raw/coco_person/train/images/000000289423.jpg,../datasets/raw/coco_person/train/labels/000000289423.txt,coco_person,000000289423,train_pool,val
000000289482.jpg,../datasets/raw/coco_person/train/images/000000289482.jpg,../datasets/raw/coco_person/train/labels/000000289482.txt,coco_person,000000289482,train_pool,val
000000289490.jpg,../datasets/raw/coco_person/train/images/000000289490.jpg,../datasets/raw/coco_person/train/labels/000000289490.txt,coco_person,000000289490,train_pool,train
000000289640.jpg,../datasets/raw/coco_person/train/images/000000289640.jpg,../datasets/raw/coco_person/train/labels/000000289640.txt,coco_person,000000289640,train_pool,train
000000289766.jpg,../datasets/raw/coco_person/train/images/000000289766.jpg,../datasets/raw/coco_person/train/labels/000000289766.txt,coco_person,000000289766,train_pool,train
000000289790.jpg,../datasets/raw/coco_person/train/images/000000289790.jpg,../datasets/raw/coco_person/train/labels/000000289790.txt,coco_person,000000289790,train_pool,val
000000289866.jpg,../datasets/raw/coco_person/train/images/000000289866.jpg,../datasets/raw/coco_person/train/labels/000000289866.txt,coco_person,000000289866,train_pool,train
000000289941.jpg,../datasets/raw/coco_person/train/images/000000289941.jpg,../datasets/raw/coco_person/train/labels/000000289941.txt,coco_person,000000289941,train_pool,train
000000290332.jpg,../datasets/raw/coco_person/train/images/000000290332.jpg,../datasets/raw/coco_person/train/labels/000000290332.txt,coco_person,000000290332,train_pool,train
000000290543.jpg,../datasets/raw/coco_person/train/images/000000290543.jpg,../datasets/raw/coco_person/train/labels/000000290543.txt,coco_person,000000290543,train_pool,train
000000290584.jpg,../datasets/raw/coco_person/train/images/000000290584.jpg,../datasets/raw/coco_person/train/labels/000000290584.txt,coco_person,000000290584,train_pool,train
000000290645.jpg,../datasets/raw/coco_person/train/images/000000290645.jpg,../datasets/raw/coco_person/train/labels/000000290645.txt,coco_person,000000290645,train_pool,train
000000290656.jpg,../datasets/raw/coco_person/train/images/000000290656.jpg,../datasets/raw/coco_person/train/labels/000000290656.txt,coco_person,000000290656,train_pool,train
000000290896.jpg,../datasets/raw/coco_person/train/images/000000290896.jpg,../datasets/raw/coco_person/train/labels/000000290896.txt,coco_person,000000290896,train_pool,train
000000291256.jpg,../datasets/raw/coco_person/train/images/000000291256.jpg,../datasets/raw/coco_person/train/labels/000000291256.txt,coco_person,000000291256,train_pool,train
000000291349.jpg,../datasets/raw/coco_person/train/images/000000291349.jpg,../datasets/raw/coco_person/train/labels/000000291349.txt,coco_person,000000291349,train_pool,train
000000291478.jpg,../datasets/raw/coco_person/train/images/000000291478.jpg,../datasets/raw/coco_person/train/labels/000000291478.txt,coco_person,000000291478,train_pool,train
000000291588.jpg,../datasets/raw/coco_person/train/images/000000291588.jpg,../datasets/raw/coco_person/train/labels/000000291588.txt,coco_person,000000291588,train_pool,train
000000291915.jpg,../datasets/raw/coco_person/train/images/000000291915.jpg,../datasets/raw/coco_person/train/labels/000000291915.txt,coco_person,000000291915,train_pool,train
000000292042.jpg,../datasets/raw/coco_person/train/images/000000292042.jpg,../datasets/raw/coco_person/train/labels/000000292042.txt,coco_person,000000292042,train_pool,train
000000292145.jpg,../datasets/raw/coco_person/train/images/000000292145.jpg,../datasets/raw/coco_person/train/labels/000000292145.txt,coco_person,000000292145,train_pool,train
000000292146.jpg,../datasets/raw/coco_person/train/images/000000292146.jpg,../datasets/raw/coco_person/train/labels/000000292146.txt,coco_person,000000292146,train_pool,train
000000292188.jpg,../datasets/raw/coco_person/train/images/000000292188.jpg,../datasets/raw/coco_person/train/labels/000000292188.txt,coco_person,000000292188,train_pool,train
000000292287.jpg,../datasets/raw/coco_person/train/images/000000292287.jpg,../datasets/raw/coco_person/train/labels/000000292287.txt,coco_person,000000292287,train_pool,train
000000292526.jpg,../datasets/raw/coco_person/train/images/000000292526.jpg,../datasets/raw/coco_person/train/labels/000000292526.txt,coco_person,000000292526,train_pool,train
000000292685.jpg,../datasets/raw/coco_person/train/images/000000292685.jpg,../datasets/raw/coco_person/train/labels/000000292685.txt,coco_person,000000292685,train_pool,train
000000292727.jpg,../datasets/raw/coco_person/train/images/000000292727.jpg,../datasets/raw/coco_person/train/labels/000000292727.txt,coco_person,000000292727,train_pool,train
000000292751.jpg,../datasets/raw/coco_person/train/images/000000292751.jpg,../datasets/raw/coco_person/train/labels/000000292751.txt,coco_person,000000292751,train_pool,train
000000292805.jpg,../datasets/raw/coco_person/train/images/000000292805.jpg,../datasets/raw/coco_person/train/labels/000000292805.txt,coco_person,000000292805,train_pool,train
000000292887.jpg,../datasets/raw/coco_person/train/images/000000292887.jpg,../datasets/raw/coco_person/train/labels/000000292887.txt,coco_person,000000292887,train_pool,train
000000293081.jpg,../datasets/raw/coco_person/train/images/000000293081.jpg,../datasets/raw/coco_person/train/labels/000000293081.txt,coco_person,000000293081,train_pool,train
000000293311.jpg,../datasets/raw/coco_person/train/images/000000293311.jpg,../datasets/raw/coco_person/train/labels/000000293311.txt,coco_person,000000293311,train_pool,val
000000293382.jpg,../datasets/raw/coco_person/train/images/000000293382.jpg,../datasets/raw/coco_person/train/labels/000000293382.txt,coco_person,000000293382,train_pool,train
000000293510.jpg,../datasets/raw/coco_person/train/images/000000293510.jpg,../datasets/raw/coco_person/train/labels/000000293510.txt,coco_person,000000293510,train_pool,train
000000293511.jpg,../datasets/raw/coco_person/train/images/000000293511.jpg,../datasets/raw/coco_person/train/labels/000000293511.txt,coco_person,000000293511,train_pool,train
000000293768.jpg,../datasets/raw/coco_person/train/images/000000293768.jpg,../datasets/raw/coco_person/train/labels/000000293768.txt,coco_person,000000293768,train_pool,train
000000294307.jpg,../datasets/raw/coco_person/train/images/000000294307.jpg,../datasets/raw/coco_person/train/labels/000000294307.txt,coco_person,000000294307,train_pool,train
000000294346.jpg,../datasets/raw/coco_person/train/images/000000294346.jpg,../datasets/raw/coco_person/train/labels/000000294346.txt,coco_person,000000294346,train_pool,train
000000294426.jpg,../datasets/raw/coco_person/train/images/000000294426.jpg,../datasets/raw/coco_person/train/labels/000000294426.txt,coco_person,000000294426,train_pool,train
000000294564.jpg,../datasets/raw/coco_person/train/images/000000294564.jpg,../datasets/raw/coco_person/train/labels/000000294564.txt,coco_person,000000294564,train_pool,train
000000294621.jpg,../datasets/raw/coco_person/train/images/000000294621.jpg,../datasets/raw/coco_person/train/labels/000000294621.txt,coco_person,000000294621,train_pool,train
000000294634.jpg,../datasets/raw/coco_person/train/images/000000294634.jpg,../datasets/raw/coco_person/train/labels/000000294634.txt,coco_person,000000294634,train_pool,train
000000294850.jpg,../datasets/raw/coco_person/train/images/000000294850.jpg,../datasets/raw/coco_person/train/labels/000000294850.txt,coco_person,000000294850,train_pool,val
000000295055.jpg,../datasets/raw/coco_person/train/images/000000295055.jpg,../datasets/raw/coco_person/train/labels/000000295055.txt,coco_person,000000295055,train_pool,train
000000295106.jpg,../datasets/raw/coco_person/train/images/000000295106.jpg,../datasets/raw/coco_person/train/labels/000000295106.txt,coco_person,000000295106,train_pool,train
000000295169.jpg,../datasets/raw/coco_person/train/images/000000295169.jpg,../datasets/raw/coco_person/train/labels/000000295169.txt,coco_person,000000295169,train_pool,val
000000295394.jpg,../datasets/raw/coco_person/train/images/000000295394.jpg,../datasets/raw/coco_person/train/labels/000000295394.txt,coco_person,000000295394,train_pool,train
000000295550.jpg,../datasets/raw/coco_person/train/images/000000295550.jpg,../datasets/raw/coco_person/train/labels/000000295550.txt,coco_person,000000295550,train_pool,train
000000295670.jpg,../datasets/raw/coco_person/train/images/000000295670.jpg,../datasets/raw/coco_person/train/labels/000000295670.txt,coco_person,000000295670,train_pool,train
000000295798.jpg,../datasets/raw/coco_person/train/images/000000295798.jpg,../datasets/raw/coco_person/train/labels/000000295798.txt,coco_person,000000295798,train_pool,train
000000296112.jpg,../datasets/raw/coco_person/train/images/000000296112.jpg,../datasets/raw/coco_person/train/labels/000000296112.txt,coco_person,000000296112,train_pool,train
000000296139.jpg,../datasets/raw/coco_person/train/images/000000296139.jpg,../datasets/raw/coco_person/train/labels/000000296139.txt,coco_person,000000296139,train_pool,train
000000296384.jpg,../datasets/raw/coco_person/train/images/000000296384.jpg,../datasets/raw/coco_person/train/labels/000000296384.txt,coco_person,000000296384,train_pool,val
000000296393.jpg,../datasets/raw/coco_person/train/images/000000296393.jpg,../datasets/raw/coco_person/train/labels/000000296393.txt,coco_person,000000296393,train_pool,train
000000296403.jpg,../datasets/raw/coco_person/train/images/000000296403.jpg,../datasets/raw/coco_person/train/labels/000000296403.txt,coco_person,000000296403,train_pool,train
000000296419.jpg,../datasets/raw/coco_person/train/images/000000296419.jpg,../datasets/raw/coco_person/train/labels/000000296419.txt,coco_person,000000296419,train_pool,train
000000296584.jpg,../datasets/raw/coco_person/train/images/000000296584.jpg,../datasets/raw/coco_person/train/labels/000000296584.txt,coco_person,000000296584,train_pool,val
000000296631.jpg,../datasets/raw/coco_person/train/images/000000296631.jpg,../datasets/raw/coco_person/train/labels/000000296631.txt,coco_person,000000296631,train_pool,train
000000296675.jpg,../datasets/raw/coco_person/train/images/000000296675.jpg,../datasets/raw/coco_person/train/labels/000000296675.txt,coco_person,000000296675,train_pool,train
000000296690.jpg,../datasets/raw/coco_person/train/images/000000296690.jpg,../datasets/raw/coco_person/train/labels/000000296690.txt,coco_person,000000296690,train_pool,train
000000296693.jpg,../datasets/raw/coco_person/train/images/000000296693.jpg,../datasets/raw/coco_person/train/labels/000000296693.txt,coco_person,000000296693,train_pool,train
000000296770.jpg,../datasets/raw/coco_person/train/images/000000296770.jpg,../datasets/raw/coco_person/train/labels/000000296770.txt,coco_person,000000296770,train_pool,val
000000297227.jpg,../datasets/raw/coco_person/train/images/000000297227.jpg,../datasets/raw/coco_person/train/labels/000000297227.txt,coco_person,000000297227,train_pool,train
000000297308.jpg,../datasets/raw/coco_person/train/images/000000297308.jpg,../datasets/raw/coco_person/train/labels/000000297308.txt,coco_person,000000297308,train_pool,train
000000297363.jpg,../datasets/raw/coco_person/train/images/000000297363.jpg,../datasets/raw/coco_person/train/labels/000000297363.txt,coco_person,000000297363,train_pool,train
000000297798.jpg,../datasets/raw/coco_person/train/images/000000297798.jpg,../datasets/raw/coco_person/train/labels/000000297798.txt,coco_person,000000297798,train_pool,train
000000298135.jpg,../datasets/raw/coco_person/train/images/000000298135.jpg,../datasets/raw/coco_person/train/labels/000000298135.txt,coco_person,000000298135,train_pool,train
000000298138.jpg,../datasets/raw/coco_person/train/images/000000298138.jpg,../datasets/raw/coco_person/train/labels/000000298138.txt,coco_person,000000298138,train_pool,train
000000298344.jpg,../datasets/raw/coco_person/train/images/000000298344.jpg,../datasets/raw/coco_person/train/labels/000000298344.txt,coco_person,000000298344,train_pool,train
000000298512.jpg,../datasets/raw/coco_person/train/images/000000298512.jpg,../datasets/raw/coco_person/train/labels/000000298512.txt,coco_person,000000298512,train_pool,val
000000298633.jpg,../datasets/raw/coco_person/train/images/000000298633.jpg,../datasets/raw/coco_person/train/labels/000000298633.txt,coco_person,000000298633,train_pool,train
000000298784.jpg,../datasets/raw/coco_person/train/images/000000298784.jpg,../datasets/raw/coco_person/train/labels/000000298784.txt,coco_person,000000298784,train_pool,train
000000299000.jpg,../datasets/raw/coco_person/train/images/000000299000.jpg,../datasets/raw/coco_person/train/labels/000000299000.txt,coco_person,000000299000,train_pool,train
000000299288.jpg,../datasets/raw/coco_person/train/images/000000299288.jpg,../datasets/raw/coco_person/train/labels/000000299288.txt,coco_person,000000299288,train_pool,train
000000299443.jpg,../datasets/raw/coco_person/train/images/000000299443.jpg,../datasets/raw/coco_person/train/labels/000000299443.txt,coco_person,000000299443,train_pool,train
000000299468.jpg,../datasets/raw/coco_person/train/images/000000299468.jpg,../datasets/raw/coco_person/train/labels/000000299468.txt,coco_person,000000299468,train_pool,train
000000299662.jpg,../datasets/raw/coco_person/train/images/000000299662.jpg,../datasets/raw/coco_person/train/labels/000000299662.txt,coco_person,000000299662,train_pool,train
000000299734.jpg,../datasets/raw/coco_person/train/images/000000299734.jpg,../datasets/raw/coco_person/train/labels/000000299734.txt,coco_person,000000299734,train_pool,train
000000300066.jpg,../datasets/raw/coco_person/train/images/000000300066.jpg,../datasets/raw/coco_person/train/labels/000000300066.txt,coco_person,000000300066,train_pool,val
000000300082.jpg,../datasets/raw/coco_person/train/images/000000300082.jpg,../datasets/raw/coco_person/train/labels/000000300082.txt,coco_person,000000300082,train_pool,train
000000300472.jpg,../datasets/raw/coco_person/train/images/000000300472.jpg,../datasets/raw/coco_person/train/labels/000000300472.txt,coco_person,000000300472,train_pool,train
000000300620.jpg,../datasets/raw/coco_person/train/images/000000300620.jpg,../datasets/raw/coco_person/train/labels/000000300620.txt,coco_person,000000300620,train_pool,train
000000300864.jpg,../datasets/raw/coco_person/train/images/000000300864.jpg,../datasets/raw/coco_person/train/labels/000000300864.txt,coco_person,000000300864,train_pool,train
000000300868.jpg,../datasets/raw/coco_person/train/images/000000300868.jpg,../datasets/raw/coco_person/train/labels/000000300868.txt,coco_person,000000300868,train_pool,val
000000301042.jpg,../datasets/raw/coco_person/train/images/000000301042.jpg,../datasets/raw/coco_person/train/labels/000000301042.txt,coco_person,000000301042,train_pool,train
000000301148.jpg,../datasets/raw/coco_person/train/images/000000301148.jpg,../datasets/raw/coco_person/train/labels/000000301148.txt,coco_person,000000301148,train_pool,train
000000301158.jpg,../datasets/raw/coco_person/train/images/000000301158.jpg,../datasets/raw/coco_person/train/labels/000000301158.txt,coco_person,000000301158,train_pool,train
000000301195.jpg,../datasets/raw/coco_person/train/images/000000301195.jpg,../datasets/raw/coco_person/train/labels/000000301195.txt,coco_person,000000301195,train_pool,train
000000301427.jpg,../datasets/raw/coco_person/train/images/000000301427.jpg,../datasets/raw/coco_person/train/labels/000000301427.txt,coco_person,000000301427,train_pool,train
000000301537.jpg,../datasets/raw/coco_person/train/images/000000301537.jpg,../datasets/raw/coco_person/train/labels/000000301537.txt,coco_person,000000301537,train_pool,train
000000301634.jpg,../datasets/raw/coco_person/train/images/000000301634.jpg,../datasets/raw/coco_person/train/labels/000000301634.txt,coco_person,000000301634,train_pool,val
000000301670.jpg,../datasets/raw/coco_person/train/images/000000301670.jpg,../datasets/raw/coco_person/train/labels/000000301670.txt,coco_person,000000301670,train_pool,train
000000301755.jpg,../datasets/raw/coco_person/train/images/000000301755.jpg,../datasets/raw/coco_person/train/labels/000000301755.txt,coco_person,000000301755,train_pool,train
000000302116.jpg,../datasets/raw/coco_person/train/images/000000302116.jpg,../datasets/raw/coco_person/train/labels/000000302116.txt,coco_person,000000302116,train_pool,train
000000302332.jpg,../datasets/raw/coco_person/train/images/000000302332.jpg,../datasets/raw/coco_person/train/labels/000000302332.txt,coco_person,000000302332,train_pool,train
000000303111.jpg,../datasets/raw/coco_person/train/images/000000303111.jpg,../datasets/raw/coco_person/train/labels/000000303111.txt,coco_person,000000303111,train_pool,train
000000303548.jpg,../datasets/raw/coco_person/train/images/000000303548.jpg,../datasets/raw/coco_person/train/labels/000000303548.txt,coco_person,000000303548,train_pool,val
000000303778.jpg,../datasets/raw/coco_person/train/images/000000303778.jpg,../datasets/raw/coco_person/train/labels/000000303778.txt,coco_person,000000303778,train_pool,train
000000303788.jpg,../datasets/raw/coco_person/train/images/000000303788.jpg,../datasets/raw/coco_person/train/labels/000000303788.txt,coco_person,000000303788,train_pool,val
000000303822.jpg,../datasets/raw/coco_person/train/images/000000303822.jpg,../datasets/raw/coco_person/train/labels/000000303822.txt,coco_person,000000303822,train_pool,train
000000303873.jpg,../datasets/raw/coco_person/train/images/000000303873.jpg,../datasets/raw/coco_person/train/labels/000000303873.txt,coco_person,000000303873,train_pool,train
000000304248.jpg,../datasets/raw/coco_person/train/images/000000304248.jpg,../datasets/raw/coco_person/train/labels/000000304248.txt,coco_person,000000304248,train_pool,train
000000304408.jpg,../datasets/raw/coco_person/train/images/000000304408.jpg,../datasets/raw/coco_person/train/labels/000000304408.txt,coco_person,000000304408,train_pool,train
000000304434.jpg,../datasets/raw/coco_person/train/images/000000304434.jpg,../datasets/raw/coco_person/train/labels/000000304434.txt,coco_person,000000304434,train_pool,train
000000304456.jpg,../datasets/raw/coco_person/train/images/000000304456.jpg,../datasets/raw/coco_person/train/labels/000000304456.txt,coco_person,000000304456,train_pool,val
000000304749.jpg,../datasets/raw/coco_person/train/images/000000304749.jpg,../datasets/raw/coco_person/train/labels/000000304749.txt,coco_person,000000304749,train_pool,train
000000304924.jpg,../datasets/raw/coco_person/train/images/000000304924.jpg,../datasets/raw/coco_person/train/labels/000000304924.txt,coco_person,000000304924,train_pool,train
000000305371.jpg,../datasets/raw/coco_person/train/images/000000305371.jpg,../datasets/raw/coco_person/train/labels/000000305371.txt,coco_person,000000305371,train_pool,train
000000305639.jpg,../datasets/raw/coco_person/train/images/000000305639.jpg,../datasets/raw/coco_person/train/labels/000000305639.txt,coco_person,000000305639,train_pool,train
000000305686.jpg,../datasets/raw/coco_person/train/images/000000305686.jpg,../datasets/raw/coco_person/train/labels/000000305686.txt,coco_person,000000305686,train_pool,train
000000306531.jpg,../datasets/raw/coco_person/train/images/000000306531.jpg,../datasets/raw/coco_person/train/labels/000000306531.txt,coco_person,000000306531,train_pool,train
000000306611.jpg,../datasets/raw/coco_person/train/images/000000306611.jpg,../datasets/raw/coco_person/train/labels/000000306611.txt,coco_person,000000306611,train_pool,train
000000306619.jpg,../datasets/raw/coco_person/train/images/000000306619.jpg,../datasets/raw/coco_person/train/labels/000000306619.txt,coco_person,000000306619,train_pool,train
000000306636.jpg,../datasets/raw/coco_person/train/images/000000306636.jpg,../datasets/raw/coco_person/train/labels/000000306636.txt,coco_person,000000306636,train_pool,train
000000306661.jpg,../datasets/raw/coco_person/train/images/000000306661.jpg,../datasets/raw/coco_person/train/labels/000000306661.txt,coco_person,000000306661,train_pool,train
000000306913.jpg,../datasets/raw/coco_person/train/images/000000306913.jpg,../datasets/raw/coco_person/train/labels/000000306913.txt,coco_person,000000306913,train_pool,train
000000307158.jpg,../datasets/raw/coco_person/train/images/000000307158.jpg,../datasets/raw/coco_person/train/labels/000000307158.txt,coco_person,000000307158,train_pool,train
000000307510.jpg,../datasets/raw/coco_person/train/images/000000307510.jpg,../datasets/raw/coco_person/train/labels/000000307510.txt,coco_person,000000307510,train_pool,train
000000307999.jpg,../datasets/raw/coco_person/train/images/000000307999.jpg,../datasets/raw/coco_person/train/labels/000000307999.txt,coco_person,000000307999,train_pool,train
000000308103.jpg,../datasets/raw/coco_person/train/images/000000308103.jpg,../datasets/raw/coco_person/train/labels/000000308103.txt,coco_person,000000308103,train_pool,train
000000308160.jpg,../datasets/raw/coco_person/train/images/000000308160.jpg,../datasets/raw/coco_person/train/labels/000000308160.txt,coco_person,000000308160,train_pool,train
000000308568.jpg,../datasets/raw/coco_person/train/images/000000308568.jpg,../datasets/raw/coco_person/train/labels/000000308568.txt,coco_person,000000308568,train_pool,train
000000308722.jpg,../datasets/raw/coco_person/train/images/000000308722.jpg,../datasets/raw/coco_person/train/labels/000000308722.txt,coco_person,000000308722,train_pool,train
000000308766.jpg,../datasets/raw/coco_person/train/images/000000308766.jpg,../datasets/raw/coco_person/train/labels/000000308766.txt,coco_person,000000308766,train_pool,train
000000308883.jpg,../datasets/raw/coco_person/train/images/000000308883.jpg,../datasets/raw/coco_person/train/labels/000000308883.txt,coco_person,000000308883,train_pool,train
000000308936.jpg,../datasets/raw/coco_person/train/images/000000308936.jpg,../datasets/raw/coco_person/train/labels/000000308936.txt,coco_person,000000308936,train_pool,train
000000309081.jpg,../datasets/raw/coco_person/train/images/000000309081.jpg,../datasets/raw/coco_person/train/labels/000000309081.txt,coco_person,000000309081,train_pool,train
000000309104.jpg,../datasets/raw/coco_person/train/images/000000309104.jpg,../datasets/raw/coco_person/train/labels/000000309104.txt,coco_person,000000309104,train_pool,val
000000309139.jpg,../datasets/raw/coco_person/train/images/000000309139.jpg,../datasets/raw/coco_person/train/labels/000000309139.txt,coco_person,000000309139,train_pool,train
000000309316.jpg,../datasets/raw/coco_person/train/images/000000309316.jpg,../datasets/raw/coco_person/train/labels/000000309316.txt,coco_person,000000309316,train_pool,train
000000309319.jpg,../datasets/raw/coco_person/train/images/000000309319.jpg,../datasets/raw/coco_person/train/labels/000000309319.txt,coco_person,000000309319,train_pool,train
000000309492.jpg,../datasets/raw/coco_person/train/images/000000309492.jpg,../datasets/raw/coco_person/train/labels/000000309492.txt,coco_person,000000309492,train_pool,train
000000309528.jpg,../datasets/raw/coco_person/train/images/000000309528.jpg,../datasets/raw/coco_person/train/labels/000000309528.txt,coco_person,000000309528,train_pool,train
000000309638.jpg,../datasets/raw/coco_person/train/images/000000309638.jpg,../datasets/raw/coco_person/train/labels/000000309638.txt,coco_person,000000309638,train_pool,train
000000309889.jpg,../datasets/raw/coco_person/train/images/000000309889.jpg,../datasets/raw/coco_person/train/labels/000000309889.txt,coco_person,000000309889,train_pool,train
000000309916.jpg,../datasets/raw/coco_person/train/images/000000309916.jpg,../datasets/raw/coco_person/train/labels/000000309916.txt,coco_person,000000309916,train_pool,val
000000309956.jpg,../datasets/raw/coco_person/train/images/000000309956.jpg,../datasets/raw/coco_person/train/labels/000000309956.txt,coco_person,000000309956,train_pool,train
000000309993.jpg,../datasets/raw/coco_person/train/images/000000309993.jpg,../datasets/raw/coco_person/train/labels/000000309993.txt,coco_person,000000309993,train_pool,train
000000310258.jpg,../datasets/raw/coco_person/train/images/000000310258.jpg,../datasets/raw/coco_person/train/labels/000000310258.txt,coco_person,000000310258,train_pool,train
000000310511.jpg,../datasets/raw/coco_person/train/images/000000310511.jpg,../datasets/raw/coco_person/train/labels/000000310511.txt,coco_person,000000310511,train_pool,train
000000310553.jpg,../datasets/raw/coco_person/train/images/000000310553.jpg,../datasets/raw/coco_person/train/labels/000000310553.txt,coco_person,000000310553,train_pool,train
000000310573.jpg,../datasets/raw/coco_person/train/images/000000310573.jpg,../datasets/raw/coco_person/train/labels/000000310573.txt,coco_person,000000310573,train_pool,train
000000310759.jpg,../datasets/raw/coco_person/train/images/000000310759.jpg,../datasets/raw/coco_person/train/labels/000000310759.txt,coco_person,000000310759,train_pool,train
000000310797.jpg,../datasets/raw/coco_person/train/images/000000310797.jpg,../datasets/raw/coco_person/train/labels/000000310797.txt,coco_person,000000310797,train_pool,train
000000310926.jpg,../datasets/raw/coco_person/train/images/000000310926.jpg,../datasets/raw/coco_person/train/labels/000000310926.txt,coco_person,000000310926,train_pool,val
000000311022.jpg,../datasets/raw/coco_person/train/images/000000311022.jpg,../datasets/raw/coco_person/train/labels/000000311022.txt,coco_person,000000311022,train_pool,train
000000311042.jpg,../datasets/raw/coco_person/train/images/000000311042.jpg,../datasets/raw/coco_person/train/labels/000000311042.txt,coco_person,000000311042,train_pool,train
000000311076.jpg,../datasets/raw/coco_person/train/images/000000311076.jpg,../datasets/raw/coco_person/train/labels/000000311076.txt,coco_person,000000311076,train_pool,train
000000311088.jpg,../datasets/raw/coco_person/train/images/000000311088.jpg,../datasets/raw/coco_person/train/labels/000000311088.txt,coco_person,000000311088,train_pool,train
000000311229.jpg,../datasets/raw/coco_person/train/images/000000311229.jpg,../datasets/raw/coco_person/train/labels/000000311229.txt,coco_person,000000311229,train_pool,val
000000311361.jpg,../datasets/raw/coco_person/train/images/000000311361.jpg,../datasets/raw/coco_person/train/labels/000000311361.txt,coco_person,000000311361,train_pool,train
000000311501.jpg,../datasets/raw/coco_person/train/images/000000311501.jpg,../datasets/raw/coco_person/train/labels/000000311501.txt,coco_person,000000311501,train_pool,train
000000311524.jpg,../datasets/raw/coco_person/train/images/000000311524.jpg,../datasets/raw/coco_person/train/labels/000000311524.txt,coco_person,000000311524,train_pool,train
000000311562.jpg,../datasets/raw/coco_person/train/images/000000311562.jpg,../datasets/raw/coco_person/train/labels/000000311562.txt,coco_person,000000311562,train_pool,train
000000311796.jpg,../datasets/raw/coco_person/train/images/000000311796.jpg,../datasets/raw/coco_person/train/labels/000000311796.txt,coco_person,000000311796,train_pool,train
000000312252.jpg,../datasets/raw/coco_person/train/images/000000312252.jpg,../datasets/raw/coco_person/train/labels/000000312252.txt,coco_person,000000312252,train_pool,train
000000312380.jpg,../datasets/raw/coco_person/train/images/000000312380.jpg,../datasets/raw/coco_person/train/labels/000000312380.txt,coco_person,000000312380,train_pool,train
000000312686.jpg,../datasets/raw/coco_person/train/images/000000312686.jpg,../datasets/raw/coco_person/train/labels/000000312686.txt,coco_person,000000312686,train_pool,train
000000312803.jpg,../datasets/raw/coco_person/train/images/000000312803.jpg,../datasets/raw/coco_person/train/labels/000000312803.txt,coco_person,000000312803,train_pool,val
000000312843.jpg,../datasets/raw/coco_person/train/images/000000312843.jpg,../datasets/raw/coco_person/train/labels/000000312843.txt,coco_person,000000312843,train_pool,train
000000312877.jpg,../datasets/raw/coco_person/train/images/000000312877.jpg,../datasets/raw/coco_person/train/labels/000000312877.txt,coco_person,000000312877,train_pool,train
000000313093.jpg,../datasets/raw/coco_person/train/images/000000313093.jpg,../datasets/raw/coco_person/train/labels/000000313093.txt,coco_person,000000313093,train_pool,train
000000313198.jpg,../datasets/raw/coco_person/train/images/000000313198.jpg,../datasets/raw/coco_person/train/labels/000000313198.txt,coco_person,000000313198,train_pool,train
000000313260.jpg,../datasets/raw/coco_person/train/images/000000313260.jpg,../datasets/raw/coco_person/train/labels/000000313260.txt,coco_person,000000313260,train_pool,val
000000313313.jpg,../datasets/raw/coco_person/train/images/000000313313.jpg,../datasets/raw/coco_person/train/labels/000000313313.txt,coco_person,000000313313,train_pool,val
000000313388.jpg,../datasets/raw/coco_person/train/images/000000313388.jpg,../datasets/raw/coco_person/train/labels/000000313388.txt,coco_person,000000313388,train_pool,train
000000313481.jpg,../datasets/raw/coco_person/train/images/000000313481.jpg,../datasets/raw/coco_person/train/labels/000000313481.txt,coco_person,000000313481,train_pool,train
000000313553.jpg,../datasets/raw/coco_person/train/images/000000313553.jpg,../datasets/raw/coco_person/train/labels/000000313553.txt,coco_person,000000313553,train_pool,train
000000313647.jpg,../datasets/raw/coco_person/train/images/000000313647.jpg,../datasets/raw/coco_person/train/labels/000000313647.txt,coco_person,000000313647,train_pool,train
000000313709.jpg,../datasets/raw/coco_person/train/images/000000313709.jpg,../datasets/raw/coco_person/train/labels/000000313709.txt,coco_person,000000313709,train_pool,train
000000314285.jpg,../datasets/raw/coco_person/train/images/000000314285.jpg,../datasets/raw/coco_person/train/labels/000000314285.txt,coco_person,000000314285,train_pool,train
000000314383.jpg,../datasets/raw/coco_person/train/images/000000314383.jpg,../datasets/raw/coco_person/train/labels/000000314383.txt,coco_person,000000314383,train_pool,train
000000314390.jpg,../datasets/raw/coco_person/train/images/000000314390.jpg,../datasets/raw/coco_person/train/labels/000000314390.txt,coco_person,000000314390,train_pool,train
000000314816.jpg,../datasets/raw/coco_person/train/images/000000314816.jpg,../datasets/raw/coco_person/train/labels/000000314816.txt,coco_person,000000314816,train_pool,train
000000314818.jpg,../datasets/raw/coco_person/train/images/000000314818.jpg,../datasets/raw/coco_person/train/labels/000000314818.txt,coco_person,000000314818,train_pool,train
000000315018.jpg,../datasets/raw/coco_person/train/images/000000315018.jpg,../datasets/raw/coco_person/train/labels/000000315018.txt,coco_person,000000315018,train_pool,val
000000315092.jpg,../datasets/raw/coco_person/train/images/000000315092.jpg,../datasets/raw/coco_person/train/labels/000000315092.txt,coco_person,000000315092,train_pool,train
000000315168.jpg,../datasets/raw/coco_person/train/images/000000315168.jpg,../datasets/raw/coco_person/train/labels/000000315168.txt,coco_person,000000315168,train_pool,train
000000315218.jpg,../datasets/raw/coco_person/train/images/000000315218.jpg,../datasets/raw/coco_person/train/labels/000000315218.txt,coco_person,000000315218,train_pool,val
000000315281.jpg,../datasets/raw/coco_person/train/images/000000315281.jpg,../datasets/raw/coco_person/train/labels/000000315281.txt,coco_person,000000315281,train_pool,val
000000315303.jpg,../datasets/raw/coco_person/train/images/000000315303.jpg,../datasets/raw/coco_person/train/labels/000000315303.txt,coco_person,000000315303,train_pool,train
000000315310.jpg,../datasets/raw/coco_person/train/images/000000315310.jpg,../datasets/raw/coco_person/train/labels/000000315310.txt,coco_person,000000315310,train_pool,val
000000315462.jpg,../datasets/raw/coco_person/train/images/000000315462.jpg,../datasets/raw/coco_person/train/labels/000000315462.txt,coco_person,000000315462,train_pool,train
000000315565.jpg,../datasets/raw/coco_person/train/images/000000315565.jpg,../datasets/raw/coco_person/train/labels/000000315565.txt,coco_person,000000315565,train_pool,train
000000315685.jpg,../datasets/raw/coco_person/train/images/000000315685.jpg,../datasets/raw/coco_person/train/labels/000000315685.txt,coco_person,000000315685,train_pool,train
000000315691.jpg,../datasets/raw/coco_person/train/images/000000315691.jpg,../datasets/raw/coco_person/train/labels/000000315691.txt,coco_person,000000315691,train_pool,train
000000316085.jpg,../datasets/raw/coco_person/train/images/000000316085.jpg,../datasets/raw/coco_person/train/labels/000000316085.txt,coco_person,000000316085,train_pool,train
000000316123.jpg,../datasets/raw/coco_person/train/images/000000316123.jpg,../datasets/raw/coco_person/train/labels/000000316123.txt,coco_person,000000316123,train_pool,val
000000316141.jpg,../datasets/raw/coco_person/train/images/000000316141.jpg,../datasets/raw/coco_person/train/labels/000000316141.txt,coco_person,000000316141,train_pool,train
000000316189.jpg,../datasets/raw/coco_person/train/images/000000316189.jpg,../datasets/raw/coco_person/train/labels/000000316189.txt,coco_person,000000316189,train_pool,val
000000316477.jpg,../datasets/raw/coco_person/train/images/000000316477.jpg,../datasets/raw/coco_person/train/labels/000000316477.txt,coco_person,000000316477,train_pool,train
000000316617.jpg,../datasets/raw/coco_person/train/images/000000316617.jpg,../datasets/raw/coco_person/train/labels/000000316617.txt,coco_person,000000316617,train_pool,train
000000316657.jpg,../datasets/raw/coco_person/train/images/000000316657.jpg,../datasets/raw/coco_person/train/labels/000000316657.txt,coco_person,000000316657,train_pool,train
000000316801.jpg,../datasets/raw/coco_person/train/images/000000316801.jpg,../datasets/raw/coco_person/train/labels/000000316801.txt,coco_person,000000316801,train_pool,val
000000316914.jpg,../datasets/raw/coco_person/train/images/000000316914.jpg,../datasets/raw/coco_person/train/labels/000000316914.txt,coco_person,000000316914,train_pool,train
000000317087.jpg,../datasets/raw/coco_person/train/images/000000317087.jpg,../datasets/raw/coco_person/train/labels/000000317087.txt,coco_person,000000317087,train_pool,val
000000317237.jpg,../datasets/raw/coco_person/train/images/000000317237.jpg,../datasets/raw/coco_person/train/labels/000000317237.txt,coco_person,000000317237,train_pool,train
000000317639.jpg,../datasets/raw/coco_person/train/images/000000317639.jpg,../datasets/raw/coco_person/train/labels/000000317639.txt,coco_person,000000317639,train_pool,train
000000318185.jpg,../datasets/raw/coco_person/train/images/000000318185.jpg,../datasets/raw/coco_person/train/labels/000000318185.txt,coco_person,000000318185,train_pool,train
000000318193.jpg,../datasets/raw/coco_person/train/images/000000318193.jpg,../datasets/raw/coco_person/train/labels/000000318193.txt,coco_person,000000318193,train_pool,train
000000318225.jpg,../datasets/raw/coco_person/train/images/000000318225.jpg,../datasets/raw/coco_person/train/labels/000000318225.txt,coco_person,000000318225,train_pool,val
000000318241.jpg,../datasets/raw/coco_person/train/images/000000318241.jpg,../datasets/raw/coco_person/train/labels/000000318241.txt,coco_person,000000318241,train_pool,train
000000318384.jpg,../datasets/raw/coco_person/train/images/000000318384.jpg,../datasets/raw/coco_person/train/labels/000000318384.txt,coco_person,000000318384,train_pool,train
000000318483.jpg,../datasets/raw/coco_person/train/images/000000318483.jpg,../datasets/raw/coco_person/train/labels/000000318483.txt,coco_person,000000318483,train_pool,train
000000318630.jpg,../datasets/raw/coco_person/train/images/000000318630.jpg,../datasets/raw/coco_person/train/labels/000000318630.txt,coco_person,000000318630,train_pool,train
000000318967.jpg,../datasets/raw/coco_person/train/images/000000318967.jpg,../datasets/raw/coco_person/train/labels/000000318967.txt,coco_person,000000318967,train_pool,train
000000319542.jpg,../datasets/raw/coco_person/train/images/000000319542.jpg,../datasets/raw/coco_person/train/labels/000000319542.txt,coco_person,000000319542,train_pool,val
000000319655.jpg,../datasets/raw/coco_person/train/images/000000319655.jpg,../datasets/raw/coco_person/train/labels/000000319655.txt,coco_person,000000319655,train_pool,train
000000319818.jpg,../datasets/raw/coco_person/train/images/000000319818.jpg,../datasets/raw/coco_person/train/labels/000000319818.txt,coco_person,000000319818,train_pool,train
000000320053.jpg,../datasets/raw/coco_person/train/images/000000320053.jpg,../datasets/raw/coco_person/train/labels/000000320053.txt,coco_person,000000320053,train_pool,train
000000320180.jpg,../datasets/raw/coco_person/train/images/000000320180.jpg,../datasets/raw/coco_person/train/labels/000000320180.txt,coco_person,000000320180,train_pool,train
000000320379.jpg,../datasets/raw/coco_person/train/images/000000320379.jpg,../datasets/raw/coco_person/train/labels/000000320379.txt,coco_person,000000320379,train_pool,train
000000320523.jpg,../datasets/raw/coco_person/train/images/000000320523.jpg,../datasets/raw/coco_person/train/labels/000000320523.txt,coco_person,000000320523,train_pool,train
000000320643.jpg,../datasets/raw/coco_person/train/images/000000320643.jpg,../datasets/raw/coco_person/train/labels/000000320643.txt,coco_person,000000320643,train_pool,train
000000320944.jpg,../datasets/raw/coco_person/train/images/000000320944.jpg,../datasets/raw/coco_person/train/labels/000000320944.txt,coco_person,000000320944,train_pool,val
000000320987.jpg,../datasets/raw/coco_person/train/images/000000320987.jpg,../datasets/raw/coco_person/train/labels/000000320987.txt,coco_person,000000320987,train_pool,train
000000321185.jpg,../datasets/raw/coco_person/train/images/000000321185.jpg,../datasets/raw/coco_person/train/labels/000000321185.txt,coco_person,000000321185,train_pool,train
000000321737.jpg,../datasets/raw/coco_person/train/images/000000321737.jpg,../datasets/raw/coco_person/train/labels/000000321737.txt,coco_person,000000321737,train_pool,train
000000321776.jpg,../datasets/raw/coco_person/train/images/000000321776.jpg,../datasets/raw/coco_person/train/labels/000000321776.txt,coco_person,000000321776,train_pool,train
000000322082.jpg,../datasets/raw/coco_person/train/images/000000322082.jpg,../datasets/raw/coco_person/train/labels/000000322082.txt,coco_person,000000322082,train_pool,train
000000322215.jpg,../datasets/raw/coco_person/train/images/000000322215.jpg,../datasets/raw/coco_person/train/labels/000000322215.txt,coco_person,000000322215,train_pool,val
000000322253.jpg,../datasets/raw/coco_person/train/images/000000322253.jpg,../datasets/raw/coco_person/train/labels/000000322253.txt,coco_person,000000322253,train_pool,train
000000322268.jpg,../datasets/raw/coco_person/train/images/000000322268.jpg,../datasets/raw/coco_person/train/labels/000000322268.txt,coco_person,000000322268,train_pool,train
000000322517.jpg,../datasets/raw/coco_person/train/images/000000322517.jpg,../datasets/raw/coco_person/train/labels/000000322517.txt,coco_person,000000322517,train_pool,train
000000323104.jpg,../datasets/raw/coco_person/train/images/000000323104.jpg,../datasets/raw/coco_person/train/labels/000000323104.txt,coco_person,000000323104,train_pool,train
000000323147.jpg,../datasets/raw/coco_person/train/images/000000323147.jpg,../datasets/raw/coco_person/train/labels/000000323147.txt,coco_person,000000323147,train_pool,train
000000323489.jpg,../datasets/raw/coco_person/train/images/000000323489.jpg,../datasets/raw/coco_person/train/labels/000000323489.txt,coco_person,000000323489,train_pool,train
000000323752.jpg,../datasets/raw/coco_person/train/images/000000323752.jpg,../datasets/raw/coco_person/train/labels/000000323752.txt,coco_person,000000323752,train_pool,val
000000323791.jpg,../datasets/raw/coco_person/train/images/000000323791.jpg,../datasets/raw/coco_person/train/labels/000000323791.txt,coco_person,000000323791,train_pool,train
000000323889.jpg,../datasets/raw/coco_person/train/images/000000323889.jpg,../datasets/raw/coco_person/train/labels/000000323889.txt,coco_person,000000323889,train_pool,train
000000323950.jpg,../datasets/raw/coco_person/train/images/000000323950.jpg,../datasets/raw/coco_person/train/labels/000000323950.txt,coco_person,000000323950,train_pool,train
000000323983.jpg,../datasets/raw/coco_person/train/images/000000323983.jpg,../datasets/raw/coco_person/train/labels/000000323983.txt,coco_person,000000323983,train_pool,train
000000324040.jpg,../datasets/raw/coco_person/train/images/000000324040.jpg,../datasets/raw/coco_person/train/labels/000000324040.txt,coco_person,000000324040,train_pool,train
000000324231.jpg,../datasets/raw/coco_person/train/images/000000324231.jpg,../datasets/raw/coco_person/train/labels/000000324231.txt,coco_person,000000324231,train_pool,train
000000324232.jpg,../datasets/raw/coco_person/train/images/000000324232.jpg,../datasets/raw/coco_person/train/labels/000000324232.txt,coco_person,000000324232,train_pool,train
000000324280.jpg,../datasets/raw/coco_person/train/images/000000324280.jpg,../datasets/raw/coco_person/train/labels/000000324280.txt,coco_person,000000324280,train_pool,train
000000324316.jpg,../datasets/raw/coco_person/train/images/000000324316.jpg,../datasets/raw/coco_person/train/labels/000000324316.txt,coco_person,000000324316,train_pool,train
000000324395.jpg,../datasets/raw/coco_person/train/images/000000324395.jpg,../datasets/raw/coco_person/train/labels/000000324395.txt,coco_person,000000324395,train_pool,train
000000324427.jpg,../datasets/raw/coco_person/train/images/000000324427.jpg,../datasets/raw/coco_person/train/labels/000000324427.txt,coco_person,000000324427,train_pool,train
000000324513.jpg,../datasets/raw/coco_person/train/images/000000324513.jpg,../datasets/raw/coco_person/train/labels/000000324513.txt,coco_person,000000324513,train_pool,val
000000324634.jpg,../datasets/raw/coco_person/train/images/000000324634.jpg,../datasets/raw/coco_person/train/labels/000000324634.txt,coco_person,000000324634,train_pool,train
000000324732.jpg,../datasets/raw/coco_person/train/images/000000324732.jpg,../datasets/raw/coco_person/train/labels/000000324732.txt,coco_person,000000324732,train_pool,train
000000324866.jpg,../datasets/raw/coco_person/train/images/000000324866.jpg,../datasets/raw/coco_person/train/labels/000000324866.txt,coco_person,000000324866,train_pool,train
000000324971.jpg,../datasets/raw/coco_person/train/images/000000324971.jpg,../datasets/raw/coco_person/train/labels/000000324971.txt,coco_person,000000324971,train_pool,train
000000325351.jpg,../datasets/raw/coco_person/train/images/000000325351.jpg,../datasets/raw/coco_person/train/labels/000000325351.txt,coco_person,000000325351,train_pool,train
000000325371.jpg,../datasets/raw/coco_person/train/images/000000325371.jpg,../datasets/raw/coco_person/train/labels/000000325371.txt,coco_person,000000325371,train_pool,train
000000325957.jpg,../datasets/raw/coco_person/train/images/000000325957.jpg,../datasets/raw/coco_person/train/labels/000000325957.txt,coco_person,000000325957,train_pool,train
000000326048.jpg,../datasets/raw/coco_person/train/images/000000326048.jpg,../datasets/raw/coco_person/train/labels/000000326048.txt,coco_person,000000326048,train_pool,train
000000326265.jpg,../datasets/raw/coco_person/train/images/000000326265.jpg,../datasets/raw/coco_person/train/labels/000000326265.txt,coco_person,000000326265,train_pool,train
000000326317.jpg,../datasets/raw/coco_person/train/images/000000326317.jpg,../datasets/raw/coco_person/train/labels/000000326317.txt,coco_person,000000326317,train_pool,train
000000326368.jpg,../datasets/raw/coco_person/train/images/000000326368.jpg,../datasets/raw/coco_person/train/labels/000000326368.txt,coco_person,000000326368,train_pool,train
000000326666.jpg,../datasets/raw/coco_person/train/images/000000326666.jpg,../datasets/raw/coco_person/train/labels/000000326666.txt,coco_person,000000326666,train_pool,val
000000326811.jpg,../datasets/raw/coco_person/train/images/000000326811.jpg,../datasets/raw/coco_person/train/labels/000000326811.txt,coco_person,000000326811,train_pool,train
000000326823.jpg,../datasets/raw/coco_person/train/images/000000326823.jpg,../datasets/raw/coco_person/train/labels/000000326823.txt,coco_person,000000326823,train_pool,train
000000327168.jpg,../datasets/raw/coco_person/train/images/000000327168.jpg,../datasets/raw/coco_person/train/labels/000000327168.txt,coco_person,000000327168,train_pool,train
000000327258.jpg,../datasets/raw/coco_person/train/images/000000327258.jpg,../datasets/raw/coco_person/train/labels/000000327258.txt,coco_person,000000327258,train_pool,train
000000327432.jpg,../datasets/raw/coco_person/train/images/000000327432.jpg,../datasets/raw/coco_person/train/labels/000000327432.txt,coco_person,000000327432,train_pool,train
000000327561.jpg,../datasets/raw/coco_person/train/images/000000327561.jpg,../datasets/raw/coco_person/train/labels/000000327561.txt,coco_person,000000327561,train_pool,train
000000327643.jpg,../datasets/raw/coco_person/train/images/000000327643.jpg,../datasets/raw/coco_person/train/labels/000000327643.txt,coco_person,000000327643,train_pool,train
000000327746.jpg,../datasets/raw/coco_person/train/images/000000327746.jpg,../datasets/raw/coco_person/train/labels/000000327746.txt,coco_person,000000327746,train_pool,train
000000327810.jpg,../datasets/raw/coco_person/train/images/000000327810.jpg,../datasets/raw/coco_person/train/labels/000000327810.txt,coco_person,000000327810,train_pool,train
000000328026.jpg,../datasets/raw/coco_person/train/images/000000328026.jpg,../datasets/raw/coco_person/train/labels/000000328026.txt,coco_person,000000328026,train_pool,train
000000328223.jpg,../datasets/raw/coco_person/train/images/000000328223.jpg,../datasets/raw/coco_person/train/labels/000000328223.txt,coco_person,000000328223,train_pool,train
000000328289.jpg,../datasets/raw/coco_person/train/images/000000328289.jpg,../datasets/raw/coco_person/train/labels/000000328289.txt,coco_person,000000328289,train_pool,val
000000328326.jpg,../datasets/raw/coco_person/train/images/000000328326.jpg,../datasets/raw/coco_person/train/labels/000000328326.txt,coco_person,000000328326,train_pool,train
000000328352.jpg,../datasets/raw/coco_person/train/images/000000328352.jpg,../datasets/raw/coco_person/train/labels/000000328352.txt,coco_person,000000328352,train_pool,train
000000328372.jpg,../datasets/raw/coco_person/train/images/000000328372.jpg,../datasets/raw/coco_person/train/labels/000000328372.txt,coco_person,000000328372,train_pool,train
000000328581.jpg,../datasets/raw/coco_person/train/images/000000328581.jpg,../datasets/raw/coco_person/train/labels/000000328581.txt,coco_person,000000328581,train_pool,train
000000328757.jpg,../datasets/raw/coco_person/train/images/000000328757.jpg,../datasets/raw/coco_person/train/labels/000000328757.txt,coco_person,000000328757,train_pool,train
000000328758.jpg,../datasets/raw/coco_person/train/images/000000328758.jpg,../datasets/raw/coco_person/train/labels/000000328758.txt,coco_person,000000328758,train_pool,train
000000328785.jpg,../datasets/raw/coco_person/train/images/000000328785.jpg,../datasets/raw/coco_person/train/labels/000000328785.txt,coco_person,000000328785,train_pool,train
000000329008.jpg,../datasets/raw/coco_person/train/images/000000329008.jpg,../datasets/raw/coco_person/train/labels/000000329008.txt,coco_person,000000329008,train_pool,train
000000329380.jpg,../datasets/raw/coco_person/train/images/000000329380.jpg,../datasets/raw/coco_person/train/labels/000000329380.txt,coco_person,000000329380,train_pool,train
000000329498.jpg,../datasets/raw/coco_person/train/images/000000329498.jpg,../datasets/raw/coco_person/train/labels/000000329498.txt,coco_person,000000329498,train_pool,train
000000329543.jpg,../datasets/raw/coco_person/train/images/000000329543.jpg,../datasets/raw/coco_person/train/labels/000000329543.txt,coco_person,000000329543,train_pool,train
000000329640.jpg,../datasets/raw/coco_person/train/images/000000329640.jpg,../datasets/raw/coco_person/train/labels/000000329640.txt,coco_person,000000329640,train_pool,train
000000329664.jpg,../datasets/raw/coco_person/train/images/000000329664.jpg,../datasets/raw/coco_person/train/labels/000000329664.txt,coco_person,000000329664,train_pool,train
000000329707.jpg,../datasets/raw/coco_person/train/images/000000329707.jpg,../datasets/raw/coco_person/train/labels/000000329707.txt,coco_person,000000329707,train_pool,train
000000329753.jpg,../datasets/raw/coco_person/train/images/000000329753.jpg,../datasets/raw/coco_person/train/labels/000000329753.txt,coco_person,000000329753,train_pool,train
000000329932.jpg,../datasets/raw/coco_person/train/images/000000329932.jpg,../datasets/raw/coco_person/train/labels/000000329932.txt,coco_person,000000329932,train_pool,val
000000330025.jpg,../datasets/raw/coco_person/train/images/000000330025.jpg,../datasets/raw/coco_person/train/labels/000000330025.txt,coco_person,000000330025,train_pool,train
000000330241.jpg,../datasets/raw/coco_person/train/images/000000330241.jpg,../datasets/raw/coco_person/train/labels/000000330241.txt,coco_person,000000330241,train_pool,train
000000330609.jpg,../datasets/raw/coco_person/train/images/000000330609.jpg,../datasets/raw/coco_person/train/labels/000000330609.txt,coco_person,000000330609,train_pool,train
000000330845.jpg,../datasets/raw/coco_person/train/images/000000330845.jpg,../datasets/raw/coco_person/train/labels/000000330845.txt,coco_person,000000330845,train_pool,train
000000330967.jpg,../datasets/raw/coco_person/train/images/000000330967.jpg,../datasets/raw/coco_person/train/labels/000000330967.txt,coco_person,000000330967,train_pool,train
000000331057.jpg,../datasets/raw/coco_person/train/images/000000331057.jpg,../datasets/raw/coco_person/train/labels/000000331057.txt,coco_person,000000331057,train_pool,train
000000331250.jpg,../datasets/raw/coco_person/train/images/000000331250.jpg,../datasets/raw/coco_person/train/labels/000000331250.txt,coco_person,000000331250,train_pool,train
000000331298.jpg,../datasets/raw/coco_person/train/images/000000331298.jpg,../datasets/raw/coco_person/train/labels/000000331298.txt,coco_person,000000331298,train_pool,train
000000331313.jpg,../datasets/raw/coco_person/train/images/000000331313.jpg,../datasets/raw/coco_person/train/labels/000000331313.txt,coco_person,000000331313,train_pool,train
000000331366.jpg,../datasets/raw/coco_person/train/images/000000331366.jpg,../datasets/raw/coco_person/train/labels/000000331366.txt,coco_person,000000331366,train_pool,train
000000331479.jpg,../datasets/raw/coco_person/train/images/000000331479.jpg,../datasets/raw/coco_person/train/labels/000000331479.txt,coco_person,000000331479,train_pool,train
000000331518.jpg,../datasets/raw/coco_person/train/images/000000331518.jpg,../datasets/raw/coco_person/train/labels/000000331518.txt,coco_person,000000331518,train_pool,train
000000331520.jpg,../datasets/raw/coco_person/train/images/000000331520.jpg,../datasets/raw/coco_person/train/labels/000000331520.txt,coco_person,000000331520,train_pool,train
000000331635.jpg,../datasets/raw/coco_person/train/images/000000331635.jpg,../datasets/raw/coco_person/train/labels/000000331635.txt,coco_person,000000331635,train_pool,train
000000331642.jpg,../datasets/raw/coco_person/train/images/000000331642.jpg,../datasets/raw/coco_person/train/labels/000000331642.txt,coco_person,000000331642,train_pool,train
000000331670.jpg,../datasets/raw/coco_person/train/images/000000331670.jpg,../datasets/raw/coco_person/train/labels/000000331670.txt,coco_person,000000331670,train_pool,train
000000331724.jpg,../datasets/raw/coco_person/train/images/000000331724.jpg,../datasets/raw/coco_person/train/labels/000000331724.txt,coco_person,000000331724,train_pool,train
000000331747.jpg,../datasets/raw/coco_person/train/images/000000331747.jpg,../datasets/raw/coco_person/train/labels/000000331747.txt,coco_person,000000331747,train_pool,train
000000331863.jpg,../datasets/raw/coco_person/train/images/000000331863.jpg,../datasets/raw/coco_person/train/labels/000000331863.txt,coco_person,000000331863,train_pool,train
000000331959.jpg,../datasets/raw/coco_person/train/images/000000331959.jpg,../datasets/raw/coco_person/train/labels/000000331959.txt,coco_person,000000331959,train_pool,train
000000332063.jpg,../datasets/raw/coco_person/train/images/000000332063.jpg,../datasets/raw/coco_person/train/labels/000000332063.txt,coco_person,000000332063,train_pool,val
000000332087.jpg,../datasets/raw/coco_person/train/images/000000332087.jpg,../datasets/raw/coco_person/train/labels/000000332087.txt,coco_person,000000332087,train_pool,train
000000332176.jpg,../datasets/raw/coco_person/train/images/000000332176.jpg,../datasets/raw/coco_person/train/labels/000000332176.txt,coco_person,000000332176,train_pool,train
000000332299.jpg,../datasets/raw/coco_person/train/images/000000332299.jpg,../datasets/raw/coco_person/train/labels/000000332299.txt,coco_person,000000332299,train_pool,train
000000332345.jpg,../datasets/raw/coco_person/train/images/000000332345.jpg,../datasets/raw/coco_person/train/labels/000000332345.txt,coco_person,000000332345,train_pool,train
000000332579.jpg,../datasets/raw/coco_person/train/images/000000332579.jpg,../datasets/raw/coco_person/train/labels/000000332579.txt,coco_person,000000332579,train_pool,train
000000333081.jpg,../datasets/raw/coco_person/train/images/000000333081.jpg,../datasets/raw/coco_person/train/labels/000000333081.txt,coco_person,000000333081,train_pool,train
000000333095.jpg,../datasets/raw/coco_person/train/images/000000333095.jpg,../datasets/raw/coco_person/train/labels/000000333095.txt,coco_person,000000333095,train_pool,train
000000333101.jpg,../datasets/raw/coco_person/train/images/000000333101.jpg,../datasets/raw/coco_person/train/labels/000000333101.txt,coco_person,000000333101,train_pool,train
000000333201.jpg,../datasets/raw/coco_person/train/images/000000333201.jpg,../datasets/raw/coco_person/train/labels/000000333201.txt,coco_person,000000333201,train_pool,train
000000333433.jpg,../datasets/raw/coco_person/train/images/000000333433.jpg,../datasets/raw/coco_person/train/labels/000000333433.txt,coco_person,000000333433,train_pool,train
000000333663.jpg,../datasets/raw/coco_person/train/images/000000333663.jpg,../datasets/raw/coco_person/train/labels/000000333663.txt,coco_person,000000333663,train_pool,train
000000333687.jpg,../datasets/raw/coco_person/train/images/000000333687.jpg,../datasets/raw/coco_person/train/labels/000000333687.txt,coco_person,000000333687,train_pool,train
000000333688.jpg,../datasets/raw/coco_person/train/images/000000333688.jpg,../datasets/raw/coco_person/train/labels/000000333688.txt,coco_person,000000333688,train_pool,train
000000333694.jpg,../datasets/raw/coco_person/train/images/000000333694.jpg,../datasets/raw/coco_person/train/labels/000000333694.txt,coco_person,000000333694,train_pool,train
000000333730.jpg,../datasets/raw/coco_person/train/images/000000333730.jpg,../datasets/raw/coco_person/train/labels/000000333730.txt,coco_person,000000333730,train_pool,train
000000334034.jpg,../datasets/raw/coco_person/train/images/000000334034.jpg,../datasets/raw/coco_person/train/labels/000000334034.txt,coco_person,000000334034,train_pool,train
000000334139.jpg,../datasets/raw/coco_person/train/images/000000334139.jpg,../datasets/raw/coco_person/train/labels/000000334139.txt,coco_person,000000334139,train_pool,train
000000334380.jpg,../datasets/raw/coco_person/train/images/000000334380.jpg,../datasets/raw/coco_person/train/labels/000000334380.txt,coco_person,000000334380,train_pool,train
000000334473.jpg,../datasets/raw/coco_person/train/images/000000334473.jpg,../datasets/raw/coco_person/train/labels/000000334473.txt,coco_person,000000334473,train_pool,train
000000334511.jpg,../datasets/raw/coco_person/train/images/000000334511.jpg,../datasets/raw/coco_person/train/labels/000000334511.txt,coco_person,000000334511,train_pool,train
000000334616.jpg,../datasets/raw/coco_person/train/images/000000334616.jpg,../datasets/raw/coco_person/train/labels/000000334616.txt,coco_person,000000334616,train_pool,train
000000334648.jpg,../datasets/raw/coco_person/train/images/000000334648.jpg,../datasets/raw/coco_person/train/labels/000000334648.txt,coco_person,000000334648,train_pool,val
000000334751.jpg,../datasets/raw/coco_person/train/images/000000334751.jpg,../datasets/raw/coco_person/train/labels/000000334751.txt,coco_person,000000334751,train_pool,val
000000334803.jpg,../datasets/raw/coco_person/train/images/000000334803.jpg,../datasets/raw/coco_person/train/labels/000000334803.txt,coco_person,000000334803,train_pool,train
000000335003.jpg,../datasets/raw/coco_person/train/images/000000335003.jpg,../datasets/raw/coco_person/train/labels/000000335003.txt,coco_person,000000335003,train_pool,train
000000335200.jpg,../datasets/raw/coco_person/train/images/000000335200.jpg,../datasets/raw/coco_person/train/labels/000000335200.txt,coco_person,000000335200,train_pool,train
000000335241.jpg,../datasets/raw/coco_person/train/images/000000335241.jpg,../datasets/raw/coco_person/train/labels/000000335241.txt,coco_person,000000335241,train_pool,train
000000335344.jpg,../datasets/raw/coco_person/train/images/000000335344.jpg,../datasets/raw/coco_person/train/labels/000000335344.txt,coco_person,000000335344,train_pool,val
000000335374.jpg,../datasets/raw/coco_person/train/images/000000335374.jpg,../datasets/raw/coco_person/train/labels/000000335374.txt,coco_person,000000335374,train_pool,train
000000335434.jpg,../datasets/raw/coco_person/train/images/000000335434.jpg,../datasets/raw/coco_person/train/labels/000000335434.txt,coco_person,000000335434,train_pool,val
000000335722.jpg,../datasets/raw/coco_person/train/images/000000335722.jpg,../datasets/raw/coco_person/train/labels/000000335722.txt,coco_person,000000335722,train_pool,val
000000335725.jpg,../datasets/raw/coco_person/train/images/000000335725.jpg,../datasets/raw/coco_person/train/labels/000000335725.txt,coco_person,000000335725,train_pool,train
000000335909.jpg,../datasets/raw/coco_person/train/images/000000335909.jpg,../datasets/raw/coco_person/train/labels/000000335909.txt,coco_person,000000335909,train_pool,train
000000336002.jpg,../datasets/raw/coco_person/train/images/000000336002.jpg,../datasets/raw/coco_person/train/labels/000000336002.txt,coco_person,000000336002,train_pool,train
000000336078.jpg,../datasets/raw/coco_person/train/images/000000336078.jpg,../datasets/raw/coco_person/train/labels/000000336078.txt,coco_person,000000336078,train_pool,train
000000336242.jpg,../datasets/raw/coco_person/train/images/000000336242.jpg,../datasets/raw/coco_person/train/labels/000000336242.txt,coco_person,000000336242,train_pool,train
000000336464.jpg,../datasets/raw/coco_person/train/images/000000336464.jpg,../datasets/raw/coco_person/train/labels/000000336464.txt,coco_person,000000336464,train_pool,train
000000336477.jpg,../datasets/raw/coco_person/train/images/000000336477.jpg,../datasets/raw/coco_person/train/labels/000000336477.txt,coco_person,000000336477,train_pool,train
000000336552.jpg,../datasets/raw/coco_person/train/images/000000336552.jpg,../datasets/raw/coco_person/train/labels/000000336552.txt,coco_person,000000336552,train_pool,train
000000336654.jpg,../datasets/raw/coco_person/train/images/000000336654.jpg,../datasets/raw/coco_person/train/labels/000000336654.txt,coco_person,000000336654,train_pool,val
000000336981.jpg,../datasets/raw/coco_person/train/images/000000336981.jpg,../datasets/raw/coco_person/train/labels/000000336981.txt,coco_person,000000336981,train_pool,train
000000337019.jpg,../datasets/raw/coco_person/train/images/000000337019.jpg,../datasets/raw/coco_person/train/labels/000000337019.txt,coco_person,000000337019,train_pool,train
000000337164.jpg,../datasets/raw/coco_person/train/images/000000337164.jpg,../datasets/raw/coco_person/train/labels/000000337164.txt,coco_person,000000337164,train_pool,train
000000337342.jpg,../datasets/raw/coco_person/train/images/000000337342.jpg,../datasets/raw/coco_person/train/labels/000000337342.txt,coco_person,000000337342,train_pool,val
000000337390.jpg,../datasets/raw/coco_person/train/images/000000337390.jpg,../datasets/raw/coco_person/train/labels/000000337390.txt,coco_person,000000337390,train_pool,train
000000337527.jpg,../datasets/raw/coco_person/train/images/000000337527.jpg,../datasets/raw/coco_person/train/labels/000000337527.txt,coco_person,000000337527,train_pool,train
000000337547.jpg,../datasets/raw/coco_person/train/images/000000337547.jpg,../datasets/raw/coco_person/train/labels/000000337547.txt,coco_person,000000337547,train_pool,train
000000337561.jpg,../datasets/raw/coco_person/train/images/000000337561.jpg,../datasets/raw/coco_person/train/labels/000000337561.txt,coco_person,000000337561,train_pool,train
000000337607.jpg,../datasets/raw/coco_person/train/images/000000337607.jpg,../datasets/raw/coco_person/train/labels/000000337607.txt,coco_person,000000337607,train_pool,val
000000337682.jpg,../datasets/raw/coco_person/train/images/000000337682.jpg,../datasets/raw/coco_person/train/labels/000000337682.txt,coco_person,000000337682,train_pool,train
000000337975.jpg,../datasets/raw/coco_person/train/images/000000337975.jpg,../datasets/raw/coco_person/train/labels/000000337975.txt,coco_person,000000337975,train_pool,train
000000337976.jpg,../datasets/raw/coco_person/train/images/000000337976.jpg,../datasets/raw/coco_person/train/labels/000000337976.txt,coco_person,000000337976,train_pool,train
000000338007.jpg,../datasets/raw/coco_person/train/images/000000338007.jpg,../datasets/raw/coco_person/train/labels/000000338007.txt,coco_person,000000338007,train_pool,train
000000338061.jpg,../datasets/raw/coco_person/train/images/000000338061.jpg,../datasets/raw/coco_person/train/labels/000000338061.txt,coco_person,000000338061,train_pool,train
000000338065.jpg,../datasets/raw/coco_person/train/images/000000338065.jpg,../datasets/raw/coco_person/train/labels/000000338065.txt,coco_person,000000338065,train_pool,train
000000338600.jpg,../datasets/raw/coco_person/train/images/000000338600.jpg,../datasets/raw/coco_person/train/labels/000000338600.txt,coco_person,000000338600,train_pool,train
000000338840.jpg,../datasets/raw/coco_person/train/images/000000338840.jpg,../datasets/raw/coco_person/train/labels/000000338840.txt,coco_person,000000338840,train_pool,train
000000339019.jpg,../datasets/raw/coco_person/train/images/000000339019.jpg,../datasets/raw/coco_person/train/labels/000000339019.txt,coco_person,000000339019,train_pool,train
000000339029.jpg,../datasets/raw/coco_person/train/images/000000339029.jpg,../datasets/raw/coco_person/train/labels/000000339029.txt,coco_person,000000339029,train_pool,train
000000339361.jpg,../datasets/raw/coco_person/train/images/000000339361.jpg,../datasets/raw/coco_person/train/labels/000000339361.txt,coco_person,000000339361,train_pool,train
000000339575.jpg,../datasets/raw/coco_person/train/images/000000339575.jpg,../datasets/raw/coco_person/train/labels/000000339575.txt,coco_person,000000339575,train_pool,train
000000339603.jpg,../datasets/raw/coco_person/train/images/000000339603.jpg,../datasets/raw/coco_person/train/labels/000000339603.txt,coco_person,000000339603,train_pool,val
000000339681.jpg,../datasets/raw/coco_person/train/images/000000339681.jpg,../datasets/raw/coco_person/train/labels/000000339681.txt,coco_person,000000339681,train_pool,val
000000339918.jpg,../datasets/raw/coco_person/train/images/000000339918.jpg,../datasets/raw/coco_person/train/labels/000000339918.txt,coco_person,000000339918,train_pool,train
000000339988.jpg,../datasets/raw/coco_person/train/images/000000339988.jpg,../datasets/raw/coco_person/train/labels/000000339988.txt,coco_person,000000339988,train_pool,train
000000340069.jpg,../datasets/raw/coco_person/train/images/000000340069.jpg,../datasets/raw/coco_person/train/labels/000000340069.txt,coco_person,000000340069,train_pool,train
000000340148.jpg,../datasets/raw/coco_person/train/images/000000340148.jpg,../datasets/raw/coco_person/train/labels/000000340148.txt,coco_person,000000340148,train_pool,train
000000340285.jpg,../datasets/raw/coco_person/train/images/000000340285.jpg,../datasets/raw/coco_person/train/labels/000000340285.txt,coco_person,000000340285,train_pool,val
000000340292.jpg,../datasets/raw/coco_person/train/images/000000340292.jpg,../datasets/raw/coco_person/train/labels/000000340292.txt,coco_person,000000340292,train_pool,train
000000340532.jpg,../datasets/raw/coco_person/train/images/000000340532.jpg,../datasets/raw/coco_person/train/labels/000000340532.txt,coco_person,000000340532,train_pool,train
000000340646.jpg,../datasets/raw/coco_person/train/images/000000340646.jpg,../datasets/raw/coco_person/train/labels/000000340646.txt,coco_person,000000340646,train_pool,train
000000340659.jpg,../datasets/raw/coco_person/train/images/000000340659.jpg,../datasets/raw/coco_person/train/labels/000000340659.txt,coco_person,000000340659,train_pool,val
000000341015.jpg,../datasets/raw/coco_person/train/images/000000341015.jpg,../datasets/raw/coco_person/train/labels/000000341015.txt,coco_person,000000341015,train_pool,train
000000341047.jpg,../datasets/raw/coco_person/train/images/000000341047.jpg,../datasets/raw/coco_person/train/labels/000000341047.txt,coco_person,000000341047,train_pool,train
000000341143.jpg,../datasets/raw/coco_person/train/images/000000341143.jpg,../datasets/raw/coco_person/train/labels/000000341143.txt,coco_person,000000341143,train_pool,train
000000341206.jpg,../datasets/raw/coco_person/train/images/000000341206.jpg,../datasets/raw/coco_person/train/labels/000000341206.txt,coco_person,000000341206,train_pool,val
000000341768.jpg,../datasets/raw/coco_person/train/images/000000341768.jpg,../datasets/raw/coco_person/train/labels/000000341768.txt,coco_person,000000341768,train_pool,train
000000341886.jpg,../datasets/raw/coco_person/train/images/000000341886.jpg,../datasets/raw/coco_person/train/labels/000000341886.txt,coco_person,000000341886,train_pool,train
000000342049.jpg,../datasets/raw/coco_person/train/images/000000342049.jpg,../datasets/raw/coco_person/train/labels/000000342049.txt,coco_person,000000342049,train_pool,train
000000342146.jpg,../datasets/raw/coco_person/train/images/000000342146.jpg,../datasets/raw/coco_person/train/labels/000000342146.txt,coco_person,000000342146,train_pool,val
000000342347.jpg,../datasets/raw/coco_person/train/images/000000342347.jpg,../datasets/raw/coco_person/train/labels/000000342347.txt,coco_person,000000342347,train_pool,train
000000342483.jpg,../datasets/raw/coco_person/train/images/000000342483.jpg,../datasets/raw/coco_person/train/labels/000000342483.txt,coco_person,000000342483,train_pool,train
000000342566.jpg,../datasets/raw/coco_person/train/images/000000342566.jpg,../datasets/raw/coco_person/train/labels/000000342566.txt,coco_person,000000342566,train_pool,train
000000342583.jpg,../datasets/raw/coco_person/train/images/000000342583.jpg,../datasets/raw/coco_person/train/labels/000000342583.txt,coco_person,000000342583,train_pool,train
000000342639.jpg,../datasets/raw/coco_person/train/images/000000342639.jpg,../datasets/raw/coco_person/train/labels/000000342639.txt,coco_person,000000342639,train_pool,train
000000342702.jpg,../datasets/raw/coco_person/train/images/000000342702.jpg,../datasets/raw/coco_person/train/labels/000000342702.txt,coco_person,000000342702,train_pool,val
000000342965.jpg,../datasets/raw/coco_person/train/images/000000342965.jpg,../datasets/raw/coco_person/train/labels/000000342965.txt,coco_person,000000342965,train_pool,train
000000343268.jpg,../datasets/raw/coco_person/train/images/000000343268.jpg,../datasets/raw/coco_person/train/labels/000000343268.txt,coco_person,000000343268,train_pool,val
000000343322.jpg,../datasets/raw/coco_person/train/images/000000343322.jpg,../datasets/raw/coco_person/train/labels/000000343322.txt,coco_person,000000343322,train_pool,train
000000343770.jpg,../datasets/raw/coco_person/train/images/000000343770.jpg,../datasets/raw/coco_person/train/labels/000000343770.txt,coco_person,000000343770,train_pool,train
000000343810.jpg,../datasets/raw/coco_person/train/images/000000343810.jpg,../datasets/raw/coco_person/train/labels/000000343810.txt,coco_person,000000343810,train_pool,train
000000343933.jpg,../datasets/raw/coco_person/train/images/000000343933.jpg,../datasets/raw/coco_person/train/labels/000000343933.txt,coco_person,000000343933,train_pool,train
000000344146.jpg,../datasets/raw/coco_person/train/images/000000344146.jpg,../datasets/raw/coco_person/train/labels/000000344146.txt,coco_person,000000344146,train_pool,train
000000344187.jpg,../datasets/raw/coco_person/train/images/000000344187.jpg,../datasets/raw/coco_person/train/labels/000000344187.txt,coco_person,000000344187,train_pool,train
000000344194.jpg,../datasets/raw/coco_person/train/images/000000344194.jpg,../datasets/raw/coco_person/train/labels/000000344194.txt,coco_person,000000344194,train_pool,train
000000344520.jpg,../datasets/raw/coco_person/train/images/000000344520.jpg,../datasets/raw/coco_person/train/labels/000000344520.txt,coco_person,000000344520,train_pool,train
000000344579.jpg,../datasets/raw/coco_person/train/images/000000344579.jpg,../datasets/raw/coco_person/train/labels/000000344579.txt,coco_person,000000344579,train_pool,train
000000344880.jpg,../datasets/raw/coco_person/train/images/000000344880.jpg,../datasets/raw/coco_person/train/labels/000000344880.txt,coco_person,000000344880,train_pool,train
000000345172.jpg,../datasets/raw/coco_person/train/images/000000345172.jpg,../datasets/raw/coco_person/train/labels/000000345172.txt,coco_person,000000345172,train_pool,train
000000345194.jpg,../datasets/raw/coco_person/train/images/000000345194.jpg,../datasets/raw/coco_person/train/labels/000000345194.txt,coco_person,000000345194,train_pool,train
000000345595.jpg,../datasets/raw/coco_person/train/images/000000345595.jpg,../datasets/raw/coco_person/train/labels/000000345595.txt,coco_person,000000345595,train_pool,train
000000345608.jpg,../datasets/raw/coco_person/train/images/000000345608.jpg,../datasets/raw/coco_person/train/labels/000000345608.txt,coco_person,000000345608,train_pool,train
000000345787.jpg,../datasets/raw/coco_person/train/images/000000345787.jpg,../datasets/raw/coco_person/train/labels/000000345787.txt,coco_person,000000345787,train_pool,train
000000346435.jpg,../datasets/raw/coco_person/train/images/000000346435.jpg,../datasets/raw/coco_person/train/labels/000000346435.txt,coco_person,000000346435,train_pool,val
000000346587.jpg,../datasets/raw/coco_person/train/images/000000346587.jpg,../datasets/raw/coco_person/train/labels/000000346587.txt,coco_person,000000346587,train_pool,train
000000346687.jpg,../datasets/raw/coco_person/train/images/000000346687.jpg,../datasets/raw/coco_person/train/labels/000000346687.txt,coco_person,000000346687,train_pool,train
000000346759.jpg,../datasets/raw/coco_person/train/images/000000346759.jpg,../datasets/raw/coco_person/train/labels/000000346759.txt,coco_person,000000346759,train_pool,train
000000346806.jpg,../datasets/raw/coco_person/train/images/000000346806.jpg,../datasets/raw/coco_person/train/labels/000000346806.txt,coco_person,000000346806,train_pool,train
000000346813.jpg,../datasets/raw/coco_person/train/images/000000346813.jpg,../datasets/raw/coco_person/train/labels/000000346813.txt,coco_person,000000346813,train_pool,train
000000346997.jpg,../datasets/raw/coco_person/train/images/000000346997.jpg,../datasets/raw/coco_person/train/labels/000000346997.txt,coco_person,000000346997,train_pool,train
000000347023.jpg,../datasets/raw/coco_person/train/images/000000347023.jpg,../datasets/raw/coco_person/train/labels/000000347023.txt,coco_person,000000347023,train_pool,train
000000347063.jpg,../datasets/raw/coco_person/train/images/000000347063.jpg,../datasets/raw/coco_person/train/labels/000000347063.txt,coco_person,000000347063,train_pool,val
000000347111.jpg,../datasets/raw/coco_person/train/images/000000347111.jpg,../datasets/raw/coco_person/train/labels/000000347111.txt,coco_person,000000347111,train_pool,val
000000347228.jpg,../datasets/raw/coco_person/train/images/000000347228.jpg,../datasets/raw/coco_person/train/labels/000000347228.txt,coco_person,000000347228,train_pool,train
000000347263.jpg,../datasets/raw/coco_person/train/images/000000347263.jpg,../datasets/raw/coco_person/train/labels/000000347263.txt,coco_person,000000347263,train_pool,train
000000347462.jpg,../datasets/raw/coco_person/train/images/000000347462.jpg,../datasets/raw/coco_person/train/labels/000000347462.txt,coco_person,000000347462,train_pool,train
000000347482.jpg,../datasets/raw/coco_person/train/images/000000347482.jpg,../datasets/raw/coco_person/train/labels/000000347482.txt,coco_person,000000347482,train_pool,val
000000347506.jpg,../datasets/raw/coco_person/train/images/000000347506.jpg,../datasets/raw/coco_person/train/labels/000000347506.txt,coco_person,000000347506,train_pool,train
000000347571.jpg,../datasets/raw/coco_person/train/images/000000347571.jpg,../datasets/raw/coco_person/train/labels/000000347571.txt,coco_person,000000347571,train_pool,val
000000347715.jpg,../datasets/raw/coco_person/train/images/000000347715.jpg,../datasets/raw/coco_person/train/labels/000000347715.txt,coco_person,000000347715,train_pool,train
000000347794.jpg,../datasets/raw/coco_person/train/images/000000347794.jpg,../datasets/raw/coco_person/train/labels/000000347794.txt,coco_person,000000347794,train_pool,train
000000347926.jpg,../datasets/raw/coco_person/train/images/000000347926.jpg,../datasets/raw/coco_person/train/labels/000000347926.txt,coco_person,000000347926,train_pool,train
000000347948.jpg,../datasets/raw/coco_person/train/images/000000347948.jpg,../datasets/raw/coco_person/train/labels/000000347948.txt,coco_person,000000347948,train_pool,train
000000348203.jpg,../datasets/raw/coco_person/train/images/000000348203.jpg,../datasets/raw/coco_person/train/labels/000000348203.txt,coco_person,000000348203,train_pool,train
000000348291.jpg,../datasets/raw/coco_person/train/images/000000348291.jpg,../datasets/raw/coco_person/train/labels/000000348291.txt,coco_person,000000348291,train_pool,val
000000348822.jpg,../datasets/raw/coco_person/train/images/000000348822.jpg,../datasets/raw/coco_person/train/labels/000000348822.txt,coco_person,000000348822,train_pool,train
000000349090.jpg,../datasets/raw/coco_person/train/images/000000349090.jpg,../datasets/raw/coco_person/train/labels/000000349090.txt,coco_person,000000349090,train_pool,val
000000349098.jpg,../datasets/raw/coco_person/train/images/000000349098.jpg,../datasets/raw/coco_person/train/labels/000000349098.txt,coco_person,000000349098,train_pool,train
000000349230.jpg,../datasets/raw/coco_person/train/images/000000349230.jpg,../datasets/raw/coco_person/train/labels/000000349230.txt,coco_person,000000349230,train_pool,val
000000349698.jpg,../datasets/raw/coco_person/train/images/000000349698.jpg,../datasets/raw/coco_person/train/labels/000000349698.txt,coco_person,000000349698,train_pool,train
000000350694.jpg,../datasets/raw/coco_person/train/images/000000350694.jpg,../datasets/raw/coco_person/train/labels/000000350694.txt,coco_person,000000350694,train_pool,val
000000351130.jpg,../datasets/raw/coco_person/train/images/000000351130.jpg,../datasets/raw/coco_person/train/labels/000000351130.txt,coco_person,000000351130,train_pool,train
000000351134.jpg,../datasets/raw/coco_person/train/images/000000351134.jpg,../datasets/raw/coco_person/train/labels/000000351134.txt,coco_person,000000351134,train_pool,train
000000351191.jpg,../datasets/raw/coco_person/train/images/000000351191.jpg,../datasets/raw/coco_person/train/labels/000000351191.txt,coco_person,000000351191,train_pool,train
000000351262.jpg,../datasets/raw/coco_person/train/images/000000351262.jpg,../datasets/raw/coco_person/train/labels/000000351262.txt,coco_person,000000351262,train_pool,train
000000351367.jpg,../datasets/raw/coco_person/train/images/000000351367.jpg,../datasets/raw/coco_person/train/labels/000000351367.txt,coco_person,000000351367,train_pool,train
000000351749.jpg,../datasets/raw/coco_person/train/images/000000351749.jpg,../datasets/raw/coco_person/train/labels/000000351749.txt,coco_person,000000351749,train_pool,train
000000351827.jpg,../datasets/raw/coco_person/train/images/000000351827.jpg,../datasets/raw/coco_person/train/labels/000000351827.txt,coco_person,000000351827,train_pool,train
000000352011.jpg,../datasets/raw/coco_person/train/images/000000352011.jpg,../datasets/raw/coco_person/train/labels/000000352011.txt,coco_person,000000352011,train_pool,train
000000352082.jpg,../datasets/raw/coco_person/train/images/000000352082.jpg,../datasets/raw/coco_person/train/labels/000000352082.txt,coco_person,000000352082,train_pool,train
000000352182.jpg,../datasets/raw/coco_person/train/images/000000352182.jpg,../datasets/raw/coco_person/train/labels/000000352182.txt,coco_person,000000352182,train_pool,train
000000352192.jpg,../datasets/raw/coco_person/train/images/000000352192.jpg,../datasets/raw/coco_person/train/labels/000000352192.txt,coco_person,000000352192,train_pool,train
000000352421.jpg,../datasets/raw/coco_person/train/images/000000352421.jpg,../datasets/raw/coco_person/train/labels/000000352421.txt,coco_person,000000352421,train_pool,train
000000352515.jpg,../datasets/raw/coco_person/train/images/000000352515.jpg,../datasets/raw/coco_person/train/labels/000000352515.txt,coco_person,000000352515,train_pool,train
000000352654.jpg,../datasets/raw/coco_person/train/images/000000352654.jpg,../datasets/raw/coco_person/train/labels/000000352654.txt,coco_person,000000352654,train_pool,train
000000352925.jpg,../datasets/raw/coco_person/train/images/000000352925.jpg,../datasets/raw/coco_person/train/labels/000000352925.txt,coco_person,000000352925,train_pool,train
000000353046.jpg,../datasets/raw/coco_person/train/images/000000353046.jpg,../datasets/raw/coco_person/train/labels/000000353046.txt,coco_person,000000353046,train_pool,train
000000353223.jpg,../datasets/raw/coco_person/train/images/000000353223.jpg,../datasets/raw/coco_person/train/labels/000000353223.txt,coco_person,000000353223,train_pool,train
000000353790.jpg,../datasets/raw/coco_person/train/images/000000353790.jpg,../datasets/raw/coco_person/train/labels/000000353790.txt,coco_person,000000353790,train_pool,train
000000354045.jpg,../datasets/raw/coco_person/train/images/000000354045.jpg,../datasets/raw/coco_person/train/labels/000000354045.txt,coco_person,000000354045,train_pool,train
000000354095.jpg,../datasets/raw/coco_person/train/images/000000354095.jpg,../datasets/raw/coco_person/train/labels/000000354095.txt,coco_person,000000354095,train_pool,train
000000354229.jpg,../datasets/raw/coco_person/train/images/000000354229.jpg,../datasets/raw/coco_person/train/labels/000000354229.txt,coco_person,000000354229,train_pool,val
000000354335.jpg,../datasets/raw/coco_person/train/images/000000354335.jpg,../datasets/raw/coco_person/train/labels/000000354335.txt,coco_person,000000354335,train_pool,train
000000354398.jpg,../datasets/raw/coco_person/train/images/000000354398.jpg,../datasets/raw/coco_person/train/labels/000000354398.txt,coco_person,000000354398,train_pool,train
000000354791.jpg,../datasets/raw/coco_person/train/images/000000354791.jpg,../datasets/raw/coco_person/train/labels/000000354791.txt,coco_person,000000354791,train_pool,train
000000354842.jpg,../datasets/raw/coco_person/train/images/000000354842.jpg,../datasets/raw/coco_person/train/labels/000000354842.txt,coco_person,000000354842,train_pool,train
000000354933.jpg,../datasets/raw/coco_person/train/images/000000354933.jpg,../datasets/raw/coco_person/train/labels/000000354933.txt,coco_person,000000354933,train_pool,train
000000355156.jpg,../datasets/raw/coco_person/train/images/000000355156.jpg,../datasets/raw/coco_person/train/labels/000000355156.txt,coco_person,000000355156,train_pool,train
000000355304.jpg,../datasets/raw/coco_person/train/images/000000355304.jpg,../datasets/raw/coco_person/train/labels/000000355304.txt,coco_person,000000355304,train_pool,train
000000355736.jpg,../datasets/raw/coco_person/train/images/000000355736.jpg,../datasets/raw/coco_person/train/labels/000000355736.txt,coco_person,000000355736,train_pool,train
000000355774.jpg,../datasets/raw/coco_person/train/images/000000355774.jpg,../datasets/raw/coco_person/train/labels/000000355774.txt,coco_person,000000355774,train_pool,train
000000355956.jpg,../datasets/raw/coco_person/train/images/000000355956.jpg,../datasets/raw/coco_person/train/labels/000000355956.txt,coco_person,000000355956,train_pool,train
000000356060.jpg,../datasets/raw/coco_person/train/images/000000356060.jpg,../datasets/raw/coco_person/train/labels/000000356060.txt,coco_person,000000356060,train_pool,val
000000356145.jpg,../datasets/raw/coco_person/train/images/000000356145.jpg,../datasets/raw/coco_person/train/labels/000000356145.txt,coco_person,000000356145,train_pool,train
000000356263.jpg,../datasets/raw/coco_person/train/images/000000356263.jpg,../datasets/raw/coco_person/train/labels/000000356263.txt,coco_person,000000356263,train_pool,train
000000356771.jpg,../datasets/raw/coco_person/train/images/000000356771.jpg,../datasets/raw/coco_person/train/labels/000000356771.txt,coco_person,000000356771,train_pool,train
000000356908.jpg,../datasets/raw/coco_person/train/images/000000356908.jpg,../datasets/raw/coco_person/train/labels/000000356908.txt,coco_person,000000356908,train_pool,train
000000356916.jpg,../datasets/raw/coco_person/train/images/000000356916.jpg,../datasets/raw/coco_person/train/labels/000000356916.txt,coco_person,000000356916,train_pool,train
000000357044.jpg,../datasets/raw/coco_person/train/images/000000357044.jpg,../datasets/raw/coco_person/train/labels/000000357044.txt,coco_person,000000357044,train_pool,val
000000357242.jpg,../datasets/raw/coco_person/train/images/000000357242.jpg,../datasets/raw/coco_person/train/labels/000000357242.txt,coco_person,000000357242,train_pool,train
000000357272.jpg,../datasets/raw/coco_person/train/images/000000357272.jpg,../datasets/raw/coco_person/train/labels/000000357272.txt,coco_person,000000357272,train_pool,train
000000357294.jpg,../datasets/raw/coco_person/train/images/000000357294.jpg,../datasets/raw/coco_person/train/labels/000000357294.txt,coco_person,000000357294,train_pool,train
000000357312.jpg,../datasets/raw/coco_person/train/images/000000357312.jpg,../datasets/raw/coco_person/train/labels/000000357312.txt,coco_person,000000357312,train_pool,train
000000357429.jpg,../datasets/raw/coco_person/train/images/000000357429.jpg,../datasets/raw/coco_person/train/labels/000000357429.txt,coco_person,000000357429,train_pool,train
000000357456.jpg,../datasets/raw/coco_person/train/images/000000357456.jpg,../datasets/raw/coco_person/train/labels/000000357456.txt,coco_person,000000357456,train_pool,train
000000357659.jpg,../datasets/raw/coco_person/train/images/000000357659.jpg,../datasets/raw/coco_person/train/labels/000000357659.txt,coco_person,000000357659,train_pool,train
000000357755.jpg,../datasets/raw/coco_person/train/images/000000357755.jpg,../datasets/raw/coco_person/train/labels/000000357755.txt,coco_person,000000357755,train_pool,train
000000357787.jpg,../datasets/raw/coco_person/train/images/000000357787.jpg,../datasets/raw/coco_person/train/labels/000000357787.txt,coco_person,000000357787,train_pool,train
000000357898.jpg,../datasets/raw/coco_person/train/images/000000357898.jpg,../datasets/raw/coco_person/train/labels/000000357898.txt,coco_person,000000357898,train_pool,train
000000357916.jpg,../datasets/raw/coco_person/train/images/000000357916.jpg,../datasets/raw/coco_person/train/labels/000000357916.txt,coco_person,000000357916,train_pool,train
000000358019.jpg,../datasets/raw/coco_person/train/images/000000358019.jpg,../datasets/raw/coco_person/train/labels/000000358019.txt,coco_person,000000358019,train_pool,train
000000358033.jpg,../datasets/raw/coco_person/train/images/000000358033.jpg,../datasets/raw/coco_person/train/labels/000000358033.txt,coco_person,000000358033,train_pool,train
000000358065.jpg,../datasets/raw/coco_person/train/images/000000358065.jpg,../datasets/raw/coco_person/train/labels/000000358065.txt,coco_person,000000358065,train_pool,train
000000358730.jpg,../datasets/raw/coco_person/train/images/000000358730.jpg,../datasets/raw/coco_person/train/labels/000000358730.txt,coco_person,000000358730,train_pool,val
000000359308.jpg,../datasets/raw/coco_person/train/images/000000359308.jpg,../datasets/raw/coco_person/train/labels/000000359308.txt,coco_person,000000359308,train_pool,train
000000359405.jpg,../datasets/raw/coco_person/train/images/000000359405.jpg,../datasets/raw/coco_person/train/labels/000000359405.txt,coco_person,000000359405,train_pool,val
000000359909.jpg,../datasets/raw/coco_person/train/images/000000359909.jpg,../datasets/raw/coco_person/train/labels/000000359909.txt,coco_person,000000359909,train_pool,val
000000360053.jpg,../datasets/raw/coco_person/train/images/000000360053.jpg,../datasets/raw/coco_person/train/labels/000000360053.txt,coco_person,000000360053,train_pool,val
000000360409.jpg,../datasets/raw/coco_person/train/images/000000360409.jpg,../datasets/raw/coco_person/train/labels/000000360409.txt,coco_person,000000360409,train_pool,train
000000360778.jpg,../datasets/raw/coco_person/train/images/000000360778.jpg,../datasets/raw/coco_person/train/labels/000000360778.txt,coco_person,000000360778,train_pool,train
000000361022.jpg,../datasets/raw/coco_person/train/images/000000361022.jpg,../datasets/raw/coco_person/train/labels/000000361022.txt,coco_person,000000361022,train_pool,train
000000361030.jpg,../datasets/raw/coco_person/train/images/000000361030.jpg,../datasets/raw/coco_person/train/labels/000000361030.txt,coco_person,000000361030,train_pool,train
000000361051.jpg,../datasets/raw/coco_person/train/images/000000361051.jpg,../datasets/raw/coco_person/train/labels/000000361051.txt,coco_person,000000361051,train_pool,train
000000361136.jpg,../datasets/raw/coco_person/train/images/000000361136.jpg,../datasets/raw/coco_person/train/labels/000000361136.txt,coco_person,000000361136,train_pool,train
000000361208.jpg,../datasets/raw/coco_person/train/images/000000361208.jpg,../datasets/raw/coco_person/train/labels/000000361208.txt,coco_person,000000361208,train_pool,train
000000361265.jpg,../datasets/raw/coco_person/train/images/000000361265.jpg,../datasets/raw/coco_person/train/labels/000000361265.txt,coco_person,000000361265,train_pool,train
000000361763.jpg,../datasets/raw/coco_person/train/images/000000361763.jpg,../datasets/raw/coco_person/train/labels/000000361763.txt,coco_person,000000361763,train_pool,train
000000361766.jpg,../datasets/raw/coco_person/train/images/000000361766.jpg,../datasets/raw/coco_person/train/labels/000000361766.txt,coco_person,000000361766,train_pool,train
000000361993.jpg,../datasets/raw/coco_person/train/images/000000361993.jpg,../datasets/raw/coco_person/train/labels/000000361993.txt,coco_person,000000361993,train_pool,train
000000362131.jpg,../datasets/raw/coco_person/train/images/000000362131.jpg,../datasets/raw/coco_person/train/labels/000000362131.txt,coco_person,000000362131,train_pool,train
000000362553.jpg,../datasets/raw/coco_person/train/images/000000362553.jpg,../datasets/raw/coco_person/train/labels/000000362553.txt,coco_person,000000362553,train_pool,train
000000362654.jpg,../datasets/raw/coco_person/train/images/000000362654.jpg,../datasets/raw/coco_person/train/labels/000000362654.txt,coco_person,000000362654,train_pool,train
000000363037.jpg,../datasets/raw/coco_person/train/images/000000363037.jpg,../datasets/raw/coco_person/train/labels/000000363037.txt,coco_person,000000363037,train_pool,train
000000363135.jpg,../datasets/raw/coco_person/train/images/000000363135.jpg,../datasets/raw/coco_person/train/labels/000000363135.txt,coco_person,000000363135,train_pool,train
000000363163.jpg,../datasets/raw/coco_person/train/images/000000363163.jpg,../datasets/raw/coco_person/train/labels/000000363163.txt,coco_person,000000363163,train_pool,train
000000363241.jpg,../datasets/raw/coco_person/train/images/000000363241.jpg,../datasets/raw/coco_person/train/labels/000000363241.txt,coco_person,000000363241,train_pool,train
000000363302.jpg,../datasets/raw/coco_person/train/images/000000363302.jpg,../datasets/raw/coco_person/train/labels/000000363302.txt,coco_person,000000363302,train_pool,val
000000363560.jpg,../datasets/raw/coco_person/train/images/000000363560.jpg,../datasets/raw/coco_person/train/labels/000000363560.txt,coco_person,000000363560,train_pool,train
000000363577.jpg,../datasets/raw/coco_person/train/images/000000363577.jpg,../datasets/raw/coco_person/train/labels/000000363577.txt,coco_person,000000363577,train_pool,train
000000363716.jpg,../datasets/raw/coco_person/train/images/000000363716.jpg,../datasets/raw/coco_person/train/labels/000000363716.txt,coco_person,000000363716,train_pool,train
000000363847.jpg,../datasets/raw/coco_person/train/images/000000363847.jpg,../datasets/raw/coco_person/train/labels/000000363847.txt,coco_person,000000363847,train_pool,train
000000364201.jpg,../datasets/raw/coco_person/train/images/000000364201.jpg,../datasets/raw/coco_person/train/labels/000000364201.txt,coco_person,000000364201,train_pool,val
000000364205.jpg,../datasets/raw/coco_person/train/images/000000364205.jpg,../datasets/raw/coco_person/train/labels/000000364205.txt,coco_person,000000364205,train_pool,train
000000364206.jpg,../datasets/raw/coco_person/train/images/000000364206.jpg,../datasets/raw/coco_person/train/labels/000000364206.txt,coco_person,000000364206,train_pool,train
000000364237.jpg,../datasets/raw/coco_person/train/images/000000364237.jpg,../datasets/raw/coco_person/train/labels/000000364237.txt,coco_person,000000364237,train_pool,train
000000364380.jpg,../datasets/raw/coco_person/train/images/000000364380.jpg,../datasets/raw/coco_person/train/labels/000000364380.txt,coco_person,000000364380,train_pool,train
000000364535.jpg,../datasets/raw/coco_person/train/images/000000364535.jpg,../datasets/raw/coco_person/train/labels/000000364535.txt,coco_person,000000364535,train_pool,train
000000364567.jpg,../datasets/raw/coco_person/train/images/000000364567.jpg,../datasets/raw/coco_person/train/labels/000000364567.txt,coco_person,000000364567,train_pool,train
000000364833.jpg,../datasets/raw/coco_person/train/images/000000364833.jpg,../datasets/raw/coco_person/train/labels/000000364833.txt,coco_person,000000364833,train_pool,train
000000365013.jpg,../datasets/raw/coco_person/train/images/000000365013.jpg,../datasets/raw/coco_person/train/labels/000000365013.txt,coco_person,000000365013,train_pool,train
000000365030.jpg,../datasets/raw/coco_person/train/images/000000365030.jpg,../datasets/raw/coco_person/train/labels/000000365030.txt,coco_person,000000365030,train_pool,val
000000365117.jpg,../datasets/raw/coco_person/train/images/000000365117.jpg,../datasets/raw/coco_person/train/labels/000000365117.txt,coco_person,000000365117,train_pool,train
000000365132.jpg,../datasets/raw/coco_person/train/images/000000365132.jpg,../datasets/raw/coco_person/train/labels/000000365132.txt,coco_person,000000365132,train_pool,train
000000365557.jpg,../datasets/raw/coco_person/train/images/000000365557.jpg,../datasets/raw/coco_person/train/labels/000000365557.txt,coco_person,000000365557,train_pool,train
000000365587.jpg,../datasets/raw/coco_person/train/images/000000365587.jpg,../datasets/raw/coco_person/train/labels/000000365587.txt,coco_person,000000365587,train_pool,train
000000365711.jpg,../datasets/raw/coco_person/train/images/000000365711.jpg,../datasets/raw/coco_person/train/labels/000000365711.txt,coco_person,000000365711,train_pool,train
000000365784.jpg,../datasets/raw/coco_person/train/images/000000365784.jpg,../datasets/raw/coco_person/train/labels/000000365784.txt,coco_person,000000365784,train_pool,train
000000365993.jpg,../datasets/raw/coco_person/train/images/000000365993.jpg,../datasets/raw/coco_person/train/labels/000000365993.txt,coco_person,000000365993,train_pool,train
000000366173.jpg,../datasets/raw/coco_person/train/images/000000366173.jpg,../datasets/raw/coco_person/train/labels/000000366173.txt,coco_person,000000366173,train_pool,train
000000366282.jpg,../datasets/raw/coco_person/train/images/000000366282.jpg,../datasets/raw/coco_person/train/labels/000000366282.txt,coco_person,000000366282,train_pool,train
000000366734.jpg,../datasets/raw/coco_person/train/images/000000366734.jpg,../datasets/raw/coco_person/train/labels/000000366734.txt,coco_person,000000366734,train_pool,train
000000367321.jpg,../datasets/raw/coco_person/train/images/000000367321.jpg,../datasets/raw/coco_person/train/labels/000000367321.txt,coco_person,000000367321,train_pool,train
000000367375.jpg,../datasets/raw/coco_person/train/images/000000367375.jpg,../datasets/raw/coco_person/train/labels/000000367375.txt,coco_person,000000367375,train_pool,train
000000367429.jpg,../datasets/raw/coco_person/train/images/000000367429.jpg,../datasets/raw/coco_person/train/labels/000000367429.txt,coco_person,000000367429,train_pool,train
000000367518.jpg,../datasets/raw/coco_person/train/images/000000367518.jpg,../datasets/raw/coco_person/train/labels/000000367518.txt,coco_person,000000367518,train_pool,train
000000367639.jpg,../datasets/raw/coco_person/train/images/000000367639.jpg,../datasets/raw/coco_person/train/labels/000000367639.txt,coco_person,000000367639,train_pool,train
000000367919.jpg,../datasets/raw/coco_person/train/images/000000367919.jpg,../datasets/raw/coco_person/train/labels/000000367919.txt,coco_person,000000367919,train_pool,train
000000368274.jpg,../datasets/raw/coco_person/train/images/000000368274.jpg,../datasets/raw/coco_person/train/labels/000000368274.txt,coco_person,000000368274,train_pool,val
000000368421.jpg,../datasets/raw/coco_person/train/images/000000368421.jpg,../datasets/raw/coco_person/train/labels/000000368421.txt,coco_person,000000368421,train_pool,train
000000368474.jpg,../datasets/raw/coco_person/train/images/000000368474.jpg,../datasets/raw/coco_person/train/labels/000000368474.txt,coco_person,000000368474,train_pool,val
000000368528.jpg,../datasets/raw/coco_person/train/images/000000368528.jpg,../datasets/raw/coco_person/train/labels/000000368528.txt,coco_person,000000368528,train_pool,train
000000368656.jpg,../datasets/raw/coco_person/train/images/000000368656.jpg,../datasets/raw/coco_person/train/labels/000000368656.txt,coco_person,000000368656,train_pool,train
000000369038.jpg,../datasets/raw/coco_person/train/images/000000369038.jpg,../datasets/raw/coco_person/train/labels/000000369038.txt,coco_person,000000369038,train_pool,train
000000369041.jpg,../datasets/raw/coco_person/train/images/000000369041.jpg,../datasets/raw/coco_person/train/labels/000000369041.txt,coco_person,000000369041,train_pool,train
000000369202.jpg,../datasets/raw/coco_person/train/images/000000369202.jpg,../datasets/raw/coco_person/train/labels/000000369202.txt,coco_person,000000369202,train_pool,train
000000369259.jpg,../datasets/raw/coco_person/train/images/000000369259.jpg,../datasets/raw/coco_person/train/labels/000000369259.txt,coco_person,000000369259,train_pool,train
000000369304.jpg,../datasets/raw/coco_person/train/images/000000369304.jpg,../datasets/raw/coco_person/train/labels/000000369304.txt,coco_person,000000369304,train_pool,val
000000369449.jpg,../datasets/raw/coco_person/train/images/000000369449.jpg,../datasets/raw/coco_person/train/labels/000000369449.txt,coco_person,000000369449,train_pool,train
000000369514.jpg,../datasets/raw/coco_person/train/images/000000369514.jpg,../datasets/raw/coco_person/train/labels/000000369514.txt,coco_person,000000369514,train_pool,train
000000369762.jpg,../datasets/raw/coco_person/train/images/000000369762.jpg,../datasets/raw/coco_person/train/labels/000000369762.txt,coco_person,000000369762,train_pool,train
000000369784.jpg,../datasets/raw/coco_person/train/images/000000369784.jpg,../datasets/raw/coco_person/train/labels/000000369784.txt,coco_person,000000369784,train_pool,train
000000369866.jpg,../datasets/raw/coco_person/train/images/000000369866.jpg,../datasets/raw/coco_person/train/labels/000000369866.txt,coco_person,000000369866,train_pool,train
000000370045.jpg,../datasets/raw/coco_person/train/images/000000370045.jpg,../datasets/raw/coco_person/train/labels/000000370045.txt,coco_person,000000370045,train_pool,train
000000370152.jpg,../datasets/raw/coco_person/train/images/000000370152.jpg,../datasets/raw/coco_person/train/labels/000000370152.txt,coco_person,000000370152,train_pool,train
000000370207.jpg,../datasets/raw/coco_person/train/images/000000370207.jpg,../datasets/raw/coco_person/train/labels/000000370207.txt,coco_person,000000370207,train_pool,train
000000370738.jpg,../datasets/raw/coco_person/train/images/000000370738.jpg,../datasets/raw/coco_person/train/labels/000000370738.txt,coco_person,000000370738,train_pool,train
000000370827.jpg,../datasets/raw/coco_person/train/images/000000370827.jpg,../datasets/raw/coco_person/train/labels/000000370827.txt,coco_person,000000370827,train_pool,train
000000371015.jpg,../datasets/raw/coco_person/train/images/000000371015.jpg,../datasets/raw/coco_person/train/labels/000000371015.txt,coco_person,000000371015,train_pool,train
000000371137.jpg,../datasets/raw/coco_person/train/images/000000371137.jpg,../datasets/raw/coco_person/train/labels/000000371137.txt,coco_person,000000371137,train_pool,val
000000371139.jpg,../datasets/raw/coco_person/train/images/000000371139.jpg,../datasets/raw/coco_person/train/labels/000000371139.txt,coco_person,000000371139,train_pool,val
000000371603.jpg,../datasets/raw/coco_person/train/images/000000371603.jpg,../datasets/raw/coco_person/train/labels/000000371603.txt,coco_person,000000371603,train_pool,train
000000371718.jpg,../datasets/raw/coco_person/train/images/000000371718.jpg,../datasets/raw/coco_person/train/labels/000000371718.txt,coco_person,000000371718,train_pool,train
000000372230.jpg,../datasets/raw/coco_person/train/images/000000372230.jpg,../datasets/raw/coco_person/train/labels/000000372230.txt,coco_person,000000372230,train_pool,val
000000372258.jpg,../datasets/raw/coco_person/train/images/000000372258.jpg,../datasets/raw/coco_person/train/labels/000000372258.txt,coco_person,000000372258,train_pool,train
000000372363.jpg,../datasets/raw/coco_person/train/images/000000372363.jpg,../datasets/raw/coco_person/train/labels/000000372363.txt,coco_person,000000372363,train_pool,train
000000372381.jpg,../datasets/raw/coco_person/train/images/000000372381.jpg,../datasets/raw/coco_person/train/labels/000000372381.txt,coco_person,000000372381,train_pool,train
000000372555.jpg,../datasets/raw/coco_person/train/images/000000372555.jpg,../datasets/raw/coco_person/train/labels/000000372555.txt,coco_person,000000372555,train_pool,train
000000372592.jpg,../datasets/raw/coco_person/train/images/000000372592.jpg,../datasets/raw/coco_person/train/labels/000000372592.txt,coco_person,000000372592,train_pool,train
000000372683.jpg,../datasets/raw/coco_person/train/images/000000372683.jpg,../datasets/raw/coco_person/train/labels/000000372683.txt,coco_person,000000372683,train_pool,train
000000372727.jpg,../datasets/raw/coco_person/train/images/000000372727.jpg,../datasets/raw/coco_person/train/labels/000000372727.txt,coco_person,000000372727,train_pool,train
000000372795.jpg,../datasets/raw/coco_person/train/images/000000372795.jpg,../datasets/raw/coco_person/train/labels/000000372795.txt,coco_person,000000372795,train_pool,train
000000372876.jpg,../datasets/raw/coco_person/train/images/000000372876.jpg,../datasets/raw/coco_person/train/labels/000000372876.txt,coco_person,000000372876,train_pool,train
000000372885.jpg,../datasets/raw/coco_person/train/images/000000372885.jpg,../datasets/raw/coco_person/train/labels/000000372885.txt,coco_person,000000372885,train_pool,train
000000373255.jpg,../datasets/raw/coco_person/train/images/000000373255.jpg,../datasets/raw/coco_person/train/labels/000000373255.txt,coco_person,000000373255,train_pool,train
000000373266.jpg,../datasets/raw/coco_person/train/images/000000373266.jpg,../datasets/raw/coco_person/train/labels/000000373266.txt,coco_person,000000373266,train_pool,train
000000373267.jpg,../datasets/raw/coco_person/train/images/000000373267.jpg,../datasets/raw/coco_person/train/labels/000000373267.txt,coco_person,000000373267,train_pool,train
000000373356.jpg,../datasets/raw/coco_person/train/images/000000373356.jpg,../datasets/raw/coco_person/train/labels/000000373356.txt,coco_person,000000373356,train_pool,train
000000373580.jpg,../datasets/raw/coco_person/train/images/000000373580.jpg,../datasets/raw/coco_person/train/labels/000000373580.txt,coco_person,000000373580,train_pool,train
000000373768.jpg,../datasets/raw/coco_person/train/images/000000373768.jpg,../datasets/raw/coco_person/train/labels/000000373768.txt,coco_person,000000373768,train_pool,train
000000373846.jpg,../datasets/raw/coco_person/train/images/000000373846.jpg,../datasets/raw/coco_person/train/labels/000000373846.txt,coco_person,000000373846,train_pool,train
000000373893.jpg,../datasets/raw/coco_person/train/images/000000373893.jpg,../datasets/raw/coco_person/train/labels/000000373893.txt,coco_person,000000373893,train_pool,train
000000374049.jpg,../datasets/raw/coco_person/train/images/000000374049.jpg,../datasets/raw/coco_person/train/labels/000000374049.txt,coco_person,000000374049,train_pool,val
000000374125.jpg,../datasets/raw/coco_person/train/images/000000374125.jpg,../datasets/raw/coco_person/train/labels/000000374125.txt,coco_person,000000374125,train_pool,train
000000374208.jpg,../datasets/raw/coco_person/train/images/000000374208.jpg,../datasets/raw/coco_person/train/labels/000000374208.txt,coco_person,000000374208,train_pool,train
000000374211.jpg,../datasets/raw/coco_person/train/images/000000374211.jpg,../datasets/raw/coco_person/train/labels/000000374211.txt,coco_person,000000374211,train_pool,val
000000374239.jpg,../datasets/raw/coco_person/train/images/000000374239.jpg,../datasets/raw/coco_person/train/labels/000000374239.txt,coco_person,000000374239,train_pool,train
000000374352.jpg,../datasets/raw/coco_person/train/images/000000374352.jpg,../datasets/raw/coco_person/train/labels/000000374352.txt,coco_person,000000374352,train_pool,train
000000374661.jpg,../datasets/raw/coco_person/train/images/000000374661.jpg,../datasets/raw/coco_person/train/labels/000000374661.txt,coco_person,000000374661,train_pool,train
000000374830.jpg,../datasets/raw/coco_person/train/images/000000374830.jpg,../datasets/raw/coco_person/train/labels/000000374830.txt,coco_person,000000374830,train_pool,train
000000374966.jpg,../datasets/raw/coco_person/train/images/000000374966.jpg,../datasets/raw/coco_person/train/labels/000000374966.txt,coco_person,000000374966,train_pool,train
000000375080.jpg,../datasets/raw/coco_person/train/images/000000375080.jpg,../datasets/raw/coco_person/train/labels/000000375080.txt,coco_person,000000375080,train_pool,train
000000375286.jpg,../datasets/raw/coco_person/train/images/000000375286.jpg,../datasets/raw/coco_person/train/labels/000000375286.txt,coco_person,000000375286,train_pool,val
000000375535.jpg,../datasets/raw/coco_person/train/images/000000375535.jpg,../datasets/raw/coco_person/train/labels/000000375535.txt,coco_person,000000375535,train_pool,train
000000375750.jpg,../datasets/raw/coco_person/train/images/000000375750.jpg,../datasets/raw/coco_person/train/labels/000000375750.txt,coco_person,000000375750,train_pool,train
000000375812.jpg,../datasets/raw/coco_person/train/images/000000375812.jpg,../datasets/raw/coco_person/train/labels/000000375812.txt,coco_person,000000375812,train_pool,train
000000375897.jpg,../datasets/raw/coco_person/train/images/000000375897.jpg,../datasets/raw/coco_person/train/labels/000000375897.txt,coco_person,000000375897,train_pool,train
000000375951.jpg,../datasets/raw/coco_person/train/images/000000375951.jpg,../datasets/raw/coco_person/train/labels/000000375951.txt,coco_person,000000375951,train_pool,train
000000376165.jpg,../datasets/raw/coco_person/train/images/000000376165.jpg,../datasets/raw/coco_person/train/labels/000000376165.txt,coco_person,000000376165,train_pool,train
000000376193.jpg,../datasets/raw/coco_person/train/images/000000376193.jpg,../datasets/raw/coco_person/train/labels/000000376193.txt,coco_person,000000376193,train_pool,train
000000376196.jpg,../datasets/raw/coco_person/train/images/000000376196.jpg,../datasets/raw/coco_person/train/labels/000000376196.txt,coco_person,000000376196,train_pool,train
000000376368.jpg,../datasets/raw/coco_person/train/images/000000376368.jpg,../datasets/raw/coco_person/train/labels/000000376368.txt,coco_person,000000376368,train_pool,train
000000376377.jpg,../datasets/raw/coco_person/train/images/000000376377.jpg,../datasets/raw/coco_person/train/labels/000000376377.txt,coco_person,000000376377,train_pool,val
000000376491.jpg,../datasets/raw/coco_person/train/images/000000376491.jpg,../datasets/raw/coco_person/train/labels/000000376491.txt,coco_person,000000376491,train_pool,train
000000376558.jpg,../datasets/raw/coco_person/train/images/000000376558.jpg,../datasets/raw/coco_person/train/labels/000000376558.txt,coco_person,000000376558,train_pool,train
000000376719.jpg,../datasets/raw/coco_person/train/images/000000376719.jpg,../datasets/raw/coco_person/train/labels/000000376719.txt,coco_person,000000376719,train_pool,train
000000376791.jpg,../datasets/raw/coco_person/train/images/000000376791.jpg,../datasets/raw/coco_person/train/labels/000000376791.txt,coco_person,000000376791,train_pool,train
000000377213.jpg,../datasets/raw/coco_person/train/images/000000377213.jpg,../datasets/raw/coco_person/train/labels/000000377213.txt,coco_person,000000377213,train_pool,val
000000377515.jpg,../datasets/raw/coco_person/train/images/000000377515.jpg,../datasets/raw/coco_person/train/labels/000000377515.txt,coco_person,000000377515,train_pool,train
000000377837.jpg,../datasets/raw/coco_person/train/images/000000377837.jpg,../datasets/raw/coco_person/train/labels/000000377837.txt,coco_person,000000377837,train_pool,train
000000377853.jpg,../datasets/raw/coco_person/train/images/000000377853.jpg,../datasets/raw/coco_person/train/labels/000000377853.txt,coco_person,000000377853,train_pool,train
000000378030.jpg,../datasets/raw/coco_person/train/images/000000378030.jpg,../datasets/raw/coco_person/train/labels/000000378030.txt,coco_person,000000378030,train_pool,train
000000378588.jpg,../datasets/raw/coco_person/train/images/000000378588.jpg,../datasets/raw/coco_person/train/labels/000000378588.txt,coco_person,000000378588,train_pool,train
000000378726.jpg,../datasets/raw/coco_person/train/images/000000378726.jpg,../datasets/raw/coco_person/train/labels/000000378726.txt,coco_person,000000378726,train_pool,train
000000378872.jpg,../datasets/raw/coco_person/train/images/000000378872.jpg,../datasets/raw/coco_person/train/labels/000000378872.txt,coco_person,000000378872,train_pool,train
000000379034.jpg,../datasets/raw/coco_person/train/images/000000379034.jpg,../datasets/raw/coco_person/train/labels/000000379034.txt,coco_person,000000379034,train_pool,train
000000379308.jpg,../datasets/raw/coco_person/train/images/000000379308.jpg,../datasets/raw/coco_person/train/labels/000000379308.txt,coco_person,000000379308,train_pool,train
000000379865.jpg,../datasets/raw/coco_person/train/images/000000379865.jpg,../datasets/raw/coco_person/train/labels/000000379865.txt,coco_person,000000379865,train_pool,train
000000379871.jpg,../datasets/raw/coco_person/train/images/000000379871.jpg,../datasets/raw/coco_person/train/labels/000000379871.txt,coco_person,000000379871,train_pool,train
000000379914.jpg,../datasets/raw/coco_person/train/images/000000379914.jpg,../datasets/raw/coco_person/train/labels/000000379914.txt,coco_person,000000379914,train_pool,val
000000380057.jpg,../datasets/raw/coco_person/train/images/000000380057.jpg,../datasets/raw/coco_person/train/labels/000000380057.txt,coco_person,000000380057,train_pool,train
000000380414.jpg,../datasets/raw/coco_person/train/images/000000380414.jpg,../datasets/raw/coco_person/train/labels/000000380414.txt,coco_person,000000380414,train_pool,train
000000380482.jpg,../datasets/raw/coco_person/train/images/000000380482.jpg,../datasets/raw/coco_person/train/labels/000000380482.txt,coco_person,000000380482,train_pool,val
000000380732.jpg,../datasets/raw/coco_person/train/images/000000380732.jpg,../datasets/raw/coco_person/train/labels/000000380732.txt,coco_person,000000380732,train_pool,train
000000380798.jpg,../datasets/raw/coco_person/train/images/000000380798.jpg,../datasets/raw/coco_person/train/labels/000000380798.txt,coco_person,000000380798,train_pool,val
000000380920.jpg,../datasets/raw/coco_person/train/images/000000380920.jpg,../datasets/raw/coco_person/train/labels/000000380920.txt,coco_person,000000380920,train_pool,train
000000381546.jpg,../datasets/raw/coco_person/train/images/000000381546.jpg,../datasets/raw/coco_person/train/labels/000000381546.txt,coco_person,000000381546,train_pool,train
000000381568.jpg,../datasets/raw/coco_person/train/images/000000381568.jpg,../datasets/raw/coco_person/train/labels/000000381568.txt,coco_person,000000381568,train_pool,val
000000381826.jpg,../datasets/raw/coco_person/train/images/000000381826.jpg,../datasets/raw/coco_person/train/labels/000000381826.txt,coco_person,000000381826,train_pool,train
000000382078.jpg,../datasets/raw/coco_person/train/images/000000382078.jpg,../datasets/raw/coco_person/train/labels/000000382078.txt,coco_person,000000382078,train_pool,train
000000382182.jpg,../datasets/raw/coco_person/train/images/000000382182.jpg,../datasets/raw/coco_person/train/labels/000000382182.txt,coco_person,000000382182,train_pool,val
000000382203.jpg,../datasets/raw/coco_person/train/images/000000382203.jpg,../datasets/raw/coco_person/train/labels/000000382203.txt,coco_person,000000382203,train_pool,train
000000382341.jpg,../datasets/raw/coco_person/train/images/000000382341.jpg,../datasets/raw/coco_person/train/labels/000000382341.txt,coco_person,000000382341,train_pool,train
000000382383.jpg,../datasets/raw/coco_person/train/images/000000382383.jpg,../datasets/raw/coco_person/train/labels/000000382383.txt,coco_person,000000382383,train_pool,train
000000382655.jpg,../datasets/raw/coco_person/train/images/000000382655.jpg,../datasets/raw/coco_person/train/labels/000000382655.txt,coco_person,000000382655,train_pool,train
000000382707.jpg,../datasets/raw/coco_person/train/images/000000382707.jpg,../datasets/raw/coco_person/train/labels/000000382707.txt,coco_person,000000382707,train_pool,train
000000382714.jpg,../datasets/raw/coco_person/train/images/000000382714.jpg,../datasets/raw/coco_person/train/labels/000000382714.txt,coco_person,000000382714,train_pool,train
000000382784.jpg,../datasets/raw/coco_person/train/images/000000382784.jpg,../datasets/raw/coco_person/train/labels/000000382784.txt,coco_person,000000382784,train_pool,train
000000382947.jpg,../datasets/raw/coco_person/train/images/000000382947.jpg,../datasets/raw/coco_person/train/labels/000000382947.txt,coco_person,000000382947,train_pool,train
000000383029.jpg,../datasets/raw/coco_person/train/images/000000383029.jpg,../datasets/raw/coco_person/train/labels/000000383029.txt,coco_person,000000383029,train_pool,train
000000383053.jpg,../datasets/raw/coco_person/train/images/000000383053.jpg,../datasets/raw/coco_person/train/labels/000000383053.txt,coco_person,000000383053,train_pool,val
000000383106.jpg,../datasets/raw/coco_person/train/images/000000383106.jpg,../datasets/raw/coco_person/train/labels/000000383106.txt,coco_person,000000383106,train_pool,train
000000383212.jpg,../datasets/raw/coco_person/train/images/000000383212.jpg,../datasets/raw/coco_person/train/labels/000000383212.txt,coco_person,000000383212,train_pool,train
000000383322.jpg,../datasets/raw/coco_person/train/images/000000383322.jpg,../datasets/raw/coco_person/train/labels/000000383322.txt,coco_person,000000383322,train_pool,val
000000383359.jpg,../datasets/raw/coco_person/train/images/000000383359.jpg,../datasets/raw/coco_person/train/labels/000000383359.txt,coco_person,000000383359,train_pool,train
000000383533.jpg,../datasets/raw/coco_person/train/images/000000383533.jpg,../datasets/raw/coco_person/train/labels/000000383533.txt,coco_person,000000383533,train_pool,train
000000383611.jpg,../datasets/raw/coco_person/train/images/000000383611.jpg,../datasets/raw/coco_person/train/labels/000000383611.txt,coco_person,000000383611,train_pool,train
000000384038.jpg,../datasets/raw/coco_person/train/images/000000384038.jpg,../datasets/raw/coco_person/train/labels/000000384038.txt,coco_person,000000384038,train_pool,train
000000384089.jpg,../datasets/raw/coco_person/train/images/000000384089.jpg,../datasets/raw/coco_person/train/labels/000000384089.txt,coco_person,000000384089,train_pool,train
000000384230.jpg,../datasets/raw/coco_person/train/images/000000384230.jpg,../datasets/raw/coco_person/train/labels/000000384230.txt,coco_person,000000384230,train_pool,val
000000384328.jpg,../datasets/raw/coco_person/train/images/000000384328.jpg,../datasets/raw/coco_person/train/labels/000000384328.txt,coco_person,000000384328,train_pool,train
000000384462.jpg,../datasets/raw/coco_person/train/images/000000384462.jpg,../datasets/raw/coco_person/train/labels/000000384462.txt,coco_person,000000384462,train_pool,train
000000384475.jpg,../datasets/raw/coco_person/train/images/000000384475.jpg,../datasets/raw/coco_person/train/labels/000000384475.txt,coco_person,000000384475,train_pool,train
000000384745.jpg,../datasets/raw/coco_person/train/images/000000384745.jpg,../datasets/raw/coco_person/train/labels/000000384745.txt,coco_person,000000384745,train_pool,train
000000384775.jpg,../datasets/raw/coco_person/train/images/000000384775.jpg,../datasets/raw/coco_person/train/labels/000000384775.txt,coco_person,000000384775,train_pool,train
000000384995.jpg,../datasets/raw/coco_person/train/images/000000384995.jpg,../datasets/raw/coco_person/train/labels/000000384995.txt,coco_person,000000384995,train_pool,train
000000385057.jpg,../datasets/raw/coco_person/train/images/000000385057.jpg,../datasets/raw/coco_person/train/labels/000000385057.txt,coco_person,000000385057,train_pool,train
000000385115.jpg,../datasets/raw/coco_person/train/images/000000385115.jpg,../datasets/raw/coco_person/train/labels/000000385115.txt,coco_person,000000385115,train_pool,train
000000385168.jpg,../datasets/raw/coco_person/train/images/000000385168.jpg,../datasets/raw/coco_person/train/labels/000000385168.txt,coco_person,000000385168,train_pool,train
000000385320.jpg,../datasets/raw/coco_person/train/images/000000385320.jpg,../datasets/raw/coco_person/train/labels/000000385320.txt,coco_person,000000385320,train_pool,train
000000385540.jpg,../datasets/raw/coco_person/train/images/000000385540.jpg,../datasets/raw/coco_person/train/labels/000000385540.txt,coco_person,000000385540,train_pool,train
000000385779.jpg,../datasets/raw/coco_person/train/images/000000385779.jpg,../datasets/raw/coco_person/train/labels/000000385779.txt,coco_person,000000385779,train_pool,train
000000385858.jpg,../datasets/raw/coco_person/train/images/000000385858.jpg,../datasets/raw/coco_person/train/labels/000000385858.txt,coco_person,000000385858,train_pool,train
000000385929.jpg,../datasets/raw/coco_person/train/images/000000385929.jpg,../datasets/raw/coco_person/train/labels/000000385929.txt,coco_person,000000385929,train_pool,train
000000385980.jpg,../datasets/raw/coco_person/train/images/000000385980.jpg,../datasets/raw/coco_person/train/labels/000000385980.txt,coco_person,000000385980,train_pool,train
000000386838.jpg,../datasets/raw/coco_person/train/images/000000386838.jpg,../datasets/raw/coco_person/train/labels/000000386838.txt,coco_person,000000386838,train_pool,train
000000386850.jpg,../datasets/raw/coco_person/train/images/000000386850.jpg,../datasets/raw/coco_person/train/labels/000000386850.txt,coco_person,000000386850,train_pool,val
000000386872.jpg,../datasets/raw/coco_person/train/images/000000386872.jpg,../datasets/raw/coco_person/train/labels/000000386872.txt,coco_person,000000386872,train_pool,train
000000386876.jpg,../datasets/raw/coco_person/train/images/000000386876.jpg,../datasets/raw/coco_person/train/labels/000000386876.txt,coco_person,000000386876,train_pool,train
000000387480.jpg,../datasets/raw/coco_person/train/images/000000387480.jpg,../datasets/raw/coco_person/train/labels/000000387480.txt,coco_person,000000387480,train_pool,train
000000387932.jpg,../datasets/raw/coco_person/train/images/000000387932.jpg,../datasets/raw/coco_person/train/labels/000000387932.txt,coco_person,000000387932,train_pool,train
000000388123.jpg,../datasets/raw/coco_person/train/images/000000388123.jpg,../datasets/raw/coco_person/train/labels/000000388123.txt,coco_person,000000388123,train_pool,train
000000388421.jpg,../datasets/raw/coco_person/train/images/000000388421.jpg,../datasets/raw/coco_person/train/labels/000000388421.txt,coco_person,000000388421,train_pool,train
000000388498.jpg,../datasets/raw/coco_person/train/images/000000388498.jpg,../datasets/raw/coco_person/train/labels/000000388498.txt,coco_person,000000388498,train_pool,train
000000388539.jpg,../datasets/raw/coco_person/train/images/000000388539.jpg,../datasets/raw/coco_person/train/labels/000000388539.txt,coco_person,000000388539,train_pool,train
000000388677.jpg,../datasets/raw/coco_person/train/images/000000388677.jpg,../datasets/raw/coco_person/train/labels/000000388677.txt,coco_person,000000388677,train_pool,train
000000388900.jpg,../datasets/raw/coco_person/train/images/000000388900.jpg,../datasets/raw/coco_person/train/labels/000000388900.txt,coco_person,000000388900,train_pool,train
000000388922.jpg,../datasets/raw/coco_person/train/images/000000388922.jpg,../datasets/raw/coco_person/train/labels/000000388922.txt,coco_person,000000388922,train_pool,train
000000389036.jpg,../datasets/raw/coco_person/train/images/000000389036.jpg,../datasets/raw/coco_person/train/labels/000000389036.txt,coco_person,000000389036,train_pool,train
000000389184.jpg,../datasets/raw/coco_person/train/images/000000389184.jpg,../datasets/raw/coco_person/train/labels/000000389184.txt,coco_person,000000389184,train_pool,train
000000389207.jpg,../datasets/raw/coco_person/train/images/000000389207.jpg,../datasets/raw/coco_person/train/labels/000000389207.txt,coco_person,000000389207,train_pool,train
000000389384.jpg,../datasets/raw/coco_person/train/images/000000389384.jpg,../datasets/raw/coco_person/train/labels/000000389384.txt,coco_person,000000389384,train_pool,train
000000389458.jpg,../datasets/raw/coco_person/train/images/000000389458.jpg,../datasets/raw/coco_person/train/labels/000000389458.txt,coco_person,000000389458,train_pool,train
000000389498.jpg,../datasets/raw/coco_person/train/images/000000389498.jpg,../datasets/raw/coco_person/train/labels/000000389498.txt,coco_person,000000389498,train_pool,train
000000389704.jpg,../datasets/raw/coco_person/train/images/000000389704.jpg,../datasets/raw/coco_person/train/labels/000000389704.txt,coco_person,000000389704,train_pool,train
000000389768.jpg,../datasets/raw/coco_person/train/images/000000389768.jpg,../datasets/raw/coco_person/train/labels/000000389768.txt,coco_person,000000389768,train_pool,train
000000389844.jpg,../datasets/raw/coco_person/train/images/000000389844.jpg,../datasets/raw/coco_person/train/labels/000000389844.txt,coco_person,000000389844,train_pool,train
000000389965.jpg,../datasets/raw/coco_person/train/images/000000389965.jpg,../datasets/raw/coco_person/train/labels/000000389965.txt,coco_person,000000389965,train_pool,train
000000390068.jpg,../datasets/raw/coco_person/train/images/000000390068.jpg,../datasets/raw/coco_person/train/labels/000000390068.txt,coco_person,000000390068,train_pool,train
000000390298.jpg,../datasets/raw/coco_person/train/images/000000390298.jpg,../datasets/raw/coco_person/train/labels/000000390298.txt,coco_person,000000390298,train_pool,train
000000390749.jpg,../datasets/raw/coco_person/train/images/000000390749.jpg,../datasets/raw/coco_person/train/labels/000000390749.txt,coco_person,000000390749,train_pool,train
000000390760.jpg,../datasets/raw/coco_person/train/images/000000390760.jpg,../datasets/raw/coco_person/train/labels/000000390760.txt,coco_person,000000390760,train_pool,train
000000390855.jpg,../datasets/raw/coco_person/train/images/000000390855.jpg,../datasets/raw/coco_person/train/labels/000000390855.txt,coco_person,000000390855,train_pool,train
000000391235.jpg,../datasets/raw/coco_person/train/images/000000391235.jpg,../datasets/raw/coco_person/train/labels/000000391235.txt,coco_person,000000391235,train_pool,train
000000391259.jpg,../datasets/raw/coco_person/train/images/000000391259.jpg,../datasets/raw/coco_person/train/labels/000000391259.txt,coco_person,000000391259,train_pool,train
000000391272.jpg,../datasets/raw/coco_person/train/images/000000391272.jpg,../datasets/raw/coco_person/train/labels/000000391272.txt,coco_person,000000391272,train_pool,train
000000391300.jpg,../datasets/raw/coco_person/train/images/000000391300.jpg,../datasets/raw/coco_person/train/labels/000000391300.txt,coco_person,000000391300,train_pool,train
000000391397.jpg,../datasets/raw/coco_person/train/images/000000391397.jpg,../datasets/raw/coco_person/train/labels/000000391397.txt,coco_person,000000391397,train_pool,train
000000391512.jpg,../datasets/raw/coco_person/train/images/000000391512.jpg,../datasets/raw/coco_person/train/labels/000000391512.txt,coco_person,000000391512,train_pool,train
000000391774.jpg,../datasets/raw/coco_person/train/images/000000391774.jpg,../datasets/raw/coco_person/train/labels/000000391774.txt,coco_person,000000391774,train_pool,train
000000391976.jpg,../datasets/raw/coco_person/train/images/000000391976.jpg,../datasets/raw/coco_person/train/labels/000000391976.txt,coco_person,000000391976,train_pool,train
000000392010.jpg,../datasets/raw/coco_person/train/images/000000392010.jpg,../datasets/raw/coco_person/train/labels/000000392010.txt,coco_person,000000392010,train_pool,train
000000392033.jpg,../datasets/raw/coco_person/train/images/000000392033.jpg,../datasets/raw/coco_person/train/labels/000000392033.txt,coco_person,000000392033,train_pool,train
000000392209.jpg,../datasets/raw/coco_person/train/images/000000392209.jpg,../datasets/raw/coco_person/train/labels/000000392209.txt,coco_person,000000392209,train_pool,train
000000392269.jpg,../datasets/raw/coco_person/train/images/000000392269.jpg,../datasets/raw/coco_person/train/labels/000000392269.txt,coco_person,000000392269,train_pool,train
000000392520.jpg,../datasets/raw/coco_person/train/images/000000392520.jpg,../datasets/raw/coco_person/train/labels/000000392520.txt,coco_person,000000392520,train_pool,train
000000392780.jpg,../datasets/raw/coco_person/train/images/000000392780.jpg,../datasets/raw/coco_person/train/labels/000000392780.txt,coco_person,000000392780,train_pool,train
000000393031.jpg,../datasets/raw/coco_person/train/images/000000393031.jpg,../datasets/raw/coco_person/train/labels/000000393031.txt,coco_person,000000393031,train_pool,train
000000393493.jpg,../datasets/raw/coco_person/train/images/000000393493.jpg,../datasets/raw/coco_person/train/labels/000000393493.txt,coco_person,000000393493,train_pool,val
000000393630.jpg,../datasets/raw/coco_person/train/images/000000393630.jpg,../datasets/raw/coco_person/train/labels/000000393630.txt,coco_person,000000393630,train_pool,train
000000393649.jpg,../datasets/raw/coco_person/train/images/000000393649.jpg,../datasets/raw/coco_person/train/labels/000000393649.txt,coco_person,000000393649,train_pool,train
000000393900.jpg,../datasets/raw/coco_person/train/images/000000393900.jpg,../datasets/raw/coco_person/train/labels/000000393900.txt,coco_person,000000393900,train_pool,train
000000394058.jpg,../datasets/raw/coco_person/train/images/000000394058.jpg,../datasets/raw/coco_person/train/labels/000000394058.txt,coco_person,000000394058,train_pool,train
000000394079.jpg,../datasets/raw/coco_person/train/images/000000394079.jpg,../datasets/raw/coco_person/train/labels/000000394079.txt,coco_person,000000394079,train_pool,train
000000394248.jpg,../datasets/raw/coco_person/train/images/000000394248.jpg,../datasets/raw/coco_person/train/labels/000000394248.txt,coco_person,000000394248,train_pool,train
000000394474.jpg,../datasets/raw/coco_person/train/images/000000394474.jpg,../datasets/raw/coco_person/train/labels/000000394474.txt,coco_person,000000394474,train_pool,val
000000394527.jpg,../datasets/raw/coco_person/train/images/000000394527.jpg,../datasets/raw/coco_person/train/labels/000000394527.txt,coco_person,000000394527,train_pool,train
000000394608.jpg,../datasets/raw/coco_person/train/images/000000394608.jpg,../datasets/raw/coco_person/train/labels/000000394608.txt,coco_person,000000394608,train_pool,train
000000394747.jpg,../datasets/raw/coco_person/train/images/000000394747.jpg,../datasets/raw/coco_person/train/labels/000000394747.txt,coco_person,000000394747,train_pool,train
000000394909.jpg,../datasets/raw/coco_person/train/images/000000394909.jpg,../datasets/raw/coco_person/train/labels/000000394909.txt,coco_person,000000394909,train_pool,val
000000395005.jpg,../datasets/raw/coco_person/train/images/000000395005.jpg,../datasets/raw/coco_person/train/labels/000000395005.txt,coco_person,000000395005,train_pool,train
000000395491.jpg,../datasets/raw/coco_person/train/images/000000395491.jpg,../datasets/raw/coco_person/train/labels/000000395491.txt,coco_person,000000395491,train_pool,train
000000395576.jpg,../datasets/raw/coco_person/train/images/000000395576.jpg,../datasets/raw/coco_person/train/labels/000000395576.txt,coco_person,000000395576,train_pool,train
000000395598.jpg,../datasets/raw/coco_person/train/images/000000395598.jpg,../datasets/raw/coco_person/train/labels/000000395598.txt,coco_person,000000395598,train_pool,train
000000395850.jpg,../datasets/raw/coco_person/train/images/000000395850.jpg,../datasets/raw/coco_person/train/labels/000000395850.txt,coco_person,000000395850,train_pool,train
000000395853.jpg,../datasets/raw/coco_person/train/images/000000395853.jpg,../datasets/raw/coco_person/train/labels/000000395853.txt,coco_person,000000395853,train_pool,train
000000396221.jpg,../datasets/raw/coco_person/train/images/000000396221.jpg,../datasets/raw/coco_person/train/labels/000000396221.txt,coco_person,000000396221,train_pool,val
000000396455.jpg,../datasets/raw/coco_person/train/images/000000396455.jpg,../datasets/raw/coco_person/train/labels/000000396455.txt,coco_person,000000396455,train_pool,train
000000396596.jpg,../datasets/raw/coco_person/train/images/000000396596.jpg,../datasets/raw/coco_person/train/labels/000000396596.txt,coco_person,000000396596,train_pool,train
000000396617.jpg,../datasets/raw/coco_person/train/images/000000396617.jpg,../datasets/raw/coco_person/train/labels/000000396617.txt,coco_person,000000396617,train_pool,train
000000396882.jpg,../datasets/raw/coco_person/train/images/000000396882.jpg,../datasets/raw/coco_person/train/labels/000000396882.txt,coco_person,000000396882,train_pool,train
000000397094.jpg,../datasets/raw/coco_person/train/images/000000397094.jpg,../datasets/raw/coco_person/train/labels/000000397094.txt,coco_person,000000397094,train_pool,train
000000397135.jpg,../datasets/raw/coco_person/train/images/000000397135.jpg,../datasets/raw/coco_person/train/labels/000000397135.txt,coco_person,000000397135,train_pool,train
000000397211.jpg,../datasets/raw/coco_person/train/images/000000397211.jpg,../datasets/raw/coco_person/train/labels/000000397211.txt,coco_person,000000397211,train_pool,train
000000397225.jpg,../datasets/raw/coco_person/train/images/000000397225.jpg,../datasets/raw/coco_person/train/labels/000000397225.txt,coco_person,000000397225,train_pool,train
000000397455.jpg,../datasets/raw/coco_person/train/images/000000397455.jpg,../datasets/raw/coco_person/train/labels/000000397455.txt,coco_person,000000397455,train_pool,train
000000398246.jpg,../datasets/raw/coco_person/train/images/000000398246.jpg,../datasets/raw/coco_person/train/labels/000000398246.txt,coco_person,000000398246,train_pool,train
000000398289.jpg,../datasets/raw/coco_person/train/images/000000398289.jpg,../datasets/raw/coco_person/train/labels/000000398289.txt,coco_person,000000398289,train_pool,train
000000398519.jpg,../datasets/raw/coco_person/train/images/000000398519.jpg,../datasets/raw/coco_person/train/labels/000000398519.txt,coco_person,000000398519,train_pool,train
000000398568.jpg,../datasets/raw/coco_person/train/images/000000398568.jpg,../datasets/raw/coco_person/train/labels/000000398568.txt,coco_person,000000398568,train_pool,train
000000398571.jpg,../datasets/raw/coco_person/train/images/000000398571.jpg,../datasets/raw/coco_person/train/labels/000000398571.txt,coco_person,000000398571,train_pool,train
000000398722.jpg,../datasets/raw/coco_person/train/images/000000398722.jpg,../datasets/raw/coco_person/train/labels/000000398722.txt,coco_person,000000398722,train_pool,train
000000399012.jpg,../datasets/raw/coco_person/train/images/000000399012.jpg,../datasets/raw/coco_person/train/labels/000000399012.txt,coco_person,000000399012,train_pool,train
000000399148.jpg,../datasets/raw/coco_person/train/images/000000399148.jpg,../datasets/raw/coco_person/train/labels/000000399148.txt,coco_person,000000399148,train_pool,train
000000399241.jpg,../datasets/raw/coco_person/train/images/000000399241.jpg,../datasets/raw/coco_person/train/labels/000000399241.txt,coco_person,000000399241,train_pool,train
000000399274.jpg,../datasets/raw/coco_person/train/images/000000399274.jpg,../datasets/raw/coco_person/train/labels/000000399274.txt,coco_person,000000399274,train_pool,train
000000399582.jpg,../datasets/raw/coco_person/train/images/000000399582.jpg,../datasets/raw/coco_person/train/labels/000000399582.txt,coco_person,000000399582,train_pool,train
000000399781.jpg,../datasets/raw/coco_person/train/images/000000399781.jpg,../datasets/raw/coco_person/train/labels/000000399781.txt,coco_person,000000399781,train_pool,train
000000399937.jpg,../datasets/raw/coco_person/train/images/000000399937.jpg,../datasets/raw/coco_person/train/labels/000000399937.txt,coco_person,000000399937,train_pool,val
000000399998.jpg,../datasets/raw/coco_person/train/images/000000399998.jpg,../datasets/raw/coco_person/train/labels/000000399998.txt,coco_person,000000399998,train_pool,train
000000400062.jpg,../datasets/raw/coco_person/train/images/000000400062.jpg,../datasets/raw/coco_person/train/labels/000000400062.txt,coco_person,000000400062,train_pool,train
000000400064.jpg,../datasets/raw/coco_person/train/images/000000400064.jpg,../datasets/raw/coco_person/train/labels/000000400064.txt,coco_person,000000400064,train_pool,train
000000400175.jpg,../datasets/raw/coco_person/train/images/000000400175.jpg,../datasets/raw/coco_person/train/labels/000000400175.txt,coco_person,000000400175,train_pool,train
000000400200.jpg,../datasets/raw/coco_person/train/images/000000400200.jpg,../datasets/raw/coco_person/train/labels/000000400200.txt,coco_person,000000400200,train_pool,train
000000400371.jpg,../datasets/raw/coco_person/train/images/000000400371.jpg,../datasets/raw/coco_person/train/labels/000000400371.txt,coco_person,000000400371,train_pool,train
000000400475.jpg,../datasets/raw/coco_person/train/images/000000400475.jpg,../datasets/raw/coco_person/train/labels/000000400475.txt,coco_person,000000400475,train_pool,train
000000400528.jpg,../datasets/raw/coco_person/train/images/000000400528.jpg,../datasets/raw/coco_person/train/labels/000000400528.txt,coco_person,000000400528,train_pool,train
000000400763.jpg,../datasets/raw/coco_person/train/images/000000400763.jpg,../datasets/raw/coco_person/train/labels/000000400763.txt,coco_person,000000400763,train_pool,train
000000400838.jpg,../datasets/raw/coco_person/train/images/000000400838.jpg,../datasets/raw/coco_person/train/labels/000000400838.txt,coco_person,000000400838,train_pool,val
000000400981.jpg,../datasets/raw/coco_person/train/images/000000400981.jpg,../datasets/raw/coco_person/train/labels/000000400981.txt,coco_person,000000400981,train_pool,train
000000401307.jpg,../datasets/raw/coco_person/train/images/000000401307.jpg,../datasets/raw/coco_person/train/labels/000000401307.txt,coco_person,000000401307,train_pool,val
000000401613.jpg,../datasets/raw/coco_person/train/images/000000401613.jpg,../datasets/raw/coco_person/train/labels/000000401613.txt,coco_person,000000401613,train_pool,train
000000401778.jpg,../datasets/raw/coco_person/train/images/000000401778.jpg,../datasets/raw/coco_person/train/labels/000000401778.txt,coco_person,000000401778,train_pool,train
000000401812.jpg,../datasets/raw/coco_person/train/images/000000401812.jpg,../datasets/raw/coco_person/train/labels/000000401812.txt,coco_person,000000401812,train_pool,train
000000402328.jpg,../datasets/raw/coco_person/train/images/000000402328.jpg,../datasets/raw/coco_person/train/labels/000000402328.txt,coco_person,000000402328,train_pool,train
000000402563.jpg,../datasets/raw/coco_person/train/images/000000402563.jpg,../datasets/raw/coco_person/train/labels/000000402563.txt,coco_person,000000402563,train_pool,val
000000402802.jpg,../datasets/raw/coco_person/train/images/000000402802.jpg,../datasets/raw/coco_person/train/labels/000000402802.txt,coco_person,000000402802,train_pool,val
000000402922.jpg,../datasets/raw/coco_person/train/images/000000402922.jpg,../datasets/raw/coco_person/train/labels/000000402922.txt,coco_person,000000402922,train_pool,train
000000402960.jpg,../datasets/raw/coco_person/train/images/000000402960.jpg,../datasets/raw/coco_person/train/labels/000000402960.txt,coco_person,000000402960,train_pool,train
000000403109.jpg,../datasets/raw/coco_person/train/images/000000403109.jpg,../datasets/raw/coco_person/train/labels/000000403109.txt,coco_person,000000403109,train_pool,train
000000403132.jpg,../datasets/raw/coco_person/train/images/000000403132.jpg,../datasets/raw/coco_person/train/labels/000000403132.txt,coco_person,000000403132,train_pool,train
000000403258.jpg,../datasets/raw/coco_person/train/images/000000403258.jpg,../datasets/raw/coco_person/train/labels/000000403258.txt,coco_person,000000403258,train_pool,train
000000403291.jpg,../datasets/raw/coco_person/train/images/000000403291.jpg,../datasets/raw/coco_person/train/labels/000000403291.txt,coco_person,000000403291,train_pool,train
000000403305.jpg,../datasets/raw/coco_person/train/images/000000403305.jpg,../datasets/raw/coco_person/train/labels/000000403305.txt,coco_person,000000403305,train_pool,train
000000403404.jpg,../datasets/raw/coco_person/train/images/000000403404.jpg,../datasets/raw/coco_person/train/labels/000000403404.txt,coco_person,000000403404,train_pool,train
000000403489.jpg,../datasets/raw/coco_person/train/images/000000403489.jpg,../datasets/raw/coco_person/train/labels/000000403489.txt,coco_person,000000403489,train_pool,train
000000403943.jpg,../datasets/raw/coco_person/train/images/000000403943.jpg,../datasets/raw/coco_person/train/labels/000000403943.txt,coco_person,000000403943,train_pool,train
000000404131.jpg,../datasets/raw/coco_person/train/images/000000404131.jpg,../datasets/raw/coco_person/train/labels/000000404131.txt,coco_person,000000404131,train_pool,train
000000404461.jpg,../datasets/raw/coco_person/train/images/000000404461.jpg,../datasets/raw/coco_person/train/labels/000000404461.txt,coco_person,000000404461,train_pool,train
000000404507.jpg,../datasets/raw/coco_person/train/images/000000404507.jpg,../datasets/raw/coco_person/train/labels/000000404507.txt,coco_person,000000404507,train_pool,train
000000404655.jpg,../datasets/raw/coco_person/train/images/000000404655.jpg,../datasets/raw/coco_person/train/labels/000000404655.txt,coco_person,000000404655,train_pool,train
000000404780.jpg,../datasets/raw/coco_person/train/images/000000404780.jpg,../datasets/raw/coco_person/train/labels/000000404780.txt,coco_person,000000404780,train_pool,train
000000405057.jpg,../datasets/raw/coco_person/train/images/000000405057.jpg,../datasets/raw/coco_person/train/labels/000000405057.txt,coco_person,000000405057,train_pool,train
000000405060.jpg,../datasets/raw/coco_person/train/images/000000405060.jpg,../datasets/raw/coco_person/train/labels/000000405060.txt,coco_person,000000405060,train_pool,train
000000405166.jpg,../datasets/raw/coco_person/train/images/000000405166.jpg,../datasets/raw/coco_person/train/labels/000000405166.txt,coco_person,000000405166,train_pool,train
000000405225.jpg,../datasets/raw/coco_person/train/images/000000405225.jpg,../datasets/raw/coco_person/train/labels/000000405225.txt,coco_person,000000405225,train_pool,train
000000405283.jpg,../datasets/raw/coco_person/train/images/000000405283.jpg,../datasets/raw/coco_person/train/labels/000000405283.txt,coco_person,000000405283,train_pool,train
000000405461.jpg,../datasets/raw/coco_person/train/images/000000405461.jpg,../datasets/raw/coco_person/train/labels/000000405461.txt,coco_person,000000405461,train_pool,train
000000405823.jpg,../datasets/raw/coco_person/train/images/000000405823.jpg,../datasets/raw/coco_person/train/labels/000000405823.txt,coco_person,000000405823,train_pool,val
000000405894.jpg,../datasets/raw/coco_person/train/images/000000405894.jpg,../datasets/raw/coco_person/train/labels/000000405894.txt,coco_person,000000405894,train_pool,train
000000406055.jpg,../datasets/raw/coco_person/train/images/000000406055.jpg,../datasets/raw/coco_person/train/labels/000000406055.txt,coco_person,000000406055,train_pool,train
000000406073.jpg,../datasets/raw/coco_person/train/images/000000406073.jpg,../datasets/raw/coco_person/train/labels/000000406073.txt,coco_person,000000406073,train_pool,train
000000406147.jpg,../datasets/raw/coco_person/train/images/000000406147.jpg,../datasets/raw/coco_person/train/labels/000000406147.txt,coco_person,000000406147,train_pool,train
000000406215.jpg,../datasets/raw/coco_person/train/images/000000406215.jpg,../datasets/raw/coco_person/train/labels/000000406215.txt,coco_person,000000406215,train_pool,val
000000406224.jpg,../datasets/raw/coco_person/train/images/000000406224.jpg,../datasets/raw/coco_person/train/labels/000000406224.txt,coco_person,000000406224,train_pool,train
000000406534.jpg,../datasets/raw/coco_person/train/images/000000406534.jpg,../datasets/raw/coco_person/train/labels/000000406534.txt,coco_person,000000406534,train_pool,val
000000406908.jpg,../datasets/raw/coco_person/train/images/000000406908.jpg,../datasets/raw/coco_person/train/labels/000000406908.txt,coco_person,000000406908,train_pool,train
000000406917.jpg,../datasets/raw/coco_person/train/images/000000406917.jpg,../datasets/raw/coco_person/train/labels/000000406917.txt,coco_person,000000406917,train_pool,train
000000407061.jpg,../datasets/raw/coco_person/train/images/000000407061.jpg,../datasets/raw/coco_person/train/labels/000000407061.txt,coco_person,000000407061,train_pool,train
000000407173.jpg,../datasets/raw/coco_person/train/images/000000407173.jpg,../datasets/raw/coco_person/train/labels/000000407173.txt,coco_person,000000407173,train_pool,train
000000407178.jpg,../datasets/raw/coco_person/train/images/000000407178.jpg,../datasets/raw/coco_person/train/labels/000000407178.txt,coco_person,000000407178,train_pool,train
000000407210.jpg,../datasets/raw/coco_person/train/images/000000407210.jpg,../datasets/raw/coco_person/train/labels/000000407210.txt,coco_person,000000407210,train_pool,train
000000407413.jpg,../datasets/raw/coco_person/train/images/000000407413.jpg,../datasets/raw/coco_person/train/labels/000000407413.txt,coco_person,000000407413,train_pool,train
000000407685.jpg,../datasets/raw/coco_person/train/images/000000407685.jpg,../datasets/raw/coco_person/train/labels/000000407685.txt,coco_person,000000407685,train_pool,train
000000407739.jpg,../datasets/raw/coco_person/train/images/000000407739.jpg,../datasets/raw/coco_person/train/labels/000000407739.txt,coco_person,000000407739,train_pool,train
000000407930.jpg,../datasets/raw/coco_person/train/images/000000407930.jpg,../datasets/raw/coco_person/train/labels/000000407930.txt,coco_person,000000407930,train_pool,train
000000407992.jpg,../datasets/raw/coco_person/train/images/000000407992.jpg,../datasets/raw/coco_person/train/labels/000000407992.txt,coco_person,000000407992,train_pool,train
000000408144.jpg,../datasets/raw/coco_person/train/images/000000408144.jpg,../datasets/raw/coco_person/train/labels/000000408144.txt,coco_person,000000408144,train_pool,train
000000408255.jpg,../datasets/raw/coco_person/train/images/000000408255.jpg,../datasets/raw/coco_person/train/labels/000000408255.txt,coco_person,000000408255,train_pool,val
000000408270.jpg,../datasets/raw/coco_person/train/images/000000408270.jpg,../datasets/raw/coco_person/train/labels/000000408270.txt,coco_person,000000408270,train_pool,train
000000408288.jpg,../datasets/raw/coco_person/train/images/000000408288.jpg,../datasets/raw/coco_person/train/labels/000000408288.txt,coco_person,000000408288,train_pool,train
000000408292.jpg,../datasets/raw/coco_person/train/images/000000408292.jpg,../datasets/raw/coco_person/train/labels/000000408292.txt,coco_person,000000408292,train_pool,train
000000408324.jpg,../datasets/raw/coco_person/train/images/000000408324.jpg,../datasets/raw/coco_person/train/labels/000000408324.txt,coco_person,000000408324,train_pool,train
000000408674.jpg,../datasets/raw/coco_person/train/images/000000408674.jpg,../datasets/raw/coco_person/train/labels/000000408674.txt,coco_person,000000408674,train_pool,train
000000408736.jpg,../datasets/raw/coco_person/train/images/000000408736.jpg,../datasets/raw/coco_person/train/labels/000000408736.txt,coco_person,000000408736,train_pool,train
000000408779.jpg,../datasets/raw/coco_person/train/images/000000408779.jpg,../datasets/raw/coco_person/train/labels/000000408779.txt,coco_person,000000408779,train_pool,train
000000408806.jpg,../datasets/raw/coco_person/train/images/000000408806.jpg,../datasets/raw/coco_person/train/labels/000000408806.txt,coco_person,000000408806,train_pool,train
000000409030.jpg,../datasets/raw/coco_person/train/images/000000409030.jpg,../datasets/raw/coco_person/train/labels/000000409030.txt,coco_person,000000409030,train_pool,train
000000409105.jpg,../datasets/raw/coco_person/train/images/000000409105.jpg,../datasets/raw/coco_person/train/labels/000000409105.txt,coco_person,000000409105,train_pool,train
000000409119.jpg,../datasets/raw/coco_person/train/images/000000409119.jpg,../datasets/raw/coco_person/train/labels/000000409119.txt,coco_person,000000409119,train_pool,train
000000409227.jpg,../datasets/raw/coco_person/train/images/000000409227.jpg,../datasets/raw/coco_person/train/labels/000000409227.txt,coco_person,000000409227,train_pool,val
000000409360.jpg,../datasets/raw/coco_person/train/images/000000409360.jpg,../datasets/raw/coco_person/train/labels/000000409360.txt,coco_person,000000409360,train_pool,train
000000409451.jpg,../datasets/raw/coco_person/train/images/000000409451.jpg,../datasets/raw/coco_person/train/labels/000000409451.txt,coco_person,000000409451,train_pool,train
000000409591.jpg,../datasets/raw/coco_person/train/images/000000409591.jpg,../datasets/raw/coco_person/train/labels/000000409591.txt,coco_person,000000409591,train_pool,train
000000409771.jpg,../datasets/raw/coco_person/train/images/000000409771.jpg,../datasets/raw/coco_person/train/labels/000000409771.txt,coco_person,000000409771,train_pool,train
000000409872.jpg,../datasets/raw/coco_person/train/images/000000409872.jpg,../datasets/raw/coco_person/train/labels/000000409872.txt,coco_person,000000409872,train_pool,train
000000410126.jpg,../datasets/raw/coco_person/train/images/000000410126.jpg,../datasets/raw/coco_person/train/labels/000000410126.txt,coco_person,000000410126,train_pool,train
000000410191.jpg,../datasets/raw/coco_person/train/images/000000410191.jpg,../datasets/raw/coco_person/train/labels/000000410191.txt,coco_person,000000410191,train_pool,train
000000410337.jpg,../datasets/raw/coco_person/train/images/000000410337.jpg,../datasets/raw/coco_person/train/labels/000000410337.txt,coco_person,000000410337,train_pool,train
000000410484.jpg,../datasets/raw/coco_person/train/images/000000410484.jpg,../datasets/raw/coco_person/train/labels/000000410484.txt,coco_person,000000410484,train_pool,train
000000410597.jpg,../datasets/raw/coco_person/train/images/000000410597.jpg,../datasets/raw/coco_person/train/labels/000000410597.txt,coco_person,000000410597,train_pool,train
000000410755.jpg,../datasets/raw/coco_person/train/images/000000410755.jpg,../datasets/raw/coco_person/train/labels/000000410755.txt,coco_person,000000410755,train_pool,train
000000410962.jpg,../datasets/raw/coco_person/train/images/000000410962.jpg,../datasets/raw/coco_person/train/labels/000000410962.txt,coco_person,000000410962,train_pool,val
000000411007.jpg,../datasets/raw/coco_person/train/images/000000411007.jpg,../datasets/raw/coco_person/train/labels/000000411007.txt,coco_person,000000411007,train_pool,train
000000411009.jpg,../datasets/raw/coco_person/train/images/000000411009.jpg,../datasets/raw/coco_person/train/labels/000000411009.txt,coco_person,000000411009,train_pool,val
000000411201.jpg,../datasets/raw/coco_person/train/images/000000411201.jpg,../datasets/raw/coco_person/train/labels/000000411201.txt,coco_person,000000411201,train_pool,train
000000411450.jpg,../datasets/raw/coco_person/train/images/000000411450.jpg,../datasets/raw/coco_person/train/labels/000000411450.txt,coco_person,000000411450,train_pool,train
000000411492.jpg,../datasets/raw/coco_person/train/images/000000411492.jpg,../datasets/raw/coco_person/train/labels/000000411492.txt,coco_person,000000411492,train_pool,train
000000411554.jpg,../datasets/raw/coco_person/train/images/000000411554.jpg,../datasets/raw/coco_person/train/labels/000000411554.txt,coco_person,000000411554,train_pool,train
000000411617.jpg,../datasets/raw/coco_person/train/images/000000411617.jpg,../datasets/raw/coco_person/train/labels/000000411617.txt,coco_person,000000411617,train_pool,train
000000411646.jpg,../datasets/raw/coco_person/train/images/000000411646.jpg,../datasets/raw/coco_person/train/labels/000000411646.txt,coco_person,000000411646,train_pool,train
000000411674.jpg,../datasets/raw/coco_person/train/images/000000411674.jpg,../datasets/raw/coco_person/train/labels/000000411674.txt,coco_person,000000411674,train_pool,train
000000412349.jpg,../datasets/raw/coco_person/train/images/000000412349.jpg,../datasets/raw/coco_person/train/labels/000000412349.txt,coco_person,000000412349,train_pool,val
000000412384.jpg,../datasets/raw/coco_person/train/images/000000412384.jpg,../datasets/raw/coco_person/train/labels/000000412384.txt,coco_person,000000412384,train_pool,train
000000412455.jpg,../datasets/raw/coco_person/train/images/000000412455.jpg,../datasets/raw/coco_person/train/labels/000000412455.txt,coco_person,000000412455,train_pool,train
000000412471.jpg,../datasets/raw/coco_person/train/images/000000412471.jpg,../datasets/raw/coco_person/train/labels/000000412471.txt,coco_person,000000412471,train_pool,train
000000412798.jpg,../datasets/raw/coco_person/train/images/000000412798.jpg,../datasets/raw/coco_person/train/labels/000000412798.txt,coco_person,000000412798,train_pool,train
000000412901.jpg,../datasets/raw/coco_person/train/images/000000412901.jpg,../datasets/raw/coco_person/train/labels/000000412901.txt,coco_person,000000412901,train_pool,train
000000413122.jpg,../datasets/raw/coco_person/train/images/000000413122.jpg,../datasets/raw/coco_person/train/labels/000000413122.txt,coco_person,000000413122,train_pool,val
000000413164.jpg,../datasets/raw/coco_person/train/images/000000413164.jpg,../datasets/raw/coco_person/train/labels/000000413164.txt,coco_person,000000413164,train_pool,train
000000413615.jpg,../datasets/raw/coco_person/train/images/000000413615.jpg,../datasets/raw/coco_person/train/labels/000000413615.txt,coco_person,000000413615,train_pool,train
000000413668.jpg,../datasets/raw/coco_person/train/images/000000413668.jpg,../datasets/raw/coco_person/train/labels/000000413668.txt,coco_person,000000413668,train_pool,train
000000413707.jpg,../datasets/raw/coco_person/train/images/000000413707.jpg,../datasets/raw/coco_person/train/labels/000000413707.txt,coco_person,000000413707,train_pool,train
000000413929.jpg,../datasets/raw/coco_person/train/images/000000413929.jpg,../datasets/raw/coco_person/train/labels/000000413929.txt,coco_person,000000413929,train_pool,train
000000414296.jpg,../datasets/raw/coco_person/train/images/000000414296.jpg,../datasets/raw/coco_person/train/labels/000000414296.txt,coco_person,000000414296,train_pool,train
000000414379.jpg,../datasets/raw/coco_person/train/images/000000414379.jpg,../datasets/raw/coco_person/train/labels/000000414379.txt,coco_person,000000414379,train_pool,val
000000414471.jpg,../datasets/raw/coco_person/train/images/000000414471.jpg,../datasets/raw/coco_person/train/labels/000000414471.txt,coco_person,000000414471,train_pool,train
000000414479.jpg,../datasets/raw/coco_person/train/images/000000414479.jpg,../datasets/raw/coco_person/train/labels/000000414479.txt,coco_person,000000414479,train_pool,train
000000414578.jpg,../datasets/raw/coco_person/train/images/000000414578.jpg,../datasets/raw/coco_person/train/labels/000000414578.txt,coco_person,000000414578,train_pool,val
000000414747.jpg,../datasets/raw/coco_person/train/images/000000414747.jpg,../datasets/raw/coco_person/train/labels/000000414747.txt,coco_person,000000414747,train_pool,train
000000414857.jpg,../datasets/raw/coco_person/train/images/000000414857.jpg,../datasets/raw/coco_person/train/labels/000000414857.txt,coco_person,000000414857,train_pool,train
000000414904.jpg,../datasets/raw/coco_person/train/images/000000414904.jpg,../datasets/raw/coco_person/train/labels/000000414904.txt,coco_person,000000414904,train_pool,train
000000415016.jpg,../datasets/raw/coco_person/train/images/000000415016.jpg,../datasets/raw/coco_person/train/labels/000000415016.txt,coco_person,000000415016,train_pool,train
000000415163.jpg,../datasets/raw/coco_person/train/images/000000415163.jpg,../datasets/raw/coco_person/train/labels/000000415163.txt,coco_person,000000415163,train_pool,train
000000415243.jpg,../datasets/raw/coco_person/train/images/000000415243.jpg,../datasets/raw/coco_person/train/labels/000000415243.txt,coco_person,000000415243,train_pool,train
000000415370.jpg,../datasets/raw/coco_person/train/images/000000415370.jpg,../datasets/raw/coco_person/train/labels/000000415370.txt,coco_person,000000415370,train_pool,train
000000415432.jpg,../datasets/raw/coco_person/train/images/000000415432.jpg,../datasets/raw/coco_person/train/labels/000000415432.txt,coco_person,000000415432,train_pool,train
000000415569.jpg,../datasets/raw/coco_person/train/images/000000415569.jpg,../datasets/raw/coco_person/train/labels/000000415569.txt,coco_person,000000415569,train_pool,train
000000415634.jpg,../datasets/raw/coco_person/train/images/000000415634.jpg,../datasets/raw/coco_person/train/labels/000000415634.txt,coco_person,000000415634,train_pool,val
000000415641.jpg,../datasets/raw/coco_person/train/images/000000415641.jpg,../datasets/raw/coco_person/train/labels/000000415641.txt,coco_person,000000415641,train_pool,train
000000415647.jpg,../datasets/raw/coco_person/train/images/000000415647.jpg,../datasets/raw/coco_person/train/labels/000000415647.txt,coco_person,000000415647,train_pool,train
000000415776.jpg,../datasets/raw/coco_person/train/images/000000415776.jpg,../datasets/raw/coco_person/train/labels/000000415776.txt,coco_person,000000415776,train_pool,train
000000416111.jpg,../datasets/raw/coco_person/train/images/000000416111.jpg,../datasets/raw/coco_person/train/labels/000000416111.txt,coco_person,000000416111,train_pool,train
000000416384.jpg,../datasets/raw/coco_person/train/images/000000416384.jpg,../datasets/raw/coco_person/train/labels/000000416384.txt,coco_person,000000416384,train_pool,train
000000416521.jpg,../datasets/raw/coco_person/train/images/000000416521.jpg,../datasets/raw/coco_person/train/labels/000000416521.txt,coco_person,000000416521,train_pool,train
000000416723.jpg,../datasets/raw/coco_person/train/images/000000416723.jpg,../datasets/raw/coco_person/train/labels/000000416723.txt,coco_person,000000416723,train_pool,train
000000416907.jpg,../datasets/raw/coco_person/train/images/000000416907.jpg,../datasets/raw/coco_person/train/labels/000000416907.txt,coco_person,000000416907,train_pool,train
000000416997.jpg,../datasets/raw/coco_person/train/images/000000416997.jpg,../datasets/raw/coco_person/train/labels/000000416997.txt,coco_person,000000416997,train_pool,train
000000417036.jpg,../datasets/raw/coco_person/train/images/000000417036.jpg,../datasets/raw/coco_person/train/labels/000000417036.txt,coco_person,000000417036,train_pool,train
000000417627.jpg,../datasets/raw/coco_person/train/images/000000417627.jpg,../datasets/raw/coco_person/train/labels/000000417627.txt,coco_person,000000417627,train_pool,train
000000417980.jpg,../datasets/raw/coco_person/train/images/000000417980.jpg,../datasets/raw/coco_person/train/labels/000000417980.txt,coco_person,000000417980,train_pool,train
000000418134.jpg,../datasets/raw/coco_person/train/images/000000418134.jpg,../datasets/raw/coco_person/train/labels/000000418134.txt,coco_person,000000418134,train_pool,train
000000418257.jpg,../datasets/raw/coco_person/train/images/000000418257.jpg,../datasets/raw/coco_person/train/labels/000000418257.txt,coco_person,000000418257,train_pool,val
000000418397.jpg,../datasets/raw/coco_person/train/images/000000418397.jpg,../datasets/raw/coco_person/train/labels/000000418397.txt,coco_person,000000418397,train_pool,val
000000418697.jpg,../datasets/raw/coco_person/train/images/000000418697.jpg,../datasets/raw/coco_person/train/labels/000000418697.txt,coco_person,000000418697,train_pool,train
000000418810.jpg,../datasets/raw/coco_person/train/images/000000418810.jpg,../datasets/raw/coco_person/train/labels/000000418810.txt,coco_person,000000418810,train_pool,train
000000418893.jpg,../datasets/raw/coco_person/train/images/000000418893.jpg,../datasets/raw/coco_person/train/labels/000000418893.txt,coco_person,000000418893,train_pool,train
000000418964.jpg,../datasets/raw/coco_person/train/images/000000418964.jpg,../datasets/raw/coco_person/train/labels/000000418964.txt,coco_person,000000418964,train_pool,val
000000419216.jpg,../datasets/raw/coco_person/train/images/000000419216.jpg,../datasets/raw/coco_person/train/labels/000000419216.txt,coco_person,000000419216,train_pool,train
000000419297.jpg,../datasets/raw/coco_person/train/images/000000419297.jpg,../datasets/raw/coco_person/train/labels/000000419297.txt,coco_person,000000419297,train_pool,train
000000419503.jpg,../datasets/raw/coco_person/train/images/000000419503.jpg,../datasets/raw/coco_person/train/labels/000000419503.txt,coco_person,000000419503,train_pool,train
000000419610.jpg,../datasets/raw/coco_person/train/images/000000419610.jpg,../datasets/raw/coco_person/train/labels/000000419610.txt,coco_person,000000419610,train_pool,train
000000420013.jpg,../datasets/raw/coco_person/train/images/000000420013.jpg,../datasets/raw/coco_person/train/labels/000000420013.txt,coco_person,000000420013,train_pool,train
000000420049.jpg,../datasets/raw/coco_person/train/images/000000420049.jpg,../datasets/raw/coco_person/train/labels/000000420049.txt,coco_person,000000420049,train_pool,train
000000420090.jpg,../datasets/raw/coco_person/train/images/000000420090.jpg,../datasets/raw/coco_person/train/labels/000000420090.txt,coco_person,000000420090,train_pool,train
000000420347.jpg,../datasets/raw/coco_person/train/images/000000420347.jpg,../datasets/raw/coco_person/train/labels/000000420347.txt,coco_person,000000420347,train_pool,train
000000420669.jpg,../datasets/raw/coco_person/train/images/000000420669.jpg,../datasets/raw/coco_person/train/labels/000000420669.txt,coco_person,000000420669,train_pool,train
000000420963.jpg,../datasets/raw/coco_person/train/images/000000420963.jpg,../datasets/raw/coco_person/train/labels/000000420963.txt,coco_person,000000420963,train_pool,train
000000421010.jpg,../datasets/raw/coco_person/train/images/000000421010.jpg,../datasets/raw/coco_person/train/labels/000000421010.txt,coco_person,000000421010,train_pool,train
000000421116.jpg,../datasets/raw/coco_person/train/images/000000421116.jpg,../datasets/raw/coco_person/train/labels/000000421116.txt,coco_person,000000421116,train_pool,train
000000421520.jpg,../datasets/raw/coco_person/train/images/000000421520.jpg,../datasets/raw/coco_person/train/labels/000000421520.txt,coco_person,000000421520,train_pool,train
000000421542.jpg,../datasets/raw/coco_person/train/images/000000421542.jpg,../datasets/raw/coco_person/train/labels/000000421542.txt,coco_person,000000421542,train_pool,train
000000421597.jpg,../datasets/raw/coco_person/train/images/000000421597.jpg,../datasets/raw/coco_person/train/labels/000000421597.txt,coco_person,000000421597,train_pool,val
000000421630.jpg,../datasets/raw/coco_person/train/images/000000421630.jpg,../datasets/raw/coco_person/train/labels/000000421630.txt,coco_person,000000421630,train_pool,train
000000421833.jpg,../datasets/raw/coco_person/train/images/000000421833.jpg,../datasets/raw/coco_person/train/labels/000000421833.txt,coco_person,000000421833,train_pool,val
000000421889.jpg,../datasets/raw/coco_person/train/images/000000421889.jpg,../datasets/raw/coco_person/train/labels/000000421889.txt,coco_person,000000421889,train_pool,train
000000422063.jpg,../datasets/raw/coco_person/train/images/000000422063.jpg,../datasets/raw/coco_person/train/labels/000000422063.txt,coco_person,000000422063,train_pool,train
000000422105.jpg,../datasets/raw/coco_person/train/images/000000422105.jpg,../datasets/raw/coco_person/train/labels/000000422105.txt,coco_person,000000422105,train_pool,train
000000422280.jpg,../datasets/raw/coco_person/train/images/000000422280.jpg,../datasets/raw/coco_person/train/labels/000000422280.txt,coco_person,000000422280,train_pool,train
000000422294.jpg,../datasets/raw/coco_person/train/images/000000422294.jpg,../datasets/raw/coco_person/train/labels/000000422294.txt,coco_person,000000422294,train_pool,train
000000422319.jpg,../datasets/raw/coco_person/train/images/000000422319.jpg,../datasets/raw/coco_person/train/labels/000000422319.txt,coco_person,000000422319,train_pool,train
000000422833.jpg,../datasets/raw/coco_person/train/images/000000422833.jpg,../datasets/raw/coco_person/train/labels/000000422833.txt,coco_person,000000422833,train_pool,train
000000422878.jpg,../datasets/raw/coco_person/train/images/000000422878.jpg,../datasets/raw/coco_person/train/labels/000000422878.txt,coco_person,000000422878,train_pool,train
000000423162.jpg,../datasets/raw/coco_person/train/images/000000423162.jpg,../datasets/raw/coco_person/train/labels/000000423162.txt,coco_person,000000423162,train_pool,train
000000423201.jpg,../datasets/raw/coco_person/train/images/000000423201.jpg,../datasets/raw/coco_person/train/labels/000000423201.txt,coco_person,000000423201,train_pool,train
000000423537.jpg,../datasets/raw/coco_person/train/images/000000423537.jpg,../datasets/raw/coco_person/train/labels/000000423537.txt,coco_person,000000423537,train_pool,val
000000423588.jpg,../datasets/raw/coco_person/train/images/000000423588.jpg,../datasets/raw/coco_person/train/labels/000000423588.txt,coco_person,000000423588,train_pool,val
000000423613.jpg,../datasets/raw/coco_person/train/images/000000423613.jpg,../datasets/raw/coco_person/train/labels/000000423613.txt,coco_person,000000423613,train_pool,train
000000423632.jpg,../datasets/raw/coco_person/train/images/000000423632.jpg,../datasets/raw/coco_person/train/labels/000000423632.txt,coco_person,000000423632,train_pool,train
000000423668.jpg,../datasets/raw/coco_person/train/images/000000423668.jpg,../datasets/raw/coco_person/train/labels/000000423668.txt,coco_person,000000423668,train_pool,val
000000423693.jpg,../datasets/raw/coco_person/train/images/000000423693.jpg,../datasets/raw/coco_person/train/labels/000000423693.txt,coco_person,000000423693,train_pool,train
000000423832.jpg,../datasets/raw/coco_person/train/images/000000423832.jpg,../datasets/raw/coco_person/train/labels/000000423832.txt,coco_person,000000423832,train_pool,train
000000423890.jpg,../datasets/raw/coco_person/train/images/000000423890.jpg,../datasets/raw/coco_person/train/labels/000000423890.txt,coco_person,000000423890,train_pool,train
000000424044.jpg,../datasets/raw/coco_person/train/images/000000424044.jpg,../datasets/raw/coco_person/train/labels/000000424044.txt,coco_person,000000424044,train_pool,train
000000424237.jpg,../datasets/raw/coco_person/train/images/000000424237.jpg,../datasets/raw/coco_person/train/labels/000000424237.txt,coco_person,000000424237,train_pool,train
000000424247.jpg,../datasets/raw/coco_person/train/images/000000424247.jpg,../datasets/raw/coco_person/train/labels/000000424247.txt,coco_person,000000424247,train_pool,val
000000424268.jpg,../datasets/raw/coco_person/train/images/000000424268.jpg,../datasets/raw/coco_person/train/labels/000000424268.txt,coco_person,000000424268,train_pool,train
000000424270.jpg,../datasets/raw/coco_person/train/images/000000424270.jpg,../datasets/raw/coco_person/train/labels/000000424270.txt,coco_person,000000424270,train_pool,train
000000424332.jpg,../datasets/raw/coco_person/train/images/000000424332.jpg,../datasets/raw/coco_person/train/labels/000000424332.txt,coco_person,000000424332,train_pool,train
000000424351.jpg,../datasets/raw/coco_person/train/images/000000424351.jpg,../datasets/raw/coco_person/train/labels/000000424351.txt,coco_person,000000424351,train_pool,train
000000424381.jpg,../datasets/raw/coco_person/train/images/000000424381.jpg,../datasets/raw/coco_person/train/labels/000000424381.txt,coco_person,000000424381,train_pool,train
000000424385.jpg,../datasets/raw/coco_person/train/images/000000424385.jpg,../datasets/raw/coco_person/train/labels/000000424385.txt,coco_person,000000424385,train_pool,train
000000424979.jpg,../datasets/raw/coco_person/train/images/000000424979.jpg,../datasets/raw/coco_person/train/labels/000000424979.txt,coco_person,000000424979,train_pool,val
000000424991.jpg,../datasets/raw/coco_person/train/images/000000424991.jpg,../datasets/raw/coco_person/train/labels/000000424991.txt,coco_person,000000424991,train_pool,train
000000425078.jpg,../datasets/raw/coco_person/train/images/000000425078.jpg,../datasets/raw/coco_person/train/labels/000000425078.txt,coco_person,000000425078,train_pool,val
000000425184.jpg,../datasets/raw/coco_person/train/images/000000425184.jpg,../datasets/raw/coco_person/train/labels/000000425184.txt,coco_person,000000425184,train_pool,train
000000425415.jpg,../datasets/raw/coco_person/train/images/000000425415.jpg,../datasets/raw/coco_person/train/labels/000000425415.txt,coco_person,000000425415,train_pool,train
000000425462.jpg,../datasets/raw/coco_person/train/images/000000425462.jpg,../datasets/raw/coco_person/train/labels/000000425462.txt,coco_person,000000425462,train_pool,train
000000425472.jpg,../datasets/raw/coco_person/train/images/000000425472.jpg,../datasets/raw/coco_person/train/labels/000000425472.txt,coco_person,000000425472,train_pool,train
000000425620.jpg,../datasets/raw/coco_person/train/images/000000425620.jpg,../datasets/raw/coco_person/train/labels/000000425620.txt,coco_person,000000425620,train_pool,train
000000425701.jpg,../datasets/raw/coco_person/train/images/000000425701.jpg,../datasets/raw/coco_person/train/labels/000000425701.txt,coco_person,000000425701,train_pool,train
000000425790.jpg,../datasets/raw/coco_person/train/images/000000425790.jpg,../datasets/raw/coco_person/train/labels/000000425790.txt,coco_person,000000425790,train_pool,train
000000425874.jpg,../datasets/raw/coco_person/train/images/000000425874.jpg,../datasets/raw/coco_person/train/labels/000000425874.txt,coco_person,000000425874,train_pool,val
000000426275.jpg,../datasets/raw/coco_person/train/images/000000426275.jpg,../datasets/raw/coco_person/train/labels/000000426275.txt,coco_person,000000426275,train_pool,train
000000426712.jpg,../datasets/raw/coco_person/train/images/000000426712.jpg,../datasets/raw/coco_person/train/labels/000000426712.txt,coco_person,000000426712,train_pool,train
000000426762.jpg,../datasets/raw/coco_person/train/images/000000426762.jpg,../datasets/raw/coco_person/train/labels/000000426762.txt,coco_person,000000426762,train_pool,train
000000426791.jpg,../datasets/raw/coco_person/train/images/000000426791.jpg,../datasets/raw/coco_person/train/labels/000000426791.txt,coco_person,000000426791,train_pool,val
000000426980.jpg,../datasets/raw/coco_person/train/images/000000426980.jpg,../datasets/raw/coco_person/train/labels/000000426980.txt,coco_person,000000426980,train_pool,train
000000427113.jpg,../datasets/raw/coco_person/train/images/000000427113.jpg,../datasets/raw/coco_person/train/labels/000000427113.txt,coco_person,000000427113,train_pool,train
000000427269.jpg,../datasets/raw/coco_person/train/images/000000427269.jpg,../datasets/raw/coco_person/train/labels/000000427269.txt,coco_person,000000427269,train_pool,train
000000427343.jpg,../datasets/raw/coco_person/train/images/000000427343.jpg,../datasets/raw/coco_person/train/labels/000000427343.txt,coco_person,000000427343,train_pool,train
000000427628.jpg,../datasets/raw/coco_person/train/images/000000427628.jpg,../datasets/raw/coco_person/train/labels/000000427628.txt,coco_person,000000427628,train_pool,train
000000427941.jpg,../datasets/raw/coco_person/train/images/000000427941.jpg,../datasets/raw/coco_person/train/labels/000000427941.txt,coco_person,000000427941,train_pool,val
000000427981.jpg,../datasets/raw/coco_person/train/images/000000427981.jpg,../datasets/raw/coco_person/train/labels/000000427981.txt,coco_person,000000427981,train_pool,train
000000428320.jpg,../datasets/raw/coco_person/train/images/000000428320.jpg,../datasets/raw/coco_person/train/labels/000000428320.txt,coco_person,000000428320,train_pool,val
000000428445.jpg,../datasets/raw/coco_person/train/images/000000428445.jpg,../datasets/raw/coco_person/train/labels/000000428445.txt,coco_person,000000428445,train_pool,train
000000428985.jpg,../datasets/raw/coco_person/train/images/000000428985.jpg,../datasets/raw/coco_person/train/labels/000000428985.txt,coco_person,000000428985,train_pool,train
000000429122.jpg,../datasets/raw/coco_person/train/images/000000429122.jpg,../datasets/raw/coco_person/train/labels/000000429122.txt,coco_person,000000429122,train_pool,train
000000429710.jpg,../datasets/raw/coco_person/train/images/000000429710.jpg,../datasets/raw/coco_person/train/labels/000000429710.txt,coco_person,000000429710,train_pool,train
000000429769.jpg,../datasets/raw/coco_person/train/images/000000429769.jpg,../datasets/raw/coco_person/train/labels/000000429769.txt,coco_person,000000429769,train_pool,train
000000429834.jpg,../datasets/raw/coco_person/train/images/000000429834.jpg,../datasets/raw/coco_person/train/labels/000000429834.txt,coco_person,000000429834,train_pool,train
000000429945.jpg,../datasets/raw/coco_person/train/images/000000429945.jpg,../datasets/raw/coco_person/train/labels/000000429945.txt,coco_person,000000429945,train_pool,train
000000429959.jpg,../datasets/raw/coco_person/train/images/000000429959.jpg,../datasets/raw/coco_person/train/labels/000000429959.txt,coco_person,000000429959,train_pool,train
000000430192.jpg,../datasets/raw/coco_person/train/images/000000430192.jpg,../datasets/raw/coco_person/train/labels/000000430192.txt,coco_person,000000430192,train_pool,train
000000430369.jpg,../datasets/raw/coco_person/train/images/000000430369.jpg,../datasets/raw/coco_person/train/labels/000000430369.txt,coco_person,000000430369,train_pool,train
000000430394.jpg,../datasets/raw/coco_person/train/images/000000430394.jpg,../datasets/raw/coco_person/train/labels/000000430394.txt,coco_person,000000430394,train_pool,val
000000430532.jpg,../datasets/raw/coco_person/train/images/000000430532.jpg,../datasets/raw/coco_person/train/labels/000000430532.txt,coco_person,000000430532,train_pool,train
000000430789.jpg,../datasets/raw/coco_person/train/images/000000430789.jpg,../datasets/raw/coco_person/train/labels/000000430789.txt,coco_person,000000430789,train_pool,val
000000430889.jpg,../datasets/raw/coco_person/train/images/000000430889.jpg,../datasets/raw/coco_person/train/labels/000000430889.txt,coco_person,000000430889,train_pool,train
000000430928.jpg,../datasets/raw/coco_person/train/images/000000430928.jpg,../datasets/raw/coco_person/train/labels/000000430928.txt,coco_person,000000430928,train_pool,train
000000431177.jpg,../datasets/raw/coco_person/train/images/000000431177.jpg,../datasets/raw/coco_person/train/labels/000000431177.txt,coco_person,000000431177,train_pool,train
000000431184.jpg,../datasets/raw/coco_person/train/images/000000431184.jpg,../datasets/raw/coco_person/train/labels/000000431184.txt,coco_person,000000431184,train_pool,val
000000431472.jpg,../datasets/raw/coco_person/train/images/000000431472.jpg,../datasets/raw/coco_person/train/labels/000000431472.txt,coco_person,000000431472,train_pool,train
000000431495.jpg,../datasets/raw/coco_person/train/images/000000431495.jpg,../datasets/raw/coco_person/train/labels/000000431495.txt,coco_person,000000431495,train_pool,train
000000431625.jpg,../datasets/raw/coco_person/train/images/000000431625.jpg,../datasets/raw/coco_person/train/labels/000000431625.txt,coco_person,000000431625,train_pool,val
000000431873.jpg,../datasets/raw/coco_person/train/images/000000431873.jpg,../datasets/raw/coco_person/train/labels/000000431873.txt,coco_person,000000431873,train_pool,train
000000431899.jpg,../datasets/raw/coco_person/train/images/000000431899.jpg,../datasets/raw/coco_person/train/labels/000000431899.txt,coco_person,000000431899,train_pool,train
000000431952.jpg,../datasets/raw/coco_person/train/images/000000431952.jpg,../datasets/raw/coco_person/train/labels/000000431952.txt,coco_person,000000431952,train_pool,val
000000431991.jpg,../datasets/raw/coco_person/train/images/000000431991.jpg,../datasets/raw/coco_person/train/labels/000000431991.txt,coco_person,000000431991,train_pool,train
000000432317.jpg,../datasets/raw/coco_person/train/images/000000432317.jpg,../datasets/raw/coco_person/train/labels/000000432317.txt,coco_person,000000432317,train_pool,train
000000432494.jpg,../datasets/raw/coco_person/train/images/000000432494.jpg,../datasets/raw/coco_person/train/labels/000000432494.txt,coco_person,000000432494,train_pool,train
000000432624.jpg,../datasets/raw/coco_person/train/images/000000432624.jpg,../datasets/raw/coco_person/train/labels/000000432624.txt,coco_person,000000432624,train_pool,train
000000432727.jpg,../datasets/raw/coco_person/train/images/000000432727.jpg,../datasets/raw/coco_person/train/labels/000000432727.txt,coco_person,000000432727,train_pool,train
000000432755.jpg,../datasets/raw/coco_person/train/images/000000432755.jpg,../datasets/raw/coco_person/train/labels/000000432755.txt,coco_person,000000432755,train_pool,train
000000432820.jpg,../datasets/raw/coco_person/train/images/000000432820.jpg,../datasets/raw/coco_person/train/labels/000000432820.txt,coco_person,000000432820,train_pool,train
000000432924.jpg,../datasets/raw/coco_person/train/images/000000432924.jpg,../datasets/raw/coco_person/train/labels/000000432924.txt,coco_person,000000432924,train_pool,train
000000432932.jpg,../datasets/raw/coco_person/train/images/000000432932.jpg,../datasets/raw/coco_person/train/labels/000000432932.txt,coco_person,000000432932,train_pool,val
000000433007.jpg,../datasets/raw/coco_person/train/images/000000433007.jpg,../datasets/raw/coco_person/train/labels/000000433007.txt,coco_person,000000433007,train_pool,val
000000433014.jpg,../datasets/raw/coco_person/train/images/000000433014.jpg,../datasets/raw/coco_person/train/labels/000000433014.txt,coco_person,000000433014,train_pool,train
000000433233.jpg,../datasets/raw/coco_person/train/images/000000433233.jpg,../datasets/raw/coco_person/train/labels/000000433233.txt,coco_person,000000433233,train_pool,val
000000433286.jpg,../datasets/raw/coco_person/train/images/000000433286.jpg,../datasets/raw/coco_person/train/labels/000000433286.txt,coco_person,000000433286,train_pool,train
000000433336.jpg,../datasets/raw/coco_person/train/images/000000433336.jpg,../datasets/raw/coco_person/train/labels/000000433336.txt,coco_person,000000433336,train_pool,train
000000433340.jpg,../datasets/raw/coco_person/train/images/000000433340.jpg,../datasets/raw/coco_person/train/labels/000000433340.txt,coco_person,000000433340,train_pool,val
000000433563.jpg,../datasets/raw/coco_person/train/images/000000433563.jpg,../datasets/raw/coco_person/train/labels/000000433563.txt,coco_person,000000433563,train_pool,train
000000433662.jpg,../datasets/raw/coco_person/train/images/000000433662.jpg,../datasets/raw/coco_person/train/labels/000000433662.txt,coco_person,000000433662,train_pool,train
000000433704.jpg,../datasets/raw/coco_person/train/images/000000433704.jpg,../datasets/raw/coco_person/train/labels/000000433704.txt,coco_person,000000433704,train_pool,train
000000433963.jpg,../datasets/raw/coco_person/train/images/000000433963.jpg,../datasets/raw/coco_person/train/labels/000000433963.txt,coco_person,000000433963,train_pool,val
000000434070.jpg,../datasets/raw/coco_person/train/images/000000434070.jpg,../datasets/raw/coco_person/train/labels/000000434070.txt,coco_person,000000434070,train_pool,train
000000434135.jpg,../datasets/raw/coco_person/train/images/000000434135.jpg,../datasets/raw/coco_person/train/labels/000000434135.txt,coco_person,000000434135,train_pool,train
000000434193.jpg,../datasets/raw/coco_person/train/images/000000434193.jpg,../datasets/raw/coco_person/train/labels/000000434193.txt,coco_person,000000434193,train_pool,train
000000434299.jpg,../datasets/raw/coco_person/train/images/000000434299.jpg,../datasets/raw/coco_person/train/labels/000000434299.txt,coco_person,000000434299,train_pool,train
000000434326.jpg,../datasets/raw/coco_person/train/images/000000434326.jpg,../datasets/raw/coco_person/train/labels/000000434326.txt,coco_person,000000434326,train_pool,train
000000434338.jpg,../datasets/raw/coco_person/train/images/000000434338.jpg,../datasets/raw/coco_person/train/labels/000000434338.txt,coco_person,000000434338,train_pool,train
000000434522.jpg,../datasets/raw/coco_person/train/images/000000434522.jpg,../datasets/raw/coco_person/train/labels/000000434522.txt,coco_person,000000434522,train_pool,train
000000434561.jpg,../datasets/raw/coco_person/train/images/000000434561.jpg,../datasets/raw/coco_person/train/labels/000000434561.txt,coco_person,000000434561,train_pool,train
000000434707.jpg,../datasets/raw/coco_person/train/images/000000434707.jpg,../datasets/raw/coco_person/train/labels/000000434707.txt,coco_person,000000434707,train_pool,val
000000434746.jpg,../datasets/raw/coco_person/train/images/000000434746.jpg,../datasets/raw/coco_person/train/labels/000000434746.txt,coco_person,000000434746,train_pool,train
000000435065.jpg,../datasets/raw/coco_person/train/images/000000435065.jpg,../datasets/raw/coco_person/train/labels/000000435065.txt,coco_person,000000435065,train_pool,train
000000435228.jpg,../datasets/raw/coco_person/train/images/000000435228.jpg,../datasets/raw/coco_person/train/labels/000000435228.txt,coco_person,000000435228,train_pool,val
000000435402.jpg,../datasets/raw/coco_person/train/images/000000435402.jpg,../datasets/raw/coco_person/train/labels/000000435402.txt,coco_person,000000435402,train_pool,train
000000435519.jpg,../datasets/raw/coco_person/train/images/000000435519.jpg,../datasets/raw/coco_person/train/labels/000000435519.txt,coco_person,000000435519,train_pool,train
000000435598.jpg,../datasets/raw/coco_person/train/images/000000435598.jpg,../datasets/raw/coco_person/train/labels/000000435598.txt,coco_person,000000435598,train_pool,train
000000436038.jpg,../datasets/raw/coco_person/train/images/000000436038.jpg,../datasets/raw/coco_person/train/labels/000000436038.txt,coco_person,000000436038,train_pool,train
000000436073.jpg,../datasets/raw/coco_person/train/images/000000436073.jpg,../datasets/raw/coco_person/train/labels/000000436073.txt,coco_person,000000436073,train_pool,train
000000436456.jpg,../datasets/raw/coco_person/train/images/000000436456.jpg,../datasets/raw/coco_person/train/labels/000000436456.txt,coco_person,000000436456,train_pool,val
000000436511.jpg,../datasets/raw/coco_person/train/images/000000436511.jpg,../datasets/raw/coco_person/train/labels/000000436511.txt,coco_person,000000436511,train_pool,train
000000436649.jpg,../datasets/raw/coco_person/train/images/000000436649.jpg,../datasets/raw/coco_person/train/labels/000000436649.txt,coco_person,000000436649,train_pool,train
000000436662.jpg,../datasets/raw/coco_person/train/images/000000436662.jpg,../datasets/raw/coco_person/train/labels/000000436662.txt,coco_person,000000436662,train_pool,train
000000436759.jpg,../datasets/raw/coco_person/train/images/000000436759.jpg,../datasets/raw/coco_person/train/labels/000000436759.txt,coco_person,000000436759,train_pool,train
000000436871.jpg,../datasets/raw/coco_person/train/images/000000436871.jpg,../datasets/raw/coco_person/train/labels/000000436871.txt,coco_person,000000436871,train_pool,train
000000436984.jpg,../datasets/raw/coco_person/train/images/000000436984.jpg,../datasets/raw/coco_person/train/labels/000000436984.txt,coco_person,000000436984,train_pool,train
000000437129.jpg,../datasets/raw/coco_person/train/images/000000437129.jpg,../datasets/raw/coco_person/train/labels/000000437129.txt,coco_person,000000437129,train_pool,val
000000437778.jpg,../datasets/raw/coco_person/train/images/000000437778.jpg,../datasets/raw/coco_person/train/labels/000000437778.txt,coco_person,000000437778,train_pool,train
000000437892.jpg,../datasets/raw/coco_person/train/images/000000437892.jpg,../datasets/raw/coco_person/train/labels/000000437892.txt,coco_person,000000437892,train_pool,train
000000437902.jpg,../datasets/raw/coco_person/train/images/000000437902.jpg,../datasets/raw/coco_person/train/labels/000000437902.txt,coco_person,000000437902,train_pool,train
000000438297.jpg,../datasets/raw/coco_person/train/images/000000438297.jpg,../datasets/raw/coco_person/train/labels/000000438297.txt,coco_person,000000438297,train_pool,train
000000438531.jpg,../datasets/raw/coco_person/train/images/000000438531.jpg,../datasets/raw/coco_person/train/labels/000000438531.txt,coco_person,000000438531,train_pool,train
000000438550.jpg,../datasets/raw/coco_person/train/images/000000438550.jpg,../datasets/raw/coco_person/train/labels/000000438550.txt,coco_person,000000438550,train_pool,train
000000438617.jpg,../datasets/raw/coco_person/train/images/000000438617.jpg,../datasets/raw/coco_person/train/labels/000000438617.txt,coco_person,000000438617,train_pool,train
000000438623.jpg,../datasets/raw/coco_person/train/images/000000438623.jpg,../datasets/raw/coco_person/train/labels/000000438623.txt,coco_person,000000438623,train_pool,train
000000438629.jpg,../datasets/raw/coco_person/train/images/000000438629.jpg,../datasets/raw/coco_person/train/labels/000000438629.txt,coco_person,000000438629,train_pool,train
000000438694.jpg,../datasets/raw/coco_person/train/images/000000438694.jpg,../datasets/raw/coco_person/train/labels/000000438694.txt,coco_person,000000438694,train_pool,train
000000439106.jpg,../datasets/raw/coco_person/train/images/000000439106.jpg,../datasets/raw/coco_person/train/labels/000000439106.txt,coco_person,000000439106,train_pool,train
000000439117.jpg,../datasets/raw/coco_person/train/images/000000439117.jpg,../datasets/raw/coco_person/train/labels/000000439117.txt,coco_person,000000439117,train_pool,train
000000439173.jpg,../datasets/raw/coco_person/train/images/000000439173.jpg,../datasets/raw/coco_person/train/labels/000000439173.txt,coco_person,000000439173,train_pool,train
000000439386.jpg,../datasets/raw/coco_person/train/images/000000439386.jpg,../datasets/raw/coco_person/train/labels/000000439386.txt,coco_person,000000439386,train_pool,train
000000439392.jpg,../datasets/raw/coco_person/train/images/000000439392.jpg,../datasets/raw/coco_person/train/labels/000000439392.txt,coco_person,000000439392,train_pool,train
000000439427.jpg,../datasets/raw/coco_person/train/images/000000439427.jpg,../datasets/raw/coco_person/train/labels/000000439427.txt,coco_person,000000439427,train_pool,train
000000439539.jpg,../datasets/raw/coco_person/train/images/000000439539.jpg,../datasets/raw/coco_person/train/labels/000000439539.txt,coco_person,000000439539,train_pool,train
000000439779.jpg,../datasets/raw/coco_person/train/images/000000439779.jpg,../datasets/raw/coco_person/train/labels/000000439779.txt,coco_person,000000439779,train_pool,train
000000439926.jpg,../datasets/raw/coco_person/train/images/000000439926.jpg,../datasets/raw/coco_person/train/labels/000000439926.txt,coco_person,000000439926,train_pool,train
000000440460.jpg,../datasets/raw/coco_person/train/images/000000440460.jpg,../datasets/raw/coco_person/train/labels/000000440460.txt,coco_person,000000440460,train_pool,train
000000440762.jpg,../datasets/raw/coco_person/train/images/000000440762.jpg,../datasets/raw/coco_person/train/labels/000000440762.txt,coco_person,000000440762,train_pool,train
000000440877.jpg,../datasets/raw/coco_person/train/images/000000440877.jpg,../datasets/raw/coco_person/train/labels/000000440877.txt,coco_person,000000440877,train_pool,train
000000441108.jpg,../datasets/raw/coco_person/train/images/000000441108.jpg,../datasets/raw/coco_person/train/labels/000000441108.txt,coco_person,000000441108,train_pool,train
000000441116.jpg,../datasets/raw/coco_person/train/images/000000441116.jpg,../datasets/raw/coco_person/train/labels/000000441116.txt,coco_person,000000441116,train_pool,train
000000441251.jpg,../datasets/raw/coco_person/train/images/000000441251.jpg,../datasets/raw/coco_person/train/labels/000000441251.txt,coco_person,000000441251,train_pool,train
000000441293.jpg,../datasets/raw/coco_person/train/images/000000441293.jpg,../datasets/raw/coco_person/train/labels/000000441293.txt,coco_person,000000441293,train_pool,train
000000441608.jpg,../datasets/raw/coco_person/train/images/000000441608.jpg,../datasets/raw/coco_person/train/labels/000000441608.txt,coco_person,000000441608,train_pool,val
000000441701.jpg,../datasets/raw/coco_person/train/images/000000441701.jpg,../datasets/raw/coco_person/train/labels/000000441701.txt,coco_person,000000441701,train_pool,train
000000441720.jpg,../datasets/raw/coco_person/train/images/000000441720.jpg,../datasets/raw/coco_person/train/labels/000000441720.txt,coco_person,000000441720,train_pool,train
000000441795.jpg,../datasets/raw/coco_person/train/images/000000441795.jpg,../datasets/raw/coco_person/train/labels/000000441795.txt,coco_person,000000441795,train_pool,train
000000441905.jpg,../datasets/raw/coco_person/train/images/000000441905.jpg,../datasets/raw/coco_person/train/labels/000000441905.txt,coco_person,000000441905,train_pool,train
000000442016.jpg,../datasets/raw/coco_person/train/images/000000442016.jpg,../datasets/raw/coco_person/train/labels/000000442016.txt,coco_person,000000442016,train_pool,train
000000442040.jpg,../datasets/raw/coco_person/train/images/000000442040.jpg,../datasets/raw/coco_person/train/labels/000000442040.txt,coco_person,000000442040,train_pool,train
000000442224.jpg,../datasets/raw/coco_person/train/images/000000442224.jpg,../datasets/raw/coco_person/train/labels/000000442224.txt,coco_person,000000442224,train_pool,train
000000442630.jpg,../datasets/raw/coco_person/train/images/000000442630.jpg,../datasets/raw/coco_person/train/labels/000000442630.txt,coco_person,000000442630,train_pool,train
000000443053.jpg,../datasets/raw/coco_person/train/images/000000443053.jpg,../datasets/raw/coco_person/train/labels/000000443053.txt,coco_person,000000443053,train_pool,train
000000443057.jpg,../datasets/raw/coco_person/train/images/000000443057.jpg,../datasets/raw/coco_person/train/labels/000000443057.txt,coco_person,000000443057,train_pool,train
000000443139.jpg,../datasets/raw/coco_person/train/images/000000443139.jpg,../datasets/raw/coco_person/train/labels/000000443139.txt,coco_person,000000443139,train_pool,train
000000443410.jpg,../datasets/raw/coco_person/train/images/000000443410.jpg,../datasets/raw/coco_person/train/labels/000000443410.txt,coco_person,000000443410,train_pool,val
000000443509.jpg,../datasets/raw/coco_person/train/images/000000443509.jpg,../datasets/raw/coco_person/train/labels/000000443509.txt,coco_person,000000443509,train_pool,val
000000443541.jpg,../datasets/raw/coco_person/train/images/000000443541.jpg,../datasets/raw/coco_person/train/labels/000000443541.txt,coco_person,000000443541,train_pool,train
000000443702.jpg,../datasets/raw/coco_person/train/images/000000443702.jpg,../datasets/raw/coco_person/train/labels/000000443702.txt,coco_person,000000443702,train_pool,train
000000443727.jpg,../datasets/raw/coco_person/train/images/000000443727.jpg,../datasets/raw/coco_person/train/labels/000000443727.txt,coco_person,000000443727,train_pool,val
000000443784.jpg,../datasets/raw/coco_person/train/images/000000443784.jpg,../datasets/raw/coco_person/train/labels/000000443784.txt,coco_person,000000443784,train_pool,train
000000443834.jpg,../datasets/raw/coco_person/train/images/000000443834.jpg,../datasets/raw/coco_person/train/labels/000000443834.txt,coco_person,000000443834,train_pool,train
000000443964.jpg,../datasets/raw/coco_person/train/images/000000443964.jpg,../datasets/raw/coco_person/train/labels/000000443964.txt,coco_person,000000443964,train_pool,train
000000444126.jpg,../datasets/raw/coco_person/train/images/000000444126.jpg,../datasets/raw/coco_person/train/labels/000000444126.txt,coco_person,000000444126,train_pool,train
000000444168.jpg,../datasets/raw/coco_person/train/images/000000444168.jpg,../datasets/raw/coco_person/train/labels/000000444168.txt,coco_person,000000444168,train_pool,train
000000444343.jpg,../datasets/raw/coco_person/train/images/000000444343.jpg,../datasets/raw/coco_person/train/labels/000000444343.txt,coco_person,000000444343,train_pool,train
000000444415.jpg,../datasets/raw/coco_person/train/images/000000444415.jpg,../datasets/raw/coco_person/train/labels/000000444415.txt,coco_person,000000444415,train_pool,train
000000444467.jpg,../datasets/raw/coco_person/train/images/000000444467.jpg,../datasets/raw/coco_person/train/labels/000000444467.txt,coco_person,000000444467,train_pool,train
000000444578.jpg,../datasets/raw/coco_person/train/images/000000444578.jpg,../datasets/raw/coco_person/train/labels/000000444578.txt,coco_person,000000444578,train_pool,train
000000444619.jpg,../datasets/raw/coco_person/train/images/000000444619.jpg,../datasets/raw/coco_person/train/labels/000000444619.txt,coco_person,000000444619,train_pool,train
000000445073.jpg,../datasets/raw/coco_person/train/images/000000445073.jpg,../datasets/raw/coco_person/train/labels/000000445073.txt,coco_person,000000445073,train_pool,train
000000445080.jpg,../datasets/raw/coco_person/train/images/000000445080.jpg,../datasets/raw/coco_person/train/labels/000000445080.txt,coco_person,000000445080,train_pool,train
000000445101.jpg,../datasets/raw/coco_person/train/images/000000445101.jpg,../datasets/raw/coco_person/train/labels/000000445101.txt,coco_person,000000445101,train_pool,train
000000445334.jpg,../datasets/raw/coco_person/train/images/000000445334.jpg,../datasets/raw/coco_person/train/labels/000000445334.txt,coco_person,000000445334,train_pool,train
000000445368.jpg,../datasets/raw/coco_person/train/images/000000445368.jpg,../datasets/raw/coco_person/train/labels/000000445368.txt,coco_person,000000445368,train_pool,val
000000445425.jpg,../datasets/raw/coco_person/train/images/000000445425.jpg,../datasets/raw/coco_person/train/labels/000000445425.txt,coco_person,000000445425,train_pool,train
000000445603.jpg,../datasets/raw/coco_person/train/images/000000445603.jpg,../datasets/raw/coco_person/train/labels/000000445603.txt,coco_person,000000445603,train_pool,train
000000445607.jpg,../datasets/raw/coco_person/train/images/000000445607.jpg,../datasets/raw/coco_person/train/labels/000000445607.txt,coco_person,000000445607,train_pool,train
000000445620.jpg,../datasets/raw/coco_person/train/images/000000445620.jpg,../datasets/raw/coco_person/train/labels/000000445620.txt,coco_person,000000445620,train_pool,train
000000445900.jpg,../datasets/raw/coco_person/train/images/000000445900.jpg,../datasets/raw/coco_person/train/labels/000000445900.txt,coco_person,000000445900,train_pool,train
000000445964.jpg,../datasets/raw/coco_person/train/images/000000445964.jpg,../datasets/raw/coco_person/train/labels/000000445964.txt,coco_person,000000445964,train_pool,train
000000446539.jpg,../datasets/raw/coco_person/train/images/000000446539.jpg,../datasets/raw/coco_person/train/labels/000000446539.txt,coco_person,000000446539,train_pool,train
000000446726.jpg,../datasets/raw/coco_person/train/images/000000446726.jpg,../datasets/raw/coco_person/train/labels/000000446726.txt,coco_person,000000446726,train_pool,train
000000446990.jpg,../datasets/raw/coco_person/train/images/000000446990.jpg,../datasets/raw/coco_person/train/labels/000000446990.txt,coco_person,000000446990,train_pool,train
000000447025.jpg,../datasets/raw/coco_person/train/images/000000447025.jpg,../datasets/raw/coco_person/train/labels/000000447025.txt,coco_person,000000447025,train_pool,train
000000447070.jpg,../datasets/raw/coco_person/train/images/000000447070.jpg,../datasets/raw/coco_person/train/labels/000000447070.txt,coco_person,000000447070,train_pool,train
000000447150.jpg,../datasets/raw/coco_person/train/images/000000447150.jpg,../datasets/raw/coco_person/train/labels/000000447150.txt,coco_person,000000447150,train_pool,train
000000447460.jpg,../datasets/raw/coco_person/train/images/000000447460.jpg,../datasets/raw/coco_person/train/labels/000000447460.txt,coco_person,000000447460,train_pool,train
000000447543.jpg,../datasets/raw/coco_person/train/images/000000447543.jpg,../datasets/raw/coco_person/train/labels/000000447543.txt,coco_person,000000447543,train_pool,train
000000447762.jpg,../datasets/raw/coco_person/train/images/000000447762.jpg,../datasets/raw/coco_person/train/labels/000000447762.txt,coco_person,000000447762,train_pool,train
000000447773.jpg,../datasets/raw/coco_person/train/images/000000447773.jpg,../datasets/raw/coco_person/train/labels/000000447773.txt,coco_person,000000447773,train_pool,train
000000447785.jpg,../datasets/raw/coco_person/train/images/000000447785.jpg,../datasets/raw/coco_person/train/labels/000000447785.txt,coco_person,000000447785,train_pool,train
000000447883.jpg,../datasets/raw/coco_person/train/images/000000447883.jpg,../datasets/raw/coco_person/train/labels/000000447883.txt,coco_person,000000447883,train_pool,train
000000448099.jpg,../datasets/raw/coco_person/train/images/000000448099.jpg,../datasets/raw/coco_person/train/labels/000000448099.txt,coco_person,000000448099,train_pool,train
000000448137.jpg,../datasets/raw/coco_person/train/images/000000448137.jpg,../datasets/raw/coco_person/train/labels/000000448137.txt,coco_person,000000448137,train_pool,train
000000448211.jpg,../datasets/raw/coco_person/train/images/000000448211.jpg,../datasets/raw/coco_person/train/labels/000000448211.txt,coco_person,000000448211,train_pool,train
000000448267.jpg,../datasets/raw/coco_person/train/images/000000448267.jpg,../datasets/raw/coco_person/train/labels/000000448267.txt,coco_person,000000448267,train_pool,train
000000448376.jpg,../datasets/raw/coco_person/train/images/000000448376.jpg,../datasets/raw/coco_person/train/labels/000000448376.txt,coco_person,000000448376,train_pool,train
000000448431.jpg,../datasets/raw/coco_person/train/images/000000448431.jpg,../datasets/raw/coco_person/train/labels/000000448431.txt,coco_person,000000448431,train_pool,train
000000448475.jpg,../datasets/raw/coco_person/train/images/000000448475.jpg,../datasets/raw/coco_person/train/labels/000000448475.txt,coco_person,000000448475,train_pool,train
000000448547.jpg,../datasets/raw/coco_person/train/images/000000448547.jpg,../datasets/raw/coco_person/train/labels/000000448547.txt,coco_person,000000448547,train_pool,train
000000448761.jpg,../datasets/raw/coco_person/train/images/000000448761.jpg,../datasets/raw/coco_person/train/labels/000000448761.txt,coco_person,000000448761,train_pool,train
000000448893.jpg,../datasets/raw/coco_person/train/images/000000448893.jpg,../datasets/raw/coco_person/train/labels/000000448893.txt,coco_person,000000448893,train_pool,train
000000449220.jpg,../datasets/raw/coco_person/train/images/000000449220.jpg,../datasets/raw/coco_person/train/labels/000000449220.txt,coco_person,000000449220,train_pool,val
000000449377.jpg,../datasets/raw/coco_person/train/images/000000449377.jpg,../datasets/raw/coco_person/train/labels/000000449377.txt,coco_person,000000449377,train_pool,train
000000449384.jpg,../datasets/raw/coco_person/train/images/000000449384.jpg,../datasets/raw/coco_person/train/labels/000000449384.txt,coco_person,000000449384,train_pool,train
000000449517.jpg,../datasets/raw/coco_person/train/images/000000449517.jpg,../datasets/raw/coco_person/train/labels/000000449517.txt,coco_person,000000449517,train_pool,train
000000449522.jpg,../datasets/raw/coco_person/train/images/000000449522.jpg,../datasets/raw/coco_person/train/labels/000000449522.txt,coco_person,000000449522,train_pool,train
000000449780.jpg,../datasets/raw/coco_person/train/images/000000449780.jpg,../datasets/raw/coco_person/train/labels/000000449780.txt,coco_person,000000449780,train_pool,train
000000449847.jpg,../datasets/raw/coco_person/train/images/000000449847.jpg,../datasets/raw/coco_person/train/labels/000000449847.txt,coco_person,000000449847,train_pool,val
000000449870.jpg,../datasets/raw/coco_person/train/images/000000449870.jpg,../datasets/raw/coco_person/train/labels/000000449870.txt,coco_person,000000449870,train_pool,train
000000450087.jpg,../datasets/raw/coco_person/train/images/000000450087.jpg,../datasets/raw/coco_person/train/labels/000000450087.txt,coco_person,000000450087,train_pool,train
000000450110.jpg,../datasets/raw/coco_person/train/images/000000450110.jpg,../datasets/raw/coco_person/train/labels/000000450110.txt,coco_person,000000450110,train_pool,train
000000450193.jpg,../datasets/raw/coco_person/train/images/000000450193.jpg,../datasets/raw/coco_person/train/labels/000000450193.txt,coco_person,000000450193,train_pool,train
000000450282.jpg,../datasets/raw/coco_person/train/images/000000450282.jpg,../datasets/raw/coco_person/train/labels/000000450282.txt,coco_person,000000450282,train_pool,train
000000450414.jpg,../datasets/raw/coco_person/train/images/000000450414.jpg,../datasets/raw/coco_person/train/labels/000000450414.txt,coco_person,000000450414,train_pool,train
000000450471.jpg,../datasets/raw/coco_person/train/images/000000450471.jpg,../datasets/raw/coco_person/train/labels/000000450471.txt,coco_person,000000450471,train_pool,val
000000450620.jpg,../datasets/raw/coco_person/train/images/000000450620.jpg,../datasets/raw/coco_person/train/labels/000000450620.txt,coco_person,000000450620,train_pool,train
000000451184.jpg,../datasets/raw/coco_person/train/images/000000451184.jpg,../datasets/raw/coco_person/train/labels/000000451184.txt,coco_person,000000451184,train_pool,train
000000451519.jpg,../datasets/raw/coco_person/train/images/000000451519.jpg,../datasets/raw/coco_person/train/labels/000000451519.txt,coco_person,000000451519,train_pool,train
000000451620.jpg,../datasets/raw/coco_person/train/images/000000451620.jpg,../datasets/raw/coco_person/train/labels/000000451620.txt,coco_person,000000451620,train_pool,train
000000451680.jpg,../datasets/raw/coco_person/train/images/000000451680.jpg,../datasets/raw/coco_person/train/labels/000000451680.txt,coco_person,000000451680,train_pool,train
000000451793.jpg,../datasets/raw/coco_person/train/images/000000451793.jpg,../datasets/raw/coco_person/train/labels/000000451793.txt,coco_person,000000451793,train_pool,train
000000452005.jpg,../datasets/raw/coco_person/train/images/000000452005.jpg,../datasets/raw/coco_person/train/labels/000000452005.txt,coco_person,000000452005,train_pool,train
000000452087.jpg,../datasets/raw/coco_person/train/images/000000452087.jpg,../datasets/raw/coco_person/train/labels/000000452087.txt,coco_person,000000452087,train_pool,train
000000452279.jpg,../datasets/raw/coco_person/train/images/000000452279.jpg,../datasets/raw/coco_person/train/labels/000000452279.txt,coco_person,000000452279,train_pool,train
000000452359.jpg,../datasets/raw/coco_person/train/images/000000452359.jpg,../datasets/raw/coco_person/train/labels/000000452359.txt,coco_person,000000452359,train_pool,train
000000452414.jpg,../datasets/raw/coco_person/train/images/000000452414.jpg,../datasets/raw/coco_person/train/labels/000000452414.txt,coco_person,000000452414,train_pool,train
000000452488.jpg,../datasets/raw/coco_person/train/images/000000452488.jpg,../datasets/raw/coco_person/train/labels/000000452488.txt,coco_person,000000452488,train_pool,val
000000452611.jpg,../datasets/raw/coco_person/train/images/000000452611.jpg,../datasets/raw/coco_person/train/labels/000000452611.txt,coco_person,000000452611,train_pool,train
000000452866.jpg,../datasets/raw/coco_person/train/images/000000452866.jpg,../datasets/raw/coco_person/train/labels/000000452866.txt,coco_person,000000452866,train_pool,train
000000452938.jpg,../datasets/raw/coco_person/train/images/000000452938.jpg,../datasets/raw/coco_person/train/labels/000000452938.txt,coco_person,000000452938,train_pool,train
000000453002.jpg,../datasets/raw/coco_person/train/images/000000453002.jpg,../datasets/raw/coco_person/train/labels/000000453002.txt,coco_person,000000453002,train_pool,train
000000453037.jpg,../datasets/raw/coco_person/train/images/000000453037.jpg,../datasets/raw/coco_person/train/labels/000000453037.txt,coco_person,000000453037,train_pool,train
000000453195.jpg,../datasets/raw/coco_person/train/images/000000453195.jpg,../datasets/raw/coco_person/train/labels/000000453195.txt,coco_person,000000453195,train_pool,val
000000453426.jpg,../datasets/raw/coco_person/train/images/000000453426.jpg,../datasets/raw/coco_person/train/labels/000000453426.txt,coco_person,000000453426,train_pool,train
000000453548.jpg,../datasets/raw/coco_person/train/images/000000453548.jpg,../datasets/raw/coco_person/train/labels/000000453548.txt,coco_person,000000453548,train_pool,train
000000453562.jpg,../datasets/raw/coco_person/train/images/000000453562.jpg,../datasets/raw/coco_person/train/labels/000000453562.txt,coco_person,000000453562,train_pool,train
000000453765.jpg,../datasets/raw/coco_person/train/images/000000453765.jpg,../datasets/raw/coco_person/train/labels/000000453765.txt,coco_person,000000453765,train_pool,train
000000453930.jpg,../datasets/raw/coco_person/train/images/000000453930.jpg,../datasets/raw/coco_person/train/labels/000000453930.txt,coco_person,000000453930,train_pool,train
000000453938.jpg,../datasets/raw/coco_person/train/images/000000453938.jpg,../datasets/raw/coco_person/train/labels/000000453938.txt,coco_person,000000453938,train_pool,train
000000454236.jpg,../datasets/raw/coco_person/train/images/000000454236.jpg,../datasets/raw/coco_person/train/labels/000000454236.txt,coco_person,000000454236,train_pool,train
000000454437.jpg,../datasets/raw/coco_person/train/images/000000454437.jpg,../datasets/raw/coco_person/train/labels/000000454437.txt,coco_person,000000454437,train_pool,train
000000454619.jpg,../datasets/raw/coco_person/train/images/000000454619.jpg,../datasets/raw/coco_person/train/labels/000000454619.txt,coco_person,000000454619,train_pool,train
000000454712.jpg,../datasets/raw/coco_person/train/images/000000454712.jpg,../datasets/raw/coco_person/train/labels/000000454712.txt,coco_person,000000454712,train_pool,val
000000454858.jpg,../datasets/raw/coco_person/train/images/000000454858.jpg,../datasets/raw/coco_person/train/labels/000000454858.txt,coco_person,000000454858,train_pool,train
000000455156.jpg,../datasets/raw/coco_person/train/images/000000455156.jpg,../datasets/raw/coco_person/train/labels/000000455156.txt,coco_person,000000455156,train_pool,train
000000455463.jpg,../datasets/raw/coco_person/train/images/000000455463.jpg,../datasets/raw/coco_person/train/labels/000000455463.txt,coco_person,000000455463,train_pool,train
000000455473.jpg,../datasets/raw/coco_person/train/images/000000455473.jpg,../datasets/raw/coco_person/train/labels/000000455473.txt,coco_person,000000455473,train_pool,train
000000455496.jpg,../datasets/raw/coco_person/train/images/000000455496.jpg,../datasets/raw/coco_person/train/labels/000000455496.txt,coco_person,000000455496,train_pool,train
000000455615.jpg,../datasets/raw/coco_person/train/images/000000455615.jpg,../datasets/raw/coco_person/train/labels/000000455615.txt,coco_person,000000455615,train_pool,train
000000455735.jpg,../datasets/raw/coco_person/train/images/000000455735.jpg,../datasets/raw/coco_person/train/labels/000000455735.txt,coco_person,000000455735,train_pool,train
000000455767.jpg,../datasets/raw/coco_person/train/images/000000455767.jpg,../datasets/raw/coco_person/train/labels/000000455767.txt,coco_person,000000455767,train_pool,train
000000456462.jpg,../datasets/raw/coco_person/train/images/000000456462.jpg,../datasets/raw/coco_person/train/labels/000000456462.txt,coco_person,000000456462,train_pool,train
000000456478.jpg,../datasets/raw/coco_person/train/images/000000456478.jpg,../datasets/raw/coco_person/train/labels/000000456478.txt,coco_person,000000456478,train_pool,train
000000456679.jpg,../datasets/raw/coco_person/train/images/000000456679.jpg,../datasets/raw/coco_person/train/labels/000000456679.txt,coco_person,000000456679,train_pool,train
000000456972.jpg,../datasets/raw/coco_person/train/images/000000456972.jpg,../datasets/raw/coco_person/train/labels/000000456972.txt,coco_person,000000456972,train_pool,train
000000457011.jpg,../datasets/raw/coco_person/train/images/000000457011.jpg,../datasets/raw/coco_person/train/labels/000000457011.txt,coco_person,000000457011,train_pool,train
000000457169.jpg,../datasets/raw/coco_person/train/images/000000457169.jpg,../datasets/raw/coco_person/train/labels/000000457169.txt,coco_person,000000457169,train_pool,train
000000457191.jpg,../datasets/raw/coco_person/train/images/000000457191.jpg,../datasets/raw/coco_person/train/labels/000000457191.txt,coco_person,000000457191,train_pool,train
000000457207.jpg,../datasets/raw/coco_person/train/images/000000457207.jpg,../datasets/raw/coco_person/train/labels/000000457207.txt,coco_person,000000457207,train_pool,train
000000457271.jpg,../datasets/raw/coco_person/train/images/000000457271.jpg,../datasets/raw/coco_person/train/labels/000000457271.txt,coco_person,000000457271,train_pool,train
000000457741.jpg,../datasets/raw/coco_person/train/images/000000457741.jpg,../datasets/raw/coco_person/train/labels/000000457741.txt,coco_person,000000457741,train_pool,val
000000457774.jpg,../datasets/raw/coco_person/train/images/000000457774.jpg,../datasets/raw/coco_person/train/labels/000000457774.txt,coco_person,000000457774,train_pool,val
000000457861.jpg,../datasets/raw/coco_person/train/images/000000457861.jpg,../datasets/raw/coco_person/train/labels/000000457861.txt,coco_person,000000457861,train_pool,train
000000458027.jpg,../datasets/raw/coco_person/train/images/000000458027.jpg,../datasets/raw/coco_person/train/labels/000000458027.txt,coco_person,000000458027,train_pool,train
000000458412.jpg,../datasets/raw/coco_person/train/images/000000458412.jpg,../datasets/raw/coco_person/train/labels/000000458412.txt,coco_person,000000458412,train_pool,train
000000458606.jpg,../datasets/raw/coco_person/train/images/000000458606.jpg,../datasets/raw/coco_person/train/labels/000000458606.txt,coco_person,000000458606,train_pool,train
000000458654.jpg,../datasets/raw/coco_person/train/images/000000458654.jpg,../datasets/raw/coco_person/train/labels/000000458654.txt,coco_person,000000458654,train_pool,train
000000458864.jpg,../datasets/raw/coco_person/train/images/000000458864.jpg,../datasets/raw/coco_person/train/labels/000000458864.txt,coco_person,000000458864,train_pool,train
000000459117.jpg,../datasets/raw/coco_person/train/images/000000459117.jpg,../datasets/raw/coco_person/train/labels/000000459117.txt,coco_person,000000459117,train_pool,val
000000459209.jpg,../datasets/raw/coco_person/train/images/000000459209.jpg,../datasets/raw/coco_person/train/labels/000000459209.txt,coco_person,000000459209,train_pool,train
000000459680.jpg,../datasets/raw/coco_person/train/images/000000459680.jpg,../datasets/raw/coco_person/train/labels/000000459680.txt,coco_person,000000459680,train_pool,train
000000459733.jpg,../datasets/raw/coco_person/train/images/000000459733.jpg,../datasets/raw/coco_person/train/labels/000000459733.txt,coco_person,000000459733,train_pool,train
000000459767.jpg,../datasets/raw/coco_person/train/images/000000459767.jpg,../datasets/raw/coco_person/train/labels/000000459767.txt,coco_person,000000459767,train_pool,train
000000459801.jpg,../datasets/raw/coco_person/train/images/000000459801.jpg,../datasets/raw/coco_person/train/labels/000000459801.txt,coco_person,000000459801,train_pool,train
000000460222.jpg,../datasets/raw/coco_person/train/images/000000460222.jpg,../datasets/raw/coco_person/train/labels/000000460222.txt,coco_person,000000460222,train_pool,train
000000460343.jpg,../datasets/raw/coco_person/train/images/000000460343.jpg,../datasets/raw/coco_person/train/labels/000000460343.txt,coco_person,000000460343,train_pool,train
000000460454.jpg,../datasets/raw/coco_person/train/images/000000460454.jpg,../datasets/raw/coco_person/train/labels/000000460454.txt,coco_person,000000460454,train_pool,train
000000460903.jpg,../datasets/raw/coco_person/train/images/000000460903.jpg,../datasets/raw/coco_person/train/labels/000000460903.txt,coco_person,000000460903,train_pool,train
000000460996.jpg,../datasets/raw/coco_person/train/images/000000460996.jpg,../datasets/raw/coco_person/train/labels/000000460996.txt,coco_person,000000460996,train_pool,train
000000461099.jpg,../datasets/raw/coco_person/train/images/000000461099.jpg,../datasets/raw/coco_person/train/labels/000000461099.txt,coco_person,000000461099,train_pool,train
000000461222.jpg,../datasets/raw/coco_person/train/images/000000461222.jpg,../datasets/raw/coco_person/train/labels/000000461222.txt,coco_person,000000461222,train_pool,train
000000461256.jpg,../datasets/raw/coco_person/train/images/000000461256.jpg,../datasets/raw/coco_person/train/labels/000000461256.txt,coco_person,000000461256,train_pool,train
000000461286.jpg,../datasets/raw/coco_person/train/images/000000461286.jpg,../datasets/raw/coco_person/train/labels/000000461286.txt,coco_person,000000461286,train_pool,train
000000461447.jpg,../datasets/raw/coco_person/train/images/000000461447.jpg,../datasets/raw/coco_person/train/labels/000000461447.txt,coco_person,000000461447,train_pool,train
000000461517.jpg,../datasets/raw/coco_person/train/images/000000461517.jpg,../datasets/raw/coco_person/train/labels/000000461517.txt,coco_person,000000461517,train_pool,train
000000461567.jpg,../datasets/raw/coco_person/train/images/000000461567.jpg,../datasets/raw/coco_person/train/labels/000000461567.txt,coco_person,000000461567,train_pool,train
000000461753.jpg,../datasets/raw/coco_person/train/images/000000461753.jpg,../datasets/raw/coco_person/train/labels/000000461753.txt,coco_person,000000461753,train_pool,train
000000461802.jpg,../datasets/raw/coco_person/train/images/000000461802.jpg,../datasets/raw/coco_person/train/labels/000000461802.txt,coco_person,000000461802,train_pool,train
000000462011.jpg,../datasets/raw/coco_person/train/images/000000462011.jpg,../datasets/raw/coco_person/train/labels/000000462011.txt,coco_person,000000462011,train_pool,train
000000462065.jpg,../datasets/raw/coco_person/train/images/000000462065.jpg,../datasets/raw/coco_person/train/labels/000000462065.txt,coco_person,000000462065,train_pool,train
000000462114.jpg,../datasets/raw/coco_person/train/images/000000462114.jpg,../datasets/raw/coco_person/train/labels/000000462114.txt,coco_person,000000462114,train_pool,train
000000462298.jpg,../datasets/raw/coco_person/train/images/000000462298.jpg,../datasets/raw/coco_person/train/labels/000000462298.txt,coco_person,000000462298,train_pool,train
000000462492.jpg,../datasets/raw/coco_person/train/images/000000462492.jpg,../datasets/raw/coco_person/train/labels/000000462492.txt,coco_person,000000462492,train_pool,train
000000462849.jpg,../datasets/raw/coco_person/train/images/000000462849.jpg,../datasets/raw/coco_person/train/labels/000000462849.txt,coco_person,000000462849,train_pool,train
000000463347.jpg,../datasets/raw/coco_person/train/images/000000463347.jpg,../datasets/raw/coco_person/train/labels/000000463347.txt,coco_person,000000463347,train_pool,train
000000463414.jpg,../datasets/raw/coco_person/train/images/000000463414.jpg,../datasets/raw/coco_person/train/labels/000000463414.txt,coco_person,000000463414,train_pool,train
000000463426.jpg,../datasets/raw/coco_person/train/images/000000463426.jpg,../datasets/raw/coco_person/train/labels/000000463426.txt,coco_person,000000463426,train_pool,train
000000463505.jpg,../datasets/raw/coco_person/train/images/000000463505.jpg,../datasets/raw/coco_person/train/labels/000000463505.txt,coco_person,000000463505,train_pool,val
000000463649.jpg,../datasets/raw/coco_person/train/images/000000463649.jpg,../datasets/raw/coco_person/train/labels/000000463649.txt,coco_person,000000463649,train_pool,train
000000463778.jpg,../datasets/raw/coco_person/train/images/000000463778.jpg,../datasets/raw/coco_person/train/labels/000000463778.txt,coco_person,000000463778,train_pool,train
000000463823.jpg,../datasets/raw/coco_person/train/images/000000463823.jpg,../datasets/raw/coco_person/train/labels/000000463823.txt,coco_person,000000463823,train_pool,train
000000464032.jpg,../datasets/raw/coco_person/train/images/000000464032.jpg,../datasets/raw/coco_person/train/labels/000000464032.txt,coco_person,000000464032,train_pool,train
000000464214.jpg,../datasets/raw/coco_person/train/images/000000464214.jpg,../datasets/raw/coco_person/train/labels/000000464214.txt,coco_person,000000464214,train_pool,train
000000464265.jpg,../datasets/raw/coco_person/train/images/000000464265.jpg,../datasets/raw/coco_person/train/labels/000000464265.txt,coco_person,000000464265,train_pool,train
000000464283.jpg,../datasets/raw/coco_person/train/images/000000464283.jpg,../datasets/raw/coco_person/train/labels/000000464283.txt,coco_person,000000464283,train_pool,train
000000464317.jpg,../datasets/raw/coco_person/train/images/000000464317.jpg,../datasets/raw/coco_person/train/labels/000000464317.txt,coco_person,000000464317,train_pool,train
000000464490.jpg,../datasets/raw/coco_person/train/images/000000464490.jpg,../datasets/raw/coco_person/train/labels/000000464490.txt,coco_person,000000464490,train_pool,train
000000464781.jpg,../datasets/raw/coco_person/train/images/000000464781.jpg,../datasets/raw/coco_person/train/labels/000000464781.txt,coco_person,000000464781,train_pool,train
000000464895.jpg,../datasets/raw/coco_person/train/images/000000464895.jpg,../datasets/raw/coco_person/train/labels/000000464895.txt,coco_person,000000464895,train_pool,train
000000464967.jpg,../datasets/raw/coco_person/train/images/000000464967.jpg,../datasets/raw/coco_person/train/labels/000000464967.txt,coco_person,000000464967,train_pool,val
000000465101.jpg,../datasets/raw/coco_person/train/images/000000465101.jpg,../datasets/raw/coco_person/train/labels/000000465101.txt,coco_person,000000465101,train_pool,train
000000465181.jpg,../datasets/raw/coco_person/train/images/000000465181.jpg,../datasets/raw/coco_person/train/labels/000000465181.txt,coco_person,000000465181,train_pool,train
000000465489.jpg,../datasets/raw/coco_person/train/images/000000465489.jpg,../datasets/raw/coco_person/train/labels/000000465489.txt,coco_person,000000465489,train_pool,train
000000465507.jpg,../datasets/raw/coco_person/train/images/000000465507.jpg,../datasets/raw/coco_person/train/labels/000000465507.txt,coco_person,000000465507,train_pool,train
000000465575.jpg,../datasets/raw/coco_person/train/images/000000465575.jpg,../datasets/raw/coco_person/train/labels/000000465575.txt,coco_person,000000465575,train_pool,train
000000465595.jpg,../datasets/raw/coco_person/train/images/000000465595.jpg,../datasets/raw/coco_person/train/labels/000000465595.txt,coco_person,000000465595,train_pool,train
000000465735.jpg,../datasets/raw/coco_person/train/images/000000465735.jpg,../datasets/raw/coco_person/train/labels/000000465735.txt,coco_person,000000465735,train_pool,train
000000465824.jpg,../datasets/raw/coco_person/train/images/000000465824.jpg,../datasets/raw/coco_person/train/labels/000000465824.txt,coco_person,000000465824,train_pool,train
000000465879.jpg,../datasets/raw/coco_person/train/images/000000465879.jpg,../datasets/raw/coco_person/train/labels/000000465879.txt,coco_person,000000465879,train_pool,train
000000465911.jpg,../datasets/raw/coco_person/train/images/000000465911.jpg,../datasets/raw/coco_person/train/labels/000000465911.txt,coco_person,000000465911,train_pool,train
000000465945.jpg,../datasets/raw/coco_person/train/images/000000465945.jpg,../datasets/raw/coco_person/train/labels/000000465945.txt,coco_person,000000465945,train_pool,train
000000466134.jpg,../datasets/raw/coco_person/train/images/000000466134.jpg,../datasets/raw/coco_person/train/labels/000000466134.txt,coco_person,000000466134,train_pool,train
000000466460.jpg,../datasets/raw/coco_person/train/images/000000466460.jpg,../datasets/raw/coco_person/train/labels/000000466460.txt,coco_person,000000466460,train_pool,val
000000466828.jpg,../datasets/raw/coco_person/train/images/000000466828.jpg,../datasets/raw/coco_person/train/labels/000000466828.txt,coco_person,000000466828,train_pool,train
000000466964.jpg,../datasets/raw/coco_person/train/images/000000466964.jpg,../datasets/raw/coco_person/train/labels/000000466964.txt,coco_person,000000466964,train_pool,train
000000466971.jpg,../datasets/raw/coco_person/train/images/000000466971.jpg,../datasets/raw/coco_person/train/labels/000000466971.txt,coco_person,000000466971,train_pool,train
000000467000.jpg,../datasets/raw/coco_person/train/images/000000467000.jpg,../datasets/raw/coco_person/train/labels/000000467000.txt,coco_person,000000467000,train_pool,train
000000467116.jpg,../datasets/raw/coco_person/train/images/000000467116.jpg,../datasets/raw/coco_person/train/labels/000000467116.txt,coco_person,000000467116,train_pool,train
000000467193.jpg,../datasets/raw/coco_person/train/images/000000467193.jpg,../datasets/raw/coco_person/train/labels/000000467193.txt,coco_person,000000467193,train_pool,val
000000467246.jpg,../datasets/raw/coco_person/train/images/000000467246.jpg,../datasets/raw/coco_person/train/labels/000000467246.txt,coco_person,000000467246,train_pool,train
000000467256.jpg,../datasets/raw/coco_person/train/images/000000467256.jpg,../datasets/raw/coco_person/train/labels/000000467256.txt,coco_person,000000467256,train_pool,train
000000467273.jpg,../datasets/raw/coco_person/train/images/000000467273.jpg,../datasets/raw/coco_person/train/labels/000000467273.txt,coco_person,000000467273,train_pool,val
000000467300.jpg,../datasets/raw/coco_person/train/images/000000467300.jpg,../datasets/raw/coco_person/train/labels/000000467300.txt,coco_person,000000467300,train_pool,val
000000467696.jpg,../datasets/raw/coco_person/train/images/000000467696.jpg,../datasets/raw/coco_person/train/labels/000000467696.txt,coco_person,000000467696,train_pool,train
000000468137.jpg,../datasets/raw/coco_person/train/images/000000468137.jpg,../datasets/raw/coco_person/train/labels/000000468137.txt,coco_person,000000468137,train_pool,train
000000468161.jpg,../datasets/raw/coco_person/train/images/000000468161.jpg,../datasets/raw/coco_person/train/labels/000000468161.txt,coco_person,000000468161,train_pool,train
000000468345.jpg,../datasets/raw/coco_person/train/images/000000468345.jpg,../datasets/raw/coco_person/train/labels/000000468345.txt,coco_person,000000468345,train_pool,train
000000468393.jpg,../datasets/raw/coco_person/train/images/000000468393.jpg,../datasets/raw/coco_person/train/labels/000000468393.txt,coco_person,000000468393,train_pool,train
000000468602.jpg,../datasets/raw/coco_person/train/images/000000468602.jpg,../datasets/raw/coco_person/train/labels/000000468602.txt,coco_person,000000468602,train_pool,train
000000468760.jpg,../datasets/raw/coco_person/train/images/000000468760.jpg,../datasets/raw/coco_person/train/labels/000000468760.txt,coco_person,000000468760,train_pool,train
000000468841.jpg,../datasets/raw/coco_person/train/images/000000468841.jpg,../datasets/raw/coco_person/train/labels/000000468841.txt,coco_person,000000468841,train_pool,train
000000468896.jpg,../datasets/raw/coco_person/train/images/000000468896.jpg,../datasets/raw/coco_person/train/labels/000000468896.txt,coco_person,000000468896,train_pool,val
000000469026.jpg,../datasets/raw/coco_person/train/images/000000469026.jpg,../datasets/raw/coco_person/train/labels/000000469026.txt,coco_person,000000469026,train_pool,train
000000469145.jpg,../datasets/raw/coco_person/train/images/000000469145.jpg,../datasets/raw/coco_person/train/labels/000000469145.txt,coco_person,000000469145,train_pool,train
000000469160.jpg,../datasets/raw/coco_person/train/images/000000469160.jpg,../datasets/raw/coco_person/train/labels/000000469160.txt,coco_person,000000469160,train_pool,train
000000469170.jpg,../datasets/raw/coco_person/train/images/000000469170.jpg,../datasets/raw/coco_person/train/labels/000000469170.txt,coco_person,000000469170,train_pool,val
000000469260.jpg,../datasets/raw/coco_person/train/images/000000469260.jpg,../datasets/raw/coco_person/train/labels/000000469260.txt,coco_person,000000469260,train_pool,train
000000469330.jpg,../datasets/raw/coco_person/train/images/000000469330.jpg,../datasets/raw/coco_person/train/labels/000000469330.txt,coco_person,000000469330,train_pool,train
000000469961.jpg,../datasets/raw/coco_person/train/images/000000469961.jpg,../datasets/raw/coco_person/train/labels/000000469961.txt,coco_person,000000469961,train_pool,train
000000470189.jpg,../datasets/raw/coco_person/train/images/000000470189.jpg,../datasets/raw/coco_person/train/labels/000000470189.txt,coco_person,000000470189,train_pool,val
000000470632.jpg,../datasets/raw/coco_person/train/images/000000470632.jpg,../datasets/raw/coco_person/train/labels/000000470632.txt,coco_person,000000470632,train_pool,train
000000470832.jpg,../datasets/raw/coco_person/train/images/000000470832.jpg,../datasets/raw/coco_person/train/labels/000000470832.txt,coco_person,000000470832,train_pool,train
000000470972.jpg,../datasets/raw/coco_person/train/images/000000470972.jpg,../datasets/raw/coco_person/train/labels/000000470972.txt,coco_person,000000470972,train_pool,val
000000471325.jpg,../datasets/raw/coco_person/train/images/000000471325.jpg,../datasets/raw/coco_person/train/labels/000000471325.txt,coco_person,000000471325,train_pool,train
000000471352.jpg,../datasets/raw/coco_person/train/images/000000471352.jpg,../datasets/raw/coco_person/train/labels/000000471352.txt,coco_person,000000471352,train_pool,train
000000471421.jpg,../datasets/raw/coco_person/train/images/000000471421.jpg,../datasets/raw/coco_person/train/labels/000000471421.txt,coco_person,000000471421,train_pool,train
000000471647.jpg,../datasets/raw/coco_person/train/images/000000471647.jpg,../datasets/raw/coco_person/train/labels/000000471647.txt,coco_person,000000471647,train_pool,train
000000471686.jpg,../datasets/raw/coco_person/train/images/000000471686.jpg,../datasets/raw/coco_person/train/labels/000000471686.txt,coco_person,000000471686,train_pool,train
000000471773.jpg,../datasets/raw/coco_person/train/images/000000471773.jpg,../datasets/raw/coco_person/train/labels/000000471773.txt,coco_person,000000471773,train_pool,train
000000471824.jpg,../datasets/raw/coco_person/train/images/000000471824.jpg,../datasets/raw/coco_person/train/labels/000000471824.txt,coco_person,000000471824,train_pool,val
000000471825.jpg,../datasets/raw/coco_person/train/images/000000471825.jpg,../datasets/raw/coco_person/train/labels/000000471825.txt,coco_person,000000471825,train_pool,val
000000471881.jpg,../datasets/raw/coco_person/train/images/000000471881.jpg,../datasets/raw/coco_person/train/labels/000000471881.txt,coco_person,000000471881,train_pool,train
000000472502.jpg,../datasets/raw/coco_person/train/images/000000472502.jpg,../datasets/raw/coco_person/train/labels/000000472502.txt,coco_person,000000472502,train_pool,train
000000472630.jpg,../datasets/raw/coco_person/train/images/000000472630.jpg,../datasets/raw/coco_person/train/labels/000000472630.txt,coco_person,000000472630,train_pool,train
000000473002.jpg,../datasets/raw/coco_person/train/images/000000473002.jpg,../datasets/raw/coco_person/train/labels/000000473002.txt,coco_person,000000473002,train_pool,train
000000473103.jpg,../datasets/raw/coco_person/train/images/000000473103.jpg,../datasets/raw/coco_person/train/labels/000000473103.txt,coco_person,000000473103,train_pool,train
000000473231.jpg,../datasets/raw/coco_person/train/images/000000473231.jpg,../datasets/raw/coco_person/train/labels/000000473231.txt,coco_person,000000473231,train_pool,train
000000473281.jpg,../datasets/raw/coco_person/train/images/000000473281.jpg,../datasets/raw/coco_person/train/labels/000000473281.txt,coco_person,000000473281,train_pool,train
000000473466.jpg,../datasets/raw/coco_person/train/images/000000473466.jpg,../datasets/raw/coco_person/train/labels/000000473466.txt,coco_person,000000473466,train_pool,train
000000473631.jpg,../datasets/raw/coco_person/train/images/000000473631.jpg,../datasets/raw/coco_person/train/labels/000000473631.txt,coco_person,000000473631,train_pool,train
000000473776.jpg,../datasets/raw/coco_person/train/images/000000473776.jpg,../datasets/raw/coco_person/train/labels/000000473776.txt,coco_person,000000473776,train_pool,train
000000473918.jpg,../datasets/raw/coco_person/train/images/000000473918.jpg,../datasets/raw/coco_person/train/labels/000000473918.txt,coco_person,000000473918,train_pool,train
000000473983.jpg,../datasets/raw/coco_person/train/images/000000473983.jpg,../datasets/raw/coco_person/train/labels/000000473983.txt,coco_person,000000473983,train_pool,train
000000474006.jpg,../datasets/raw/coco_person/train/images/000000474006.jpg,../datasets/raw/coco_person/train/labels/000000474006.txt,coco_person,000000474006,train_pool,train
000000474012.jpg,../datasets/raw/coco_person/train/images/000000474012.jpg,../datasets/raw/coco_person/train/labels/000000474012.txt,coco_person,000000474012,train_pool,val
000000474024.jpg,../datasets/raw/coco_person/train/images/000000474024.jpg,../datasets/raw/coco_person/train/labels/000000474024.txt,coco_person,000000474024,train_pool,val
000000474233.jpg,../datasets/raw/coco_person/train/images/000000474233.jpg,../datasets/raw/coco_person/train/labels/000000474233.txt,coco_person,000000474233,train_pool,train
000000474253.jpg,../datasets/raw/coco_person/train/images/000000474253.jpg,../datasets/raw/coco_person/train/labels/000000474253.txt,coco_person,000000474253,train_pool,val
000000475001.jpg,../datasets/raw/coco_person/train/images/000000475001.jpg,../datasets/raw/coco_person/train/labels/000000475001.txt,coco_person,000000475001,train_pool,train
000000475037.jpg,../datasets/raw/coco_person/train/images/000000475037.jpg,../datasets/raw/coco_person/train/labels/000000475037.txt,coco_person,000000475037,train_pool,train
000000475053.jpg,../datasets/raw/coco_person/train/images/000000475053.jpg,../datasets/raw/coco_person/train/labels/000000475053.txt,coco_person,000000475053,train_pool,train
000000475055.jpg,../datasets/raw/coco_person/train/images/000000475055.jpg,../datasets/raw/coco_person/train/labels/000000475055.txt,coco_person,000000475055,train_pool,val
000000475578.jpg,../datasets/raw/coco_person/train/images/000000475578.jpg,../datasets/raw/coco_person/train/labels/000000475578.txt,coco_person,000000475578,train_pool,train
000000475588.jpg,../datasets/raw/coco_person/train/images/000000475588.jpg,../datasets/raw/coco_person/train/labels/000000475588.txt,coco_person,000000475588,train_pool,train
000000475710.jpg,../datasets/raw/coco_person/train/images/000000475710.jpg,../datasets/raw/coco_person/train/labels/000000475710.txt,coco_person,000000475710,train_pool,train
000000475774.jpg,../datasets/raw/coco_person/train/images/000000475774.jpg,../datasets/raw/coco_person/train/labels/000000475774.txt,coco_person,000000475774,train_pool,train
000000475856.jpg,../datasets/raw/coco_person/train/images/000000475856.jpg,../datasets/raw/coco_person/train/labels/000000475856.txt,coco_person,000000475856,train_pool,train
000000475932.jpg,../datasets/raw/coco_person/train/images/000000475932.jpg,../datasets/raw/coco_person/train/labels/000000475932.txt,coco_person,000000475932,train_pool,train
000000475998.jpg,../datasets/raw/coco_person/train/images/000000475998.jpg,../datasets/raw/coco_person/train/labels/000000475998.txt,coco_person,000000475998,train_pool,train
000000476160.jpg,../datasets/raw/coco_person/train/images/000000476160.jpg,../datasets/raw/coco_person/train/labels/000000476160.txt,coco_person,000000476160,train_pool,train
000000476233.jpg,../datasets/raw/coco_person/train/images/000000476233.jpg,../datasets/raw/coco_person/train/labels/000000476233.txt,coco_person,000000476233,train_pool,train
000000476651.jpg,../datasets/raw/coco_person/train/images/000000476651.jpg,../datasets/raw/coco_person/train/labels/000000476651.txt,coco_person,000000476651,train_pool,val
000000476802.jpg,../datasets/raw/coco_person/train/images/000000476802.jpg,../datasets/raw/coco_person/train/labels/000000476802.txt,coco_person,000000476802,train_pool,train
000000476893.jpg,../datasets/raw/coco_person/train/images/000000476893.jpg,../datasets/raw/coco_person/train/labels/000000476893.txt,coco_person,000000476893,train_pool,val
000000477193.jpg,../datasets/raw/coco_person/train/images/000000477193.jpg,../datasets/raw/coco_person/train/labels/000000477193.txt,coco_person,000000477193,train_pool,val
000000477351.jpg,../datasets/raw/coco_person/train/images/000000477351.jpg,../datasets/raw/coco_person/train/labels/000000477351.txt,coco_person,000000477351,train_pool,train
000000477408.jpg,../datasets/raw/coco_person/train/images/000000477408.jpg,../datasets/raw/coco_person/train/labels/000000477408.txt,coco_person,000000477408,train_pool,train
000000477415.jpg,../datasets/raw/coco_person/train/images/000000477415.jpg,../datasets/raw/coco_person/train/labels/000000477415.txt,coco_person,000000477415,train_pool,train
000000477555.jpg,../datasets/raw/coco_person/train/images/000000477555.jpg,../datasets/raw/coco_person/train/labels/000000477555.txt,coco_person,000000477555,train_pool,train
000000477598.jpg,../datasets/raw/coco_person/train/images/000000477598.jpg,../datasets/raw/coco_person/train/labels/000000477598.txt,coco_person,000000477598,train_pool,train
000000477658.jpg,../datasets/raw/coco_person/train/images/000000477658.jpg,../datasets/raw/coco_person/train/labels/000000477658.txt,coco_person,000000477658,train_pool,train
000000477672.jpg,../datasets/raw/coco_person/train/images/000000477672.jpg,../datasets/raw/coco_person/train/labels/000000477672.txt,coco_person,000000477672,train_pool,train
000000477797.jpg,../datasets/raw/coco_person/train/images/000000477797.jpg,../datasets/raw/coco_person/train/labels/000000477797.txt,coco_person,000000477797,train_pool,train
000000477800.jpg,../datasets/raw/coco_person/train/images/000000477800.jpg,../datasets/raw/coco_person/train/labels/000000477800.txt,coco_person,000000477800,train_pool,train
000000477988.jpg,../datasets/raw/coco_person/train/images/000000477988.jpg,../datasets/raw/coco_person/train/labels/000000477988.txt,coco_person,000000477988,train_pool,train
000000478485.jpg,../datasets/raw/coco_person/train/images/000000478485.jpg,../datasets/raw/coco_person/train/labels/000000478485.txt,coco_person,000000478485,train_pool,train
000000478811.jpg,../datasets/raw/coco_person/train/images/000000478811.jpg,../datasets/raw/coco_person/train/labels/000000478811.txt,coco_person,000000478811,train_pool,train
000000478812.jpg,../datasets/raw/coco_person/train/images/000000478812.jpg,../datasets/raw/coco_person/train/labels/000000478812.txt,coco_person,000000478812,train_pool,train
000000479054.jpg,../datasets/raw/coco_person/train/images/000000479054.jpg,../datasets/raw/coco_person/train/labels/000000479054.txt,coco_person,000000479054,train_pool,train
000000479272.jpg,../datasets/raw/coco_person/train/images/000000479272.jpg,../datasets/raw/coco_person/train/labels/000000479272.txt,coco_person,000000479272,train_pool,val
000000479379.jpg,../datasets/raw/coco_person/train/images/000000479379.jpg,../datasets/raw/coco_person/train/labels/000000479379.txt,coco_person,000000479379,train_pool,train
000000479388.jpg,../datasets/raw/coco_person/train/images/000000479388.jpg,../datasets/raw/coco_person/train/labels/000000479388.txt,coco_person,000000479388,train_pool,val
000000479466.jpg,../datasets/raw/coco_person/train/images/000000479466.jpg,../datasets/raw/coco_person/train/labels/000000479466.txt,coco_person,000000479466,train_pool,val
000000479620.jpg,../datasets/raw/coco_person/train/images/000000479620.jpg,../datasets/raw/coco_person/train/labels/000000479620.txt,coco_person,000000479620,train_pool,train
000000479944.jpg,../datasets/raw/coco_person/train/images/000000479944.jpg,../datasets/raw/coco_person/train/labels/000000479944.txt,coco_person,000000479944,train_pool,train
000000480000.jpg,../datasets/raw/coco_person/train/images/000000480000.jpg,../datasets/raw/coco_person/train/labels/000000480000.txt,coco_person,000000480000,train_pool,train
000000480075.jpg,../datasets/raw/coco_person/train/images/000000480075.jpg,../datasets/raw/coco_person/train/labels/000000480075.txt,coco_person,000000480075,train_pool,train
000000480376.jpg,../datasets/raw/coco_person/train/images/000000480376.jpg,../datasets/raw/coco_person/train/labels/000000480376.txt,coco_person,000000480376,train_pool,train
000000480582.jpg,../datasets/raw/coco_person/train/images/000000480582.jpg,../datasets/raw/coco_person/train/labels/000000480582.txt,coco_person,000000480582,train_pool,train
000000480624.jpg,../datasets/raw/coco_person/train/images/000000480624.jpg,../datasets/raw/coco_person/train/labels/000000480624.txt,coco_person,000000480624,train_pool,val
000000480682.jpg,../datasets/raw/coco_person/train/images/000000480682.jpg,../datasets/raw/coco_person/train/labels/000000480682.txt,coco_person,000000480682,train_pool,train
000000480726.jpg,../datasets/raw/coco_person/train/images/000000480726.jpg,../datasets/raw/coco_person/train/labels/000000480726.txt,coco_person,000000480726,train_pool,train
000000481702.jpg,../datasets/raw/coco_person/train/images/000000481702.jpg,../datasets/raw/coco_person/train/labels/000000481702.txt,coco_person,000000481702,train_pool,train
000000481793.jpg,../datasets/raw/coco_person/train/images/000000481793.jpg,../datasets/raw/coco_person/train/labels/000000481793.txt,coco_person,000000481793,train_pool,train
000000481821.jpg,../datasets/raw/coco_person/train/images/000000481821.jpg,../datasets/raw/coco_person/train/labels/000000481821.txt,coco_person,000000481821,train_pool,train
000000481954.jpg,../datasets/raw/coco_person/train/images/000000481954.jpg,../datasets/raw/coco_person/train/labels/000000481954.txt,coco_person,000000481954,train_pool,train
000000481971.jpg,../datasets/raw/coco_person/train/images/000000481971.jpg,../datasets/raw/coco_person/train/labels/000000481971.txt,coco_person,000000481971,train_pool,train
000000482439.jpg,../datasets/raw/coco_person/train/images/000000482439.jpg,../datasets/raw/coco_person/train/labels/000000482439.txt,coco_person,000000482439,train_pool,train
000000482454.jpg,../datasets/raw/coco_person/train/images/000000482454.jpg,../datasets/raw/coco_person/train/labels/000000482454.txt,coco_person,000000482454,train_pool,train
000000482464.jpg,../datasets/raw/coco_person/train/images/000000482464.jpg,../datasets/raw/coco_person/train/labels/000000482464.txt,coco_person,000000482464,train_pool,train
000000482474.jpg,../datasets/raw/coco_person/train/images/000000482474.jpg,../datasets/raw/coco_person/train/labels/000000482474.txt,coco_person,000000482474,train_pool,train
000000482699.jpg,../datasets/raw/coco_person/train/images/000000482699.jpg,../datasets/raw/coco_person/train/labels/000000482699.txt,coco_person,000000482699,train_pool,val
000000483000.jpg,../datasets/raw/coco_person/train/images/000000483000.jpg,../datasets/raw/coco_person/train/labels/000000483000.txt,coco_person,000000483000,train_pool,train
000000483008.jpg,../datasets/raw/coco_person/train/images/000000483008.jpg,../datasets/raw/coco_person/train/labels/000000483008.txt,coco_person,000000483008,train_pool,train
000000483038.jpg,../datasets/raw/coco_person/train/images/000000483038.jpg,../datasets/raw/coco_person/train/labels/000000483038.txt,coco_person,000000483038,train_pool,train
000000483048.jpg,../datasets/raw/coco_person/train/images/000000483048.jpg,../datasets/raw/coco_person/train/labels/000000483048.txt,coco_person,000000483048,train_pool,train
000000483306.jpg,../datasets/raw/coco_person/train/images/000000483306.jpg,../datasets/raw/coco_person/train/labels/000000483306.txt,coco_person,000000483306,train_pool,train
000000483695.jpg,../datasets/raw/coco_person/train/images/000000483695.jpg,../datasets/raw/coco_person/train/labels/000000483695.txt,coco_person,000000483695,train_pool,train
000000484066.jpg,../datasets/raw/coco_person/train/images/000000484066.jpg,../datasets/raw/coco_person/train/labels/000000484066.txt,coco_person,000000484066,train_pool,train
000000484113.jpg,../datasets/raw/coco_person/train/images/000000484113.jpg,../datasets/raw/coco_person/train/labels/000000484113.txt,coco_person,000000484113,train_pool,val
000000484289.jpg,../datasets/raw/coco_person/train/images/000000484289.jpg,../datasets/raw/coco_person/train/labels/000000484289.txt,coco_person,000000484289,train_pool,train
000000484371.jpg,../datasets/raw/coco_person/train/images/000000484371.jpg,../datasets/raw/coco_person/train/labels/000000484371.txt,coco_person,000000484371,train_pool,val
000000484386.jpg,../datasets/raw/coco_person/train/images/000000484386.jpg,../datasets/raw/coco_person/train/labels/000000484386.txt,coco_person,000000484386,train_pool,val
000000484562.jpg,../datasets/raw/coco_person/train/images/000000484562.jpg,../datasets/raw/coco_person/train/labels/000000484562.txt,coco_person,000000484562,train_pool,train
000000484700.jpg,../datasets/raw/coco_person/train/images/000000484700.jpg,../datasets/raw/coco_person/train/labels/000000484700.txt,coco_person,000000484700,train_pool,train
000000485509.jpg,../datasets/raw/coco_person/train/images/000000485509.jpg,../datasets/raw/coco_person/train/labels/000000485509.txt,coco_person,000000485509,train_pool,train
000000485543.jpg,../datasets/raw/coco_person/train/images/000000485543.jpg,../datasets/raw/coco_person/train/labels/000000485543.txt,coco_person,000000485543,train_pool,train
000000485613.jpg,../datasets/raw/coco_person/train/images/000000485613.jpg,../datasets/raw/coco_person/train/labels/000000485613.txt,coco_person,000000485613,train_pool,train
000000485829.jpg,../datasets/raw/coco_person/train/images/000000485829.jpg,../datasets/raw/coco_person/train/labels/000000485829.txt,coco_person,000000485829,train_pool,train
000000485940.jpg,../datasets/raw/coco_person/train/images/000000485940.jpg,../datasets/raw/coco_person/train/labels/000000485940.txt,coco_person,000000485940,train_pool,train
000000486154.jpg,../datasets/raw/coco_person/train/images/000000486154.jpg,../datasets/raw/coco_person/train/labels/000000486154.txt,coco_person,000000486154,train_pool,train
000000486178.jpg,../datasets/raw/coco_person/train/images/000000486178.jpg,../datasets/raw/coco_person/train/labels/000000486178.txt,coco_person,000000486178,train_pool,train
000000486186.jpg,../datasets/raw/coco_person/train/images/000000486186.jpg,../datasets/raw/coco_person/train/labels/000000486186.txt,coco_person,000000486186,train_pool,train
000000486581.jpg,../datasets/raw/coco_person/train/images/000000486581.jpg,../datasets/raw/coco_person/train/labels/000000486581.txt,coco_person,000000486581,train_pool,train
000000486847.jpg,../datasets/raw/coco_person/train/images/000000486847.jpg,../datasets/raw/coco_person/train/labels/000000486847.txt,coco_person,000000486847,train_pool,train
000000487003.jpg,../datasets/raw/coco_person/train/images/000000487003.jpg,../datasets/raw/coco_person/train/labels/000000487003.txt,coco_person,000000487003,train_pool,train
000000487020.jpg,../datasets/raw/coco_person/train/images/000000487020.jpg,../datasets/raw/coco_person/train/labels/000000487020.txt,coco_person,000000487020,train_pool,train
000000487239.jpg,../datasets/raw/coco_person/train/images/000000487239.jpg,../datasets/raw/coco_person/train/labels/000000487239.txt,coco_person,000000487239,train_pool,train
000000487555.jpg,../datasets/raw/coco_person/train/images/000000487555.jpg,../datasets/raw/coco_person/train/labels/000000487555.txt,coco_person,000000487555,train_pool,train
000000487642.jpg,../datasets/raw/coco_person/train/images/000000487642.jpg,../datasets/raw/coco_person/train/labels/000000487642.txt,coco_person,000000487642,train_pool,val
000000487649.jpg,../datasets/raw/coco_person/train/images/000000487649.jpg,../datasets/raw/coco_person/train/labels/000000487649.txt,coco_person,000000487649,train_pool,train
000000487693.jpg,../datasets/raw/coco_person/train/images/000000487693.jpg,../datasets/raw/coco_person/train/labels/000000487693.txt,coco_person,000000487693,train_pool,val
000000487840.jpg,../datasets/raw/coco_person/train/images/000000487840.jpg,../datasets/raw/coco_person/train/labels/000000487840.txt,coco_person,000000487840,train_pool,val
000000487941.jpg,../datasets/raw/coco_person/train/images/000000487941.jpg,../datasets/raw/coco_person/train/labels/000000487941.txt,coco_person,000000487941,train_pool,train
000000488243.jpg,../datasets/raw/coco_person/train/images/000000488243.jpg,../datasets/raw/coco_person/train/labels/000000488243.txt,coco_person,000000488243,train_pool,train
000000488346.jpg,../datasets/raw/coco_person/train/images/000000488346.jpg,../datasets/raw/coco_person/train/labels/000000488346.txt,coco_person,000000488346,train_pool,val
000000488377.jpg,../datasets/raw/coco_person/train/images/000000488377.jpg,../datasets/raw/coco_person/train/labels/000000488377.txt,coco_person,000000488377,train_pool,train
000000488541.jpg,../datasets/raw/coco_person/train/images/000000488541.jpg,../datasets/raw/coco_person/train/labels/000000488541.txt,coco_person,000000488541,train_pool,train
000000488676.jpg,../datasets/raw/coco_person/train/images/000000488676.jpg,../datasets/raw/coco_person/train/labels/000000488676.txt,coco_person,000000488676,train_pool,train
000000488745.jpg,../datasets/raw/coco_person/train/images/000000488745.jpg,../datasets/raw/coco_person/train/labels/000000488745.txt,coco_person,000000488745,train_pool,train
000000488747.jpg,../datasets/raw/coco_person/train/images/000000488747.jpg,../datasets/raw/coco_person/train/labels/000000488747.txt,coco_person,000000488747,train_pool,train
000000488792.jpg,../datasets/raw/coco_person/train/images/000000488792.jpg,../datasets/raw/coco_person/train/labels/000000488792.txt,coco_person,000000488792,train_pool,train
000000488897.jpg,../datasets/raw/coco_person/train/images/000000488897.jpg,../datasets/raw/coco_person/train/labels/000000488897.txt,coco_person,000000488897,train_pool,train
000000489011.jpg,../datasets/raw/coco_person/train/images/000000489011.jpg,../datasets/raw/coco_person/train/labels/000000489011.txt,coco_person,000000489011,train_pool,train
000000489062.jpg,../datasets/raw/coco_person/train/images/000000489062.jpg,../datasets/raw/coco_person/train/labels/000000489062.txt,coco_person,000000489062,train_pool,train
000000489088.jpg,../datasets/raw/coco_person/train/images/000000489088.jpg,../datasets/raw/coco_person/train/labels/000000489088.txt,coco_person,000000489088,train_pool,train
000000489125.jpg,../datasets/raw/coco_person/train/images/000000489125.jpg,../datasets/raw/coco_person/train/labels/000000489125.txt,coco_person,000000489125,train_pool,train
000000489409.jpg,../datasets/raw/coco_person/train/images/000000489409.jpg,../datasets/raw/coco_person/train/labels/000000489409.txt,coco_person,000000489409,train_pool,train
000000489695.jpg,../datasets/raw/coco_person/train/images/000000489695.jpg,../datasets/raw/coco_person/train/labels/000000489695.txt,coco_person,000000489695,train_pool,train
000000489778.jpg,../datasets/raw/coco_person/train/images/000000489778.jpg,../datasets/raw/coco_person/train/labels/000000489778.txt,coco_person,000000489778,train_pool,train
000000490001.jpg,../datasets/raw/coco_person/train/images/000000490001.jpg,../datasets/raw/coco_person/train/labels/000000490001.txt,coco_person,000000490001,train_pool,train
000000490105.jpg,../datasets/raw/coco_person/train/images/000000490105.jpg,../datasets/raw/coco_person/train/labels/000000490105.txt,coco_person,000000490105,train_pool,train
000000490306.jpg,../datasets/raw/coco_person/train/images/000000490306.jpg,../datasets/raw/coco_person/train/labels/000000490306.txt,coco_person,000000490306,train_pool,train
000000490582.jpg,../datasets/raw/coco_person/train/images/000000490582.jpg,../datasets/raw/coco_person/train/labels/000000490582.txt,coco_person,000000490582,train_pool,train
000000491001.jpg,../datasets/raw/coco_person/train/images/000000491001.jpg,../datasets/raw/coco_person/train/labels/000000491001.txt,coco_person,000000491001,train_pool,train
000000491177.jpg,../datasets/raw/coco_person/train/images/000000491177.jpg,../datasets/raw/coco_person/train/labels/000000491177.txt,coco_person,000000491177,train_pool,train
000000491192.jpg,../datasets/raw/coco_person/train/images/000000491192.jpg,../datasets/raw/coco_person/train/labels/000000491192.txt,coco_person,000000491192,train_pool,train
000000491241.jpg,../datasets/raw/coco_person/train/images/000000491241.jpg,../datasets/raw/coco_person/train/labels/000000491241.txt,coco_person,000000491241,train_pool,train
000000491449.jpg,../datasets/raw/coco_person/train/images/000000491449.jpg,../datasets/raw/coco_person/train/labels/000000491449.txt,coco_person,000000491449,train_pool,val
000000491660.jpg,../datasets/raw/coco_person/train/images/000000491660.jpg,../datasets/raw/coco_person/train/labels/000000491660.txt,coco_person,000000491660,train_pool,train
000000491736.jpg,../datasets/raw/coco_person/train/images/000000491736.jpg,../datasets/raw/coco_person/train/labels/000000491736.txt,coco_person,000000491736,train_pool,train
000000491992.jpg,../datasets/raw/coco_person/train/images/000000491992.jpg,../datasets/raw/coco_person/train/labels/000000491992.txt,coco_person,000000491992,train_pool,val
000000492030.jpg,../datasets/raw/coco_person/train/images/000000492030.jpg,../datasets/raw/coco_person/train/labels/000000492030.txt,coco_person,000000492030,train_pool,train
000000492179.jpg,../datasets/raw/coco_person/train/images/000000492179.jpg,../datasets/raw/coco_person/train/labels/000000492179.txt,coco_person,000000492179,train_pool,train
000000492251.jpg,../datasets/raw/coco_person/train/images/000000492251.jpg,../datasets/raw/coco_person/train/labels/000000492251.txt,coco_person,000000492251,train_pool,train
000000492268.jpg,../datasets/raw/coco_person/train/images/000000492268.jpg,../datasets/raw/coco_person/train/labels/000000492268.txt,coco_person,000000492268,train_pool,train
000000492298.jpg,../datasets/raw/coco_person/train/images/000000492298.jpg,../datasets/raw/coco_person/train/labels/000000492298.txt,coco_person,000000492298,train_pool,train
000000492399.jpg,../datasets/raw/coco_person/train/images/000000492399.jpg,../datasets/raw/coco_person/train/labels/000000492399.txt,coco_person,000000492399,train_pool,train
000000492444.jpg,../datasets/raw/coco_person/train/images/000000492444.jpg,../datasets/raw/coco_person/train/labels/000000492444.txt,coco_person,000000492444,train_pool,train
000000492638.jpg,../datasets/raw/coco_person/train/images/000000492638.jpg,../datasets/raw/coco_person/train/labels/000000492638.txt,coco_person,000000492638,train_pool,train
000000492846.jpg,../datasets/raw/coco_person/train/images/000000492846.jpg,../datasets/raw/coco_person/train/labels/000000492846.txt,coco_person,000000492846,train_pool,train
000000493245.jpg,../datasets/raw/coco_person/train/images/000000493245.jpg,../datasets/raw/coco_person/train/labels/000000493245.txt,coco_person,000000493245,train_pool,val
000000493252.jpg,../datasets/raw/coco_person/train/images/000000493252.jpg,../datasets/raw/coco_person/train/labels/000000493252.txt,coco_person,000000493252,train_pool,train
000000493388.jpg,../datasets/raw/coco_person/train/images/000000493388.jpg,../datasets/raw/coco_person/train/labels/000000493388.txt,coco_person,000000493388,train_pool,train
000000493472.jpg,../datasets/raw/coco_person/train/images/000000493472.jpg,../datasets/raw/coco_person/train/labels/000000493472.txt,coco_person,000000493472,train_pool,train
000000493547.jpg,../datasets/raw/coco_person/train/images/000000493547.jpg,../datasets/raw/coco_person/train/labels/000000493547.txt,coco_person,000000493547,train_pool,train
000000493576.jpg,../datasets/raw/coco_person/train/images/000000493576.jpg,../datasets/raw/coco_person/train/labels/000000493576.txt,coco_person,000000493576,train_pool,train
000000493692.jpg,../datasets/raw/coco_person/train/images/000000493692.jpg,../datasets/raw/coco_person/train/labels/000000493692.txt,coco_person,000000493692,train_pool,train
000000493792.jpg,../datasets/raw/coco_person/train/images/000000493792.jpg,../datasets/raw/coco_person/train/labels/000000493792.txt,coco_person,000000493792,train_pool,train
000000493811.jpg,../datasets/raw/coco_person/train/images/000000493811.jpg,../datasets/raw/coco_person/train/labels/000000493811.txt,coco_person,000000493811,train_pool,train
000000493841.jpg,../datasets/raw/coco_person/train/images/000000493841.jpg,../datasets/raw/coco_person/train/labels/000000493841.txt,coco_person,000000493841,train_pool,train
000000494394.jpg,../datasets/raw/coco_person/train/images/000000494394.jpg,../datasets/raw/coco_person/train/labels/000000494394.txt,coco_person,000000494394,train_pool,train
000000494534.jpg,../datasets/raw/coco_person/train/images/000000494534.jpg,../datasets/raw/coco_person/train/labels/000000494534.txt,coco_person,000000494534,train_pool,train
000000494552.jpg,../datasets/raw/coco_person/train/images/000000494552.jpg,../datasets/raw/coco_person/train/labels/000000494552.txt,coco_person,000000494552,train_pool,val
000000494711.jpg,../datasets/raw/coco_person/train/images/000000494711.jpg,../datasets/raw/coco_person/train/labels/000000494711.txt,coco_person,000000494711,train_pool,train
000000495160.jpg,../datasets/raw/coco_person/train/images/000000495160.jpg,../datasets/raw/coco_person/train/labels/000000495160.txt,coco_person,000000495160,train_pool,train
000000495317.jpg,../datasets/raw/coco_person/train/images/000000495317.jpg,../datasets/raw/coco_person/train/labels/000000495317.txt,coco_person,000000495317,train_pool,train
000000495508.jpg,../datasets/raw/coco_person/train/images/000000495508.jpg,../datasets/raw/coco_person/train/labels/000000495508.txt,coco_person,000000495508,train_pool,train
000000495615.jpg,../datasets/raw/coco_person/train/images/000000495615.jpg,../datasets/raw/coco_person/train/labels/000000495615.txt,coco_person,000000495615,train_pool,train
000000495769.jpg,../datasets/raw/coco_person/train/images/000000495769.jpg,../datasets/raw/coco_person/train/labels/000000495769.txt,coco_person,000000495769,train_pool,val
000000495793.jpg,../datasets/raw/coco_person/train/images/000000495793.jpg,../datasets/raw/coco_person/train/labels/000000495793.txt,coco_person,000000495793,train_pool,train
000000495810.jpg,../datasets/raw/coco_person/train/images/000000495810.jpg,../datasets/raw/coco_person/train/labels/000000495810.txt,coco_person,000000495810,train_pool,train
000000495987.jpg,../datasets/raw/coco_person/train/images/000000495987.jpg,../datasets/raw/coco_person/train/labels/000000495987.txt,coco_person,000000495987,train_pool,train
000000496334.jpg,../datasets/raw/coco_person/train/images/000000496334.jpg,../datasets/raw/coco_person/train/labels/000000496334.txt,coco_person,000000496334,train_pool,train
000000496383.jpg,../datasets/raw/coco_person/train/images/000000496383.jpg,../datasets/raw/coco_person/train/labels/000000496383.txt,coco_person,000000496383,train_pool,train
000000496839.jpg,../datasets/raw/coco_person/train/images/000000496839.jpg,../datasets/raw/coco_person/train/labels/000000496839.txt,coco_person,000000496839,train_pool,val
000000497106.jpg,../datasets/raw/coco_person/train/images/000000497106.jpg,../datasets/raw/coco_person/train/labels/000000497106.txt,coco_person,000000497106,train_pool,train
000000497384.jpg,../datasets/raw/coco_person/train/images/000000497384.jpg,../datasets/raw/coco_person/train/labels/000000497384.txt,coco_person,000000497384,train_pool,train
000000497544.jpg,../datasets/raw/coco_person/train/images/000000497544.jpg,../datasets/raw/coco_person/train/labels/000000497544.txt,coco_person,000000497544,train_pool,train
000000497694.jpg,../datasets/raw/coco_person/train/images/000000497694.jpg,../datasets/raw/coco_person/train/labels/000000497694.txt,coco_person,000000497694,train_pool,train
000000497719.jpg,../datasets/raw/coco_person/train/images/000000497719.jpg,../datasets/raw/coco_person/train/labels/000000497719.txt,coco_person,000000497719,train_pool,val
000000497815.jpg,../datasets/raw/coco_person/train/images/000000497815.jpg,../datasets/raw/coco_person/train/labels/000000497815.txt,coco_person,000000497815,train_pool,train
000000498694.jpg,../datasets/raw/coco_person/train/images/000000498694.jpg,../datasets/raw/coco_person/train/labels/000000498694.txt,coco_person,000000498694,train_pool,train
000000498740.jpg,../datasets/raw/coco_person/train/images/000000498740.jpg,../datasets/raw/coco_person/train/labels/000000498740.txt,coco_person,000000498740,train_pool,train
000000498940.jpg,../datasets/raw/coco_person/train/images/000000498940.jpg,../datasets/raw/coco_person/train/labels/000000498940.txt,coco_person,000000498940,train_pool,train
000000499239.jpg,../datasets/raw/coco_person/train/images/000000499239.jpg,../datasets/raw/coco_person/train/labels/000000499239.txt,coco_person,000000499239,train_pool,train
000000499309.jpg,../datasets/raw/coco_person/train/images/000000499309.jpg,../datasets/raw/coco_person/train/labels/000000499309.txt,coco_person,000000499309,train_pool,train
000000499500.jpg,../datasets/raw/coco_person/train/images/000000499500.jpg,../datasets/raw/coco_person/train/labels/000000499500.txt,coco_person,000000499500,train_pool,train
000000499584.jpg,../datasets/raw/coco_person/train/images/000000499584.jpg,../datasets/raw/coco_person/train/labels/000000499584.txt,coco_person,000000499584,train_pool,train
000000499672.jpg,../datasets/raw/coco_person/train/images/000000499672.jpg,../datasets/raw/coco_person/train/labels/000000499672.txt,coco_person,000000499672,train_pool,train
000000499682.jpg,../datasets/raw/coco_person/train/images/000000499682.jpg,../datasets/raw/coco_person/train/labels/000000499682.txt,coco_person,000000499682,train_pool,train
000000499724.jpg,../datasets/raw/coco_person/train/images/000000499724.jpg,../datasets/raw/coco_person/train/labels/000000499724.txt,coco_person,000000499724,train_pool,train
000000499731.jpg,../datasets/raw/coco_person/train/images/000000499731.jpg,../datasets/raw/coco_person/train/labels/000000499731.txt,coco_person,000000499731,train_pool,train
000000499810.jpg,../datasets/raw/coco_person/train/images/000000499810.jpg,../datasets/raw/coco_person/train/labels/000000499810.txt,coco_person,000000499810,train_pool,train
000000499826.jpg,../datasets/raw/coco_person/train/images/000000499826.jpg,../datasets/raw/coco_person/train/labels/000000499826.txt,coco_person,000000499826,train_pool,train
000000499865.jpg,../datasets/raw/coco_person/train/images/000000499865.jpg,../datasets/raw/coco_person/train/labels/000000499865.txt,coco_person,000000499865,train_pool,train
000000500179.jpg,../datasets/raw/coco_person/train/images/000000500179.jpg,../datasets/raw/coco_person/train/labels/000000500179.txt,coco_person,000000500179,train_pool,train
000000500281.jpg,../datasets/raw/coco_person/train/images/000000500281.jpg,../datasets/raw/coco_person/train/labels/000000500281.txt,coco_person,000000500281,train_pool,train
000000500527.jpg,../datasets/raw/coco_person/train/images/000000500527.jpg,../datasets/raw/coco_person/train/labels/000000500527.txt,coco_person,000000500527,train_pool,train
000000500543.jpg,../datasets/raw/coco_person/train/images/000000500543.jpg,../datasets/raw/coco_person/train/labels/000000500543.txt,coco_person,000000500543,train_pool,train
000000500583.jpg,../datasets/raw/coco_person/train/images/000000500583.jpg,../datasets/raw/coco_person/train/labels/000000500583.txt,coco_person,000000500583,train_pool,train
000000500693.jpg,../datasets/raw/coco_person/train/images/000000500693.jpg,../datasets/raw/coco_person/train/labels/000000500693.txt,coco_person,000000500693,train_pool,train
000000500778.jpg,../datasets/raw/coco_person/train/images/000000500778.jpg,../datasets/raw/coco_person/train/labels/000000500778.txt,coco_person,000000500778,train_pool,val
000000500844.jpg,../datasets/raw/coco_person/train/images/000000500844.jpg,../datasets/raw/coco_person/train/labels/000000500844.txt,coco_person,000000500844,train_pool,train
000000501028.jpg,../datasets/raw/coco_person/train/images/000000501028.jpg,../datasets/raw/coco_person/train/labels/000000501028.txt,coco_person,000000501028,train_pool,train
000000501212.jpg,../datasets/raw/coco_person/train/images/000000501212.jpg,../datasets/raw/coco_person/train/labels/000000501212.txt,coco_person,000000501212,train_pool,train
000000501284.jpg,../datasets/raw/coco_person/train/images/000000501284.jpg,../datasets/raw/coco_person/train/labels/000000501284.txt,coco_person,000000501284,train_pool,train
000000501348.jpg,../datasets/raw/coco_person/train/images/000000501348.jpg,../datasets/raw/coco_person/train/labels/000000501348.txt,coco_person,000000501348,train_pool,train
000000501506.jpg,../datasets/raw/coco_person/train/images/000000501506.jpg,../datasets/raw/coco_person/train/labels/000000501506.txt,coco_person,000000501506,train_pool,train
000000501693.jpg,../datasets/raw/coco_person/train/images/000000501693.jpg,../datasets/raw/coco_person/train/labels/000000501693.txt,coco_person,000000501693,train_pool,train
000000501695.jpg,../datasets/raw/coco_person/train/images/000000501695.jpg,../datasets/raw/coco_person/train/labels/000000501695.txt,coco_person,000000501695,train_pool,train
000000501875.jpg,../datasets/raw/coco_person/train/images/000000501875.jpg,../datasets/raw/coco_person/train/labels/000000501875.txt,coco_person,000000501875,train_pool,train
000000501902.jpg,../datasets/raw/coco_person/train/images/000000501902.jpg,../datasets/raw/coco_person/train/labels/000000501902.txt,coco_person,000000501902,train_pool,train
000000501971.jpg,../datasets/raw/coco_person/train/images/000000501971.jpg,../datasets/raw/coco_person/train/labels/000000501971.txt,coco_person,000000501971,train_pool,val
000000502318.jpg,../datasets/raw/coco_person/train/images/000000502318.jpg,../datasets/raw/coco_person/train/labels/000000502318.txt,coco_person,000000502318,train_pool,train
000000502397.jpg,../datasets/raw/coco_person/train/images/000000502397.jpg,../datasets/raw/coco_person/train/labels/000000502397.txt,coco_person,000000502397,train_pool,train
000000502663.jpg,../datasets/raw/coco_person/train/images/000000502663.jpg,../datasets/raw/coco_person/train/labels/000000502663.txt,coco_person,000000502663,train_pool,train
000000502712.jpg,../datasets/raw/coco_person/train/images/000000502712.jpg,../datasets/raw/coco_person/train/labels/000000502712.txt,coco_person,000000502712,train_pool,train
000000502827.jpg,../datasets/raw/coco_person/train/images/000000502827.jpg,../datasets/raw/coco_person/train/labels/000000502827.txt,coco_person,000000502827,train_pool,train
000000502959.jpg,../datasets/raw/coco_person/train/images/000000502959.jpg,../datasets/raw/coco_person/train/labels/000000502959.txt,coco_person,000000502959,train_pool,train
000000503155.jpg,../datasets/raw/coco_person/train/images/000000503155.jpg,../datasets/raw/coco_person/train/labels/000000503155.txt,coco_person,000000503155,train_pool,train
000000503293.jpg,../datasets/raw/coco_person/train/images/000000503293.jpg,../datasets/raw/coco_person/train/labels/000000503293.txt,coco_person,000000503293,train_pool,train
000000503382.jpg,../datasets/raw/coco_person/train/images/000000503382.jpg,../datasets/raw/coco_person/train/labels/000000503382.txt,coco_person,000000503382,train_pool,train
000000503538.jpg,../datasets/raw/coco_person/train/images/000000503538.jpg,../datasets/raw/coco_person/train/labels/000000503538.txt,coco_person,000000503538,train_pool,train
000000503689.jpg,../datasets/raw/coco_person/train/images/000000503689.jpg,../datasets/raw/coco_person/train/labels/000000503689.txt,coco_person,000000503689,train_pool,train
000000503765.jpg,../datasets/raw/coco_person/train/images/000000503765.jpg,../datasets/raw/coco_person/train/labels/000000503765.txt,coco_person,000000503765,train_pool,train
000000503832.jpg,../datasets/raw/coco_person/train/images/000000503832.jpg,../datasets/raw/coco_person/train/labels/000000503832.txt,coco_person,000000503832,train_pool,train
000000503920.jpg,../datasets/raw/coco_person/train/images/000000503920.jpg,../datasets/raw/coco_person/train/labels/000000503920.txt,coco_person,000000503920,train_pool,train
000000504046.jpg,../datasets/raw/coco_person/train/images/000000504046.jpg,../datasets/raw/coco_person/train/labels/000000504046.txt,coco_person,000000504046,train_pool,train
000000504058.jpg,../datasets/raw/coco_person/train/images/000000504058.jpg,../datasets/raw/coco_person/train/labels/000000504058.txt,coco_person,000000504058,train_pool,train
000000504178.jpg,../datasets/raw/coco_person/train/images/000000504178.jpg,../datasets/raw/coco_person/train/labels/000000504178.txt,coco_person,000000504178,train_pool,train
000000504216.jpg,../datasets/raw/coco_person/train/images/000000504216.jpg,../datasets/raw/coco_person/train/labels/000000504216.txt,coco_person,000000504216,train_pool,train
000000504306.jpg,../datasets/raw/coco_person/train/images/000000504306.jpg,../datasets/raw/coco_person/train/labels/000000504306.txt,coco_person,000000504306,train_pool,train
000000504348.jpg,../datasets/raw/coco_person/train/images/000000504348.jpg,../datasets/raw/coco_person/train/labels/000000504348.txt,coco_person,000000504348,train_pool,train
000000504969.jpg,../datasets/raw/coco_person/train/images/000000504969.jpg,../datasets/raw/coco_person/train/labels/000000504969.txt,coco_person,000000504969,train_pool,train
000000505039.jpg,../datasets/raw/coco_person/train/images/000000505039.jpg,../datasets/raw/coco_person/train/labels/000000505039.txt,coco_person,000000505039,train_pool,val
000000505104.jpg,../datasets/raw/coco_person/train/images/000000505104.jpg,../datasets/raw/coco_person/train/labels/000000505104.txt,coco_person,000000505104,train_pool,train
000000505501.jpg,../datasets/raw/coco_person/train/images/000000505501.jpg,../datasets/raw/coco_person/train/labels/000000505501.txt,coco_person,000000505501,train_pool,train
000000505562.jpg,../datasets/raw/coco_person/train/images/000000505562.jpg,../datasets/raw/coco_person/train/labels/000000505562.txt,coco_person,000000505562,train_pool,train
000000505864.jpg,../datasets/raw/coco_person/train/images/000000505864.jpg,../datasets/raw/coco_person/train/labels/000000505864.txt,coco_person,000000505864,train_pool,val
000000506011.jpg,../datasets/raw/coco_person/train/images/000000506011.jpg,../datasets/raw/coco_person/train/labels/000000506011.txt,coco_person,000000506011,train_pool,val
000000506037.jpg,../datasets/raw/coco_person/train/images/000000506037.jpg,../datasets/raw/coco_person/train/labels/000000506037.txt,coco_person,000000506037,train_pool,train
000000506056.jpg,../datasets/raw/coco_person/train/images/000000506056.jpg,../datasets/raw/coco_person/train/labels/000000506056.txt,coco_person,000000506056,train_pool,train
000000506290.jpg,../datasets/raw/coco_person/train/images/000000506290.jpg,../datasets/raw/coco_person/train/labels/000000506290.txt,coco_person,000000506290,train_pool,train
000000506342.jpg,../datasets/raw/coco_person/train/images/000000506342.jpg,../datasets/raw/coco_person/train/labels/000000506342.txt,coco_person,000000506342,train_pool,train
000000506701.jpg,../datasets/raw/coco_person/train/images/000000506701.jpg,../datasets/raw/coco_person/train/labels/000000506701.txt,coco_person,000000506701,train_pool,train
000000506910.jpg,../datasets/raw/coco_person/train/images/000000506910.jpg,../datasets/raw/coco_person/train/labels/000000506910.txt,coco_person,000000506910,train_pool,train
000000506920.jpg,../datasets/raw/coco_person/train/images/000000506920.jpg,../datasets/raw/coco_person/train/labels/000000506920.txt,coco_person,000000506920,train_pool,train
000000507157.jpg,../datasets/raw/coco_person/train/images/000000507157.jpg,../datasets/raw/coco_person/train/labels/000000507157.txt,coco_person,000000507157,train_pool,train
000000507187.jpg,../datasets/raw/coco_person/train/images/000000507187.jpg,../datasets/raw/coco_person/train/labels/000000507187.txt,coco_person,000000507187,train_pool,train
000000507273.jpg,../datasets/raw/coco_person/train/images/000000507273.jpg,../datasets/raw/coco_person/train/labels/000000507273.txt,coco_person,000000507273,train_pool,train
000000507459.jpg,../datasets/raw/coco_person/train/images/000000507459.jpg,../datasets/raw/coco_person/train/labels/000000507459.txt,coco_person,000000507459,train_pool,train
000000507741.jpg,../datasets/raw/coco_person/train/images/000000507741.jpg,../datasets/raw/coco_person/train/labels/000000507741.txt,coco_person,000000507741,train_pool,train
000000507756.jpg,../datasets/raw/coco_person/train/images/000000507756.jpg,../datasets/raw/coco_person/train/labels/000000507756.txt,coco_person,000000507756,train_pool,val
000000507798.jpg,../datasets/raw/coco_person/train/images/000000507798.jpg,../datasets/raw/coco_person/train/labels/000000507798.txt,coco_person,000000507798,train_pool,val
000000508129.jpg,../datasets/raw/coco_person/train/images/000000508129.jpg,../datasets/raw/coco_person/train/labels/000000508129.txt,coco_person,000000508129,train_pool,train
000000508485.jpg,../datasets/raw/coco_person/train/images/000000508485.jpg,../datasets/raw/coco_person/train/labels/000000508485.txt,coco_person,000000508485,train_pool,train
000000508565.jpg,../datasets/raw/coco_person/train/images/000000508565.jpg,../datasets/raw/coco_person/train/labels/000000508565.txt,coco_person,000000508565,train_pool,train
000000508944.jpg,../datasets/raw/coco_person/train/images/000000508944.jpg,../datasets/raw/coco_person/train/labels/000000508944.txt,coco_person,000000508944,train_pool,val
000000509192.jpg,../datasets/raw/coco_person/train/images/000000509192.jpg,../datasets/raw/coco_person/train/labels/000000509192.txt,coco_person,000000509192,train_pool,train
000000509255.jpg,../datasets/raw/coco_person/train/images/000000509255.jpg,../datasets/raw/coco_person/train/labels/000000509255.txt,coco_person,000000509255,train_pool,val
000000509365.jpg,../datasets/raw/coco_person/train/images/000000509365.jpg,../datasets/raw/coco_person/train/labels/000000509365.txt,coco_person,000000509365,train_pool,train
000000509419.jpg,../datasets/raw/coco_person/train/images/000000509419.jpg,../datasets/raw/coco_person/train/labels/000000509419.txt,coco_person,000000509419,train_pool,val
000000509540.jpg,../datasets/raw/coco_person/train/images/000000509540.jpg,../datasets/raw/coco_person/train/labels/000000509540.txt,coco_person,000000509540,train_pool,train
000000509876.jpg,../datasets/raw/coco_person/train/images/000000509876.jpg,../datasets/raw/coco_person/train/labels/000000509876.txt,coco_person,000000509876,train_pool,train
000000509985.jpg,../datasets/raw/coco_person/train/images/000000509985.jpg,../datasets/raw/coco_person/train/labels/000000509985.txt,coco_person,000000509985,train_pool,train
000000510252.jpg,../datasets/raw/coco_person/train/images/000000510252.jpg,../datasets/raw/coco_person/train/labels/000000510252.txt,coco_person,000000510252,train_pool,train
000000510500.jpg,../datasets/raw/coco_person/train/images/000000510500.jpg,../datasets/raw/coco_person/train/labels/000000510500.txt,coco_person,000000510500,train_pool,train
000000510571.jpg,../datasets/raw/coco_person/train/images/000000510571.jpg,../datasets/raw/coco_person/train/labels/000000510571.txt,coco_person,000000510571,train_pool,train
000000510594.jpg,../datasets/raw/coco_person/train/images/000000510594.jpg,../datasets/raw/coco_person/train/labels/000000510594.txt,coco_person,000000510594,train_pool,val
000000510771.jpg,../datasets/raw/coco_person/train/images/000000510771.jpg,../datasets/raw/coco_person/train/labels/000000510771.txt,coco_person,000000510771,train_pool,train
000000510799.jpg,../datasets/raw/coco_person/train/images/000000510799.jpg,../datasets/raw/coco_person/train/labels/000000510799.txt,coco_person,000000510799,train_pool,train
000000511299.jpg,../datasets/raw/coco_person/train/images/000000511299.jpg,../datasets/raw/coco_person/train/labels/000000511299.txt,coco_person,000000511299,train_pool,train
000000511357.jpg,../datasets/raw/coco_person/train/images/000000511357.jpg,../datasets/raw/coco_person/train/labels/000000511357.txt,coco_person,000000511357,train_pool,train
000000511407.jpg,../datasets/raw/coco_person/train/images/000000511407.jpg,../datasets/raw/coco_person/train/labels/000000511407.txt,coco_person,000000511407,train_pool,train
000000511410.jpg,../datasets/raw/coco_person/train/images/000000511410.jpg,../datasets/raw/coco_person/train/labels/000000511410.txt,coco_person,000000511410,train_pool,train
000000511734.jpg,../datasets/raw/coco_person/train/images/000000511734.jpg,../datasets/raw/coco_person/train/labels/000000511734.txt,coco_person,000000511734,train_pool,train
000000511751.jpg,../datasets/raw/coco_person/train/images/000000511751.jpg,../datasets/raw/coco_person/train/labels/000000511751.txt,coco_person,000000511751,train_pool,val
000000511844.jpg,../datasets/raw/coco_person/train/images/000000511844.jpg,../datasets/raw/coco_person/train/labels/000000511844.txt,coco_person,000000511844,train_pool,train
000000512292.jpg,../datasets/raw/coco_person/train/images/000000512292.jpg,../datasets/raw/coco_person/train/labels/000000512292.txt,coco_person,000000512292,train_pool,train
000000512334.jpg,../datasets/raw/coco_person/train/images/000000512334.jpg,../datasets/raw/coco_person/train/labels/000000512334.txt,coco_person,000000512334,train_pool,train
000000512537.jpg,../datasets/raw/coco_person/train/images/000000512537.jpg,../datasets/raw/coco_person/train/labels/000000512537.txt,coco_person,000000512537,train_pool,val
000000512634.jpg,../datasets/raw/coco_person/train/images/000000512634.jpg,../datasets/raw/coco_person/train/labels/000000512634.txt,coco_person,000000512634,train_pool,train
000000512983.jpg,../datasets/raw/coco_person/train/images/000000512983.jpg,../datasets/raw/coco_person/train/labels/000000512983.txt,coco_person,000000512983,train_pool,train
000000513060.jpg,../datasets/raw/coco_person/train/images/000000513060.jpg,../datasets/raw/coco_person/train/labels/000000513060.txt,coco_person,000000513060,train_pool,train
000000513080.jpg,../datasets/raw/coco_person/train/images/000000513080.jpg,../datasets/raw/coco_person/train/labels/000000513080.txt,coco_person,000000513080,train_pool,train
000000513298.jpg,../datasets/raw/coco_person/train/images/000000513298.jpg,../datasets/raw/coco_person/train/labels/000000513298.txt,coco_person,000000513298,train_pool,train
000000513361.jpg,../datasets/raw/coco_person/train/images/000000513361.jpg,../datasets/raw/coco_person/train/labels/000000513361.txt,coco_person,000000513361,train_pool,train
000000513451.jpg,../datasets/raw/coco_person/train/images/000000513451.jpg,../datasets/raw/coco_person/train/labels/000000513451.txt,coco_person,000000513451,train_pool,train
000000513456.jpg,../datasets/raw/coco_person/train/images/000000513456.jpg,../datasets/raw/coco_person/train/labels/000000513456.txt,coco_person,000000513456,train_pool,val
000000513550.jpg,../datasets/raw/coco_person/train/images/000000513550.jpg,../datasets/raw/coco_person/train/labels/000000513550.txt,coco_person,000000513550,train_pool,train
000000513618.jpg,../datasets/raw/coco_person/train/images/000000513618.jpg,../datasets/raw/coco_person/train/labels/000000513618.txt,coco_person,000000513618,train_pool,train
000000513796.jpg,../datasets/raw/coco_person/train/images/000000513796.jpg,../datasets/raw/coco_person/train/labels/000000513796.txt,coco_person,000000513796,train_pool,val
000000513837.jpg,../datasets/raw/coco_person/train/images/000000513837.jpg,../datasets/raw/coco_person/train/labels/000000513837.txt,coco_person,000000513837,train_pool,train
000000513961.jpg,../datasets/raw/coco_person/train/images/000000513961.jpg,../datasets/raw/coco_person/train/labels/000000513961.txt,coco_person,000000513961,train_pool,train
000000514404.jpg,../datasets/raw/coco_person/train/images/000000514404.jpg,../datasets/raw/coco_person/train/labels/000000514404.txt,coco_person,000000514404,train_pool,train
000000514426.jpg,../datasets/raw/coco_person/train/images/000000514426.jpg,../datasets/raw/coco_person/train/labels/000000514426.txt,coco_person,000000514426,train_pool,train
000000514506.jpg,../datasets/raw/coco_person/train/images/000000514506.jpg,../datasets/raw/coco_person/train/labels/000000514506.txt,coco_person,000000514506,train_pool,train
000000514518.jpg,../datasets/raw/coco_person/train/images/000000514518.jpg,../datasets/raw/coco_person/train/labels/000000514518.txt,coco_person,000000514518,train_pool,train
000000514529.jpg,../datasets/raw/coco_person/train/images/000000514529.jpg,../datasets/raw/coco_person/train/labels/000000514529.txt,coco_person,000000514529,train_pool,train
000000514749.jpg,../datasets/raw/coco_person/train/images/000000514749.jpg,../datasets/raw/coco_person/train/labels/000000514749.txt,coco_person,000000514749,train_pool,train
000000514821.jpg,../datasets/raw/coco_person/train/images/000000514821.jpg,../datasets/raw/coco_person/train/labels/000000514821.txt,coco_person,000000514821,train_pool,train
000000514826.jpg,../datasets/raw/coco_person/train/images/000000514826.jpg,../datasets/raw/coco_person/train/labels/000000514826.txt,coco_person,000000514826,train_pool,train
000000514890.jpg,../datasets/raw/coco_person/train/images/000000514890.jpg,../datasets/raw/coco_person/train/labels/000000514890.txt,coco_person,000000514890,train_pool,train
000000514891.jpg,../datasets/raw/coco_person/train/images/000000514891.jpg,../datasets/raw/coco_person/train/labels/000000514891.txt,coco_person,000000514891,train_pool,train
000000515107.jpg,../datasets/raw/coco_person/train/images/000000515107.jpg,../datasets/raw/coco_person/train/labels/000000515107.txt,coco_person,000000515107,train_pool,train
000000515210.jpg,../datasets/raw/coco_person/train/images/000000515210.jpg,../datasets/raw/coco_person/train/labels/000000515210.txt,coco_person,000000515210,train_pool,train
000000515260.jpg,../datasets/raw/coco_person/train/images/000000515260.jpg,../datasets/raw/coco_person/train/labels/000000515260.txt,coco_person,000000515260,train_pool,train
000000515387.jpg,../datasets/raw/coco_person/train/images/000000515387.jpg,../datasets/raw/coco_person/train/labels/000000515387.txt,coco_person,000000515387,train_pool,train
000000515421.jpg,../datasets/raw/coco_person/train/images/000000515421.jpg,../datasets/raw/coco_person/train/labels/000000515421.txt,coco_person,000000515421,train_pool,train
000000515428.jpg,../datasets/raw/coco_person/train/images/000000515428.jpg,../datasets/raw/coco_person/train/labels/000000515428.txt,coco_person,000000515428,train_pool,train
000000515656.jpg,../datasets/raw/coco_person/train/images/000000515656.jpg,../datasets/raw/coco_person/train/labels/000000515656.txt,coco_person,000000515656,train_pool,train
000000515777.jpg,../datasets/raw/coco_person/train/images/000000515777.jpg,../datasets/raw/coco_person/train/labels/000000515777.txt,coco_person,000000515777,train_pool,train
000000515792.jpg,../datasets/raw/coco_person/train/images/000000515792.jpg,../datasets/raw/coco_person/train/labels/000000515792.txt,coco_person,000000515792,train_pool,train
000000515876.jpg,../datasets/raw/coco_person/train/images/000000515876.jpg,../datasets/raw/coco_person/train/labels/000000515876.txt,coco_person,000000515876,train_pool,train
000000516106.jpg,../datasets/raw/coco_person/train/images/000000516106.jpg,../datasets/raw/coco_person/train/labels/000000516106.txt,coco_person,000000516106,train_pool,val
000000516281.jpg,../datasets/raw/coco_person/train/images/000000516281.jpg,../datasets/raw/coco_person/train/labels/000000516281.txt,coco_person,000000516281,train_pool,train
000000516341.jpg,../datasets/raw/coco_person/train/images/000000516341.jpg,../datasets/raw/coco_person/train/labels/000000516341.txt,coco_person,000000516341,train_pool,train
000000516771.jpg,../datasets/raw/coco_person/train/images/000000516771.jpg,../datasets/raw/coco_person/train/labels/000000516771.txt,coco_person,000000516771,train_pool,train
000000517055.jpg,../datasets/raw/coco_person/train/images/000000517055.jpg,../datasets/raw/coco_person/train/labels/000000517055.txt,coco_person,000000517055,train_pool,train
000000517176.jpg,../datasets/raw/coco_person/train/images/000000517176.jpg,../datasets/raw/coco_person/train/labels/000000517176.txt,coco_person,000000517176,train_pool,train
000000517226.jpg,../datasets/raw/coco_person/train/images/000000517226.jpg,../datasets/raw/coco_person/train/labels/000000517226.txt,coco_person,000000517226,train_pool,train
000000517382.jpg,../datasets/raw/coco_person/train/images/000000517382.jpg,../datasets/raw/coco_person/train/labels/000000517382.txt,coco_person,000000517382,train_pool,train
000000517485.jpg,../datasets/raw/coco_person/train/images/000000517485.jpg,../datasets/raw/coco_person/train/labels/000000517485.txt,coco_person,000000517485,train_pool,train
000000517492.jpg,../datasets/raw/coco_person/train/images/000000517492.jpg,../datasets/raw/coco_person/train/labels/000000517492.txt,coco_person,000000517492,train_pool,train
000000517510.jpg,../datasets/raw/coco_person/train/images/000000517510.jpg,../datasets/raw/coco_person/train/labels/000000517510.txt,coco_person,000000517510,train_pool,train
000000517570.jpg,../datasets/raw/coco_person/train/images/000000517570.jpg,../datasets/raw/coco_person/train/labels/000000517570.txt,coco_person,000000517570,train_pool,train
000000517652.jpg,../datasets/raw/coco_person/train/images/000000517652.jpg,../datasets/raw/coco_person/train/labels/000000517652.txt,coco_person,000000517652,train_pool,train
000000517805.jpg,../datasets/raw/coco_person/train/images/000000517805.jpg,../datasets/raw/coco_person/train/labels/000000517805.txt,coco_person,000000517805,train_pool,train
000000518025.jpg,../datasets/raw/coco_person/train/images/000000518025.jpg,../datasets/raw/coco_person/train/labels/000000518025.txt,coco_person,000000518025,train_pool,train
000000518109.jpg,../datasets/raw/coco_person/train/images/000000518109.jpg,../datasets/raw/coco_person/train/labels/000000518109.txt,coco_person,000000518109,train_pool,train
000000518249.jpg,../datasets/raw/coco_person/train/images/000000518249.jpg,../datasets/raw/coco_person/train/labels/000000518249.txt,coco_person,000000518249,train_pool,train
000000518499.jpg,../datasets/raw/coco_person/train/images/000000518499.jpg,../datasets/raw/coco_person/train/labels/000000518499.txt,coco_person,000000518499,train_pool,train
000000518522.jpg,../datasets/raw/coco_person/train/images/000000518522.jpg,../datasets/raw/coco_person/train/labels/000000518522.txt,coco_person,000000518522,train_pool,val
000000518721.jpg,../datasets/raw/coco_person/train/images/000000518721.jpg,../datasets/raw/coco_person/train/labels/000000518721.txt,coco_person,000000518721,train_pool,train
000000519275.jpg,../datasets/raw/coco_person/train/images/000000519275.jpg,../datasets/raw/coco_person/train/labels/000000519275.txt,coco_person,000000519275,train_pool,train
000000519356.jpg,../datasets/raw/coco_person/train/images/000000519356.jpg,../datasets/raw/coco_person/train/labels/000000519356.txt,coco_person,000000519356,train_pool,train
000000519381.jpg,../datasets/raw/coco_person/train/images/000000519381.jpg,../datasets/raw/coco_person/train/labels/000000519381.txt,coco_person,000000519381,train_pool,train
000000519429.jpg,../datasets/raw/coco_person/train/images/000000519429.jpg,../datasets/raw/coco_person/train/labels/000000519429.txt,coco_person,000000519429,train_pool,train
000000519529.jpg,../datasets/raw/coco_person/train/images/000000519529.jpg,../datasets/raw/coco_person/train/labels/000000519529.txt,coco_person,000000519529,train_pool,train
000000519533.jpg,../datasets/raw/coco_person/train/images/000000519533.jpg,../datasets/raw/coco_person/train/labels/000000519533.txt,coco_person,000000519533,train_pool,train
000000519616.jpg,../datasets/raw/coco_person/train/images/000000519616.jpg,../datasets/raw/coco_person/train/labels/000000519616.txt,coco_person,000000519616,train_pool,train
000000519706.jpg,../datasets/raw/coco_person/train/images/000000519706.jpg,../datasets/raw/coco_person/train/labels/000000519706.txt,coco_person,000000519706,train_pool,train
000000519774.jpg,../datasets/raw/coco_person/train/images/000000519774.jpg,../datasets/raw/coco_person/train/labels/000000519774.txt,coco_person,000000519774,train_pool,train
000000520000.jpg,../datasets/raw/coco_person/train/images/000000520000.jpg,../datasets/raw/coco_person/train/labels/000000520000.txt,coco_person,000000520000,train_pool,train
000000520472.jpg,../datasets/raw/coco_person/train/images/000000520472.jpg,../datasets/raw/coco_person/train/labels/000000520472.txt,coco_person,000000520472,train_pool,val
000000520528.jpg,../datasets/raw/coco_person/train/images/000000520528.jpg,../datasets/raw/coco_person/train/labels/000000520528.txt,coco_person,000000520528,train_pool,train
000000521204.jpg,../datasets/raw/coco_person/train/images/000000521204.jpg,../datasets/raw/coco_person/train/labels/000000521204.txt,coco_person,000000521204,train_pool,val
000000521339.jpg,../datasets/raw/coco_person/train/images/000000521339.jpg,../datasets/raw/coco_person/train/labels/000000521339.txt,coco_person,000000521339,train_pool,train
000000521493.jpg,../datasets/raw/coco_person/train/images/000000521493.jpg,../datasets/raw/coco_person/train/labels/000000521493.txt,coco_person,000000521493,train_pool,val
000000521762.jpg,../datasets/raw/coco_person/train/images/000000521762.jpg,../datasets/raw/coco_person/train/labels/000000521762.txt,coco_person,000000521762,train_pool,train
000000521922.jpg,../datasets/raw/coco_person/train/images/000000521922.jpg,../datasets/raw/coco_person/train/labels/000000521922.txt,coco_person,000000521922,train_pool,train
000000521943.jpg,../datasets/raw/coco_person/train/images/000000521943.jpg,../datasets/raw/coco_person/train/labels/000000521943.txt,coco_person,000000521943,train_pool,train
000000522620.jpg,../datasets/raw/coco_person/train/images/000000522620.jpg,../datasets/raw/coco_person/train/labels/000000522620.txt,coco_person,000000522620,train_pool,val
000000522661.jpg,../datasets/raw/coco_person/train/images/000000522661.jpg,../datasets/raw/coco_person/train/labels/000000522661.txt,coco_person,000000522661,train_pool,train
000000522935.jpg,../datasets/raw/coco_person/train/images/000000522935.jpg,../datasets/raw/coco_person/train/labels/000000522935.txt,coco_person,000000522935,train_pool,train
000000523025.jpg,../datasets/raw/coco_person/train/images/000000523025.jpg,../datasets/raw/coco_person/train/labels/000000523025.txt,coco_person,000000523025,train_pool,train
000000523344.jpg,../datasets/raw/coco_person/train/images/000000523344.jpg,../datasets/raw/coco_person/train/labels/000000523344.txt,coco_person,000000523344,train_pool,train
000000523524.jpg,../datasets/raw/coco_person/train/images/000000523524.jpg,../datasets/raw/coco_person/train/labels/000000523524.txt,coco_person,000000523524,train_pool,train
000000523729.jpg,../datasets/raw/coco_person/train/images/000000523729.jpg,../datasets/raw/coco_person/train/labels/000000523729.txt,coco_person,000000523729,train_pool,train
000000523753.jpg,../datasets/raw/coco_person/train/images/000000523753.jpg,../datasets/raw/coco_person/train/labels/000000523753.txt,coco_person,000000523753,train_pool,train
000000523968.jpg,../datasets/raw/coco_person/train/images/000000523968.jpg,../datasets/raw/coco_person/train/labels/000000523968.txt,coco_person,000000523968,train_pool,train
000000524027.jpg,../datasets/raw/coco_person/train/images/000000524027.jpg,../datasets/raw/coco_person/train/labels/000000524027.txt,coco_person,000000524027,train_pool,train
000000524047.jpg,../datasets/raw/coco_person/train/images/000000524047.jpg,../datasets/raw/coco_person/train/labels/000000524047.txt,coco_person,000000524047,train_pool,train
000000524255.jpg,../datasets/raw/coco_person/train/images/000000524255.jpg,../datasets/raw/coco_person/train/labels/000000524255.txt,coco_person,000000524255,train_pool,train
000000524291.jpg,../datasets/raw/coco_person/train/images/000000524291.jpg,../datasets/raw/coco_person/train/labels/000000524291.txt,coco_person,000000524291,train_pool,train
000000524311.jpg,../datasets/raw/coco_person/train/images/000000524311.jpg,../datasets/raw/coco_person/train/labels/000000524311.txt,coco_person,000000524311,train_pool,train
000000524373.jpg,../datasets/raw/coco_person/train/images/000000524373.jpg,../datasets/raw/coco_person/train/labels/000000524373.txt,coco_person,000000524373,train_pool,train
000000524428.jpg,../datasets/raw/coco_person/train/images/000000524428.jpg,../datasets/raw/coco_person/train/labels/000000524428.txt,coco_person,000000524428,train_pool,train
000000524436.jpg,../datasets/raw/coco_person/train/images/000000524436.jpg,../datasets/raw/coco_person/train/labels/000000524436.txt,coco_person,000000524436,train_pool,train
000000524522.jpg,../datasets/raw/coco_person/train/images/000000524522.jpg,../datasets/raw/coco_person/train/labels/000000524522.txt,coco_person,000000524522,train_pool,train
000000524533.jpg,../datasets/raw/coco_person/train/images/000000524533.jpg,../datasets/raw/coco_person/train/labels/000000524533.txt,coco_person,000000524533,train_pool,val
000000524957.jpg,../datasets/raw/coco_person/train/images/000000524957.jpg,../datasets/raw/coco_person/train/labels/000000524957.txt,coco_person,000000524957,train_pool,train
000000524979.jpg,../datasets/raw/coco_person/train/images/000000524979.jpg,../datasets/raw/coco_person/train/labels/000000524979.txt,coco_person,000000524979,train_pool,train
000000525039.jpg,../datasets/raw/coco_person/train/images/000000525039.jpg,../datasets/raw/coco_person/train/labels/000000525039.txt,coco_person,000000525039,train_pool,train
000000525184.jpg,../datasets/raw/coco_person/train/images/000000525184.jpg,../datasets/raw/coco_person/train/labels/000000525184.txt,coco_person,000000525184,train_pool,train
000000525187.jpg,../datasets/raw/coco_person/train/images/000000525187.jpg,../datasets/raw/coco_person/train/labels/000000525187.txt,coco_person,000000525187,train_pool,train
000000525405.jpg,../datasets/raw/coco_person/train/images/000000525405.jpg,../datasets/raw/coco_person/train/labels/000000525405.txt,coco_person,000000525405,train_pool,train
000000525513.jpg,../datasets/raw/coco_person/train/images/000000525513.jpg,../datasets/raw/coco_person/train/labels/000000525513.txt,coco_person,000000525513,train_pool,train
000000525668.jpg,../datasets/raw/coco_person/train/images/000000525668.jpg,../datasets/raw/coco_person/train/labels/000000525668.txt,coco_person,000000525668,train_pool,train
000000526021.jpg,../datasets/raw/coco_person/train/images/000000526021.jpg,../datasets/raw/coco_person/train/labels/000000526021.txt,coco_person,000000526021,train_pool,train
000000526291.jpg,../datasets/raw/coco_person/train/images/000000526291.jpg,../datasets/raw/coco_person/train/labels/000000526291.txt,coco_person,000000526291,train_pool,train
000000526441.jpg,../datasets/raw/coco_person/train/images/000000526441.jpg,../datasets/raw/coco_person/train/labels/000000526441.txt,coco_person,000000526441,train_pool,train
000000526514.jpg,../datasets/raw/coco_person/train/images/000000526514.jpg,../datasets/raw/coco_person/train/labels/000000526514.txt,coco_person,000000526514,train_pool,train
000000526654.jpg,../datasets/raw/coco_person/train/images/000000526654.jpg,../datasets/raw/coco_person/train/labels/000000526654.txt,coco_person,000000526654,train_pool,train
000000526734.jpg,../datasets/raw/coco_person/train/images/000000526734.jpg,../datasets/raw/coco_person/train/labels/000000526734.txt,coco_person,000000526734,train_pool,val
000000526769.jpg,../datasets/raw/coco_person/train/images/000000526769.jpg,../datasets/raw/coco_person/train/labels/000000526769.txt,coco_person,000000526769,train_pool,train
000000526892.jpg,../datasets/raw/coco_person/train/images/000000526892.jpg,../datasets/raw/coco_person/train/labels/000000526892.txt,coco_person,000000526892,train_pool,train
000000526957.jpg,../datasets/raw/coco_person/train/images/000000526957.jpg,../datasets/raw/coco_person/train/labels/000000526957.txt,coco_person,000000526957,train_pool,train
000000527002.jpg,../datasets/raw/coco_person/train/images/000000527002.jpg,../datasets/raw/coco_person/train/labels/000000527002.txt,coco_person,000000527002,train_pool,train
000000527082.jpg,../datasets/raw/coco_person/train/images/000000527082.jpg,../datasets/raw/coco_person/train/labels/000000527082.txt,coco_person,000000527082,train_pool,val
000000527257.jpg,../datasets/raw/coco_person/train/images/000000527257.jpg,../datasets/raw/coco_person/train/labels/000000527257.txt,coco_person,000000527257,train_pool,train
000000527264.jpg,../datasets/raw/coco_person/train/images/000000527264.jpg,../datasets/raw/coco_person/train/labels/000000527264.txt,coco_person,000000527264,train_pool,train
000000527314.jpg,../datasets/raw/coco_person/train/images/000000527314.jpg,../datasets/raw/coco_person/train/labels/000000527314.txt,coco_person,000000527314,train_pool,train
000000527535.jpg,../datasets/raw/coco_person/train/images/000000527535.jpg,../datasets/raw/coco_person/train/labels/000000527535.txt,coco_person,000000527535,train_pool,train
000000527691.jpg,../datasets/raw/coco_person/train/images/000000527691.jpg,../datasets/raw/coco_person/train/labels/000000527691.txt,coco_person,000000527691,train_pool,val
000000527748.jpg,../datasets/raw/coco_person/train/images/000000527748.jpg,../datasets/raw/coco_person/train/labels/000000527748.txt,coco_person,000000527748,train_pool,train
000000527887.jpg,../datasets/raw/coco_person/train/images/000000527887.jpg,../datasets/raw/coco_person/train/labels/000000527887.txt,coco_person,000000527887,train_pool,val
000000527897.jpg,../datasets/raw/coco_person/train/images/000000527897.jpg,../datasets/raw/coco_person/train/labels/000000527897.txt,coco_person,000000527897,train_pool,train
000000527961.jpg,../datasets/raw/coco_person/train/images/000000527961.jpg,../datasets/raw/coco_person/train/labels/000000527961.txt,coco_person,000000527961,train_pool,train
000000528230.jpg,../datasets/raw/coco_person/train/images/000000528230.jpg,../datasets/raw/coco_person/train/labels/000000528230.txt,coco_person,000000528230,train_pool,train
000000528458.jpg,../datasets/raw/coco_person/train/images/000000528458.jpg,../datasets/raw/coco_person/train/labels/000000528458.txt,coco_person,000000528458,train_pool,val
000000528525.jpg,../datasets/raw/coco_person/train/images/000000528525.jpg,../datasets/raw/coco_person/train/labels/000000528525.txt,coco_person,000000528525,train_pool,train
000000528912.jpg,../datasets/raw/coco_person/train/images/000000528912.jpg,../datasets/raw/coco_person/train/labels/000000528912.txt,coco_person,000000528912,train_pool,train
000000528929.jpg,../datasets/raw/coco_person/train/images/000000528929.jpg,../datasets/raw/coco_person/train/labels/000000528929.txt,coco_person,000000528929,train_pool,train
000000528938.jpg,../datasets/raw/coco_person/train/images/000000528938.jpg,../datasets/raw/coco_person/train/labels/000000528938.txt,coco_person,000000528938,train_pool,train
000000528957.jpg,../datasets/raw/coco_person/train/images/000000528957.jpg,../datasets/raw/coco_person/train/labels/000000528957.txt,coco_person,000000528957,train_pool,val
000000529155.jpg,../datasets/raw/coco_person/train/images/000000529155.jpg,../datasets/raw/coco_person/train/labels/000000529155.txt,coco_person,000000529155,train_pool,val
000000529208.jpg,../datasets/raw/coco_person/train/images/000000529208.jpg,../datasets/raw/coco_person/train/labels/000000529208.txt,coco_person,000000529208,train_pool,train
000000529391.jpg,../datasets/raw/coco_person/train/images/000000529391.jpg,../datasets/raw/coco_person/train/labels/000000529391.txt,coco_person,000000529391,train_pool,train
000000529455.jpg,../datasets/raw/coco_person/train/images/000000529455.jpg,../datasets/raw/coco_person/train/labels/000000529455.txt,coco_person,000000529455,train_pool,train
000000529667.jpg,../datasets/raw/coco_person/train/images/000000529667.jpg,../datasets/raw/coco_person/train/labels/000000529667.txt,coco_person,000000529667,train_pool,train
000000529850.jpg,../datasets/raw/coco_person/train/images/000000529850.jpg,../datasets/raw/coco_person/train/labels/000000529850.txt,coco_person,000000529850,train_pool,train
000000529964.jpg,../datasets/raw/coco_person/train/images/000000529964.jpg,../datasets/raw/coco_person/train/labels/000000529964.txt,coco_person,000000529964,train_pool,val
000000530242.jpg,../datasets/raw/coco_person/train/images/000000530242.jpg,../datasets/raw/coco_person/train/labels/000000530242.txt,coco_person,000000530242,train_pool,train
000000530635.jpg,../datasets/raw/coco_person/train/images/000000530635.jpg,../datasets/raw/coco_person/train/labels/000000530635.txt,coco_person,000000530635,train_pool,train
000000530712.jpg,../datasets/raw/coco_person/train/images/000000530712.jpg,../datasets/raw/coco_person/train/labels/000000530712.txt,coco_person,000000530712,train_pool,train
000000531061.jpg,../datasets/raw/coco_person/train/images/000000531061.jpg,../datasets/raw/coco_person/train/labels/000000531061.txt,coco_person,000000531061,train_pool,train
000000531465.jpg,../datasets/raw/coco_person/train/images/000000531465.jpg,../datasets/raw/coco_person/train/labels/000000531465.txt,coco_person,000000531465,train_pool,train
000000531510.jpg,../datasets/raw/coco_person/train/images/000000531510.jpg,../datasets/raw/coco_person/train/labels/000000531510.txt,coco_person,000000531510,train_pool,val
000000531581.jpg,../datasets/raw/coco_person/train/images/000000531581.jpg,../datasets/raw/coco_person/train/labels/000000531581.txt,coco_person,000000531581,train_pool,train
000000531659.jpg,../datasets/raw/coco_person/train/images/000000531659.jpg,../datasets/raw/coco_person/train/labels/000000531659.txt,coco_person,000000531659,train_pool,train
000000531967.jpg,../datasets/raw/coco_person/train/images/000000531967.jpg,../datasets/raw/coco_person/train/labels/000000531967.txt,coco_person,000000531967,train_pool,train
000000532115.jpg,../datasets/raw/coco_person/train/images/000000532115.jpg,../datasets/raw/coco_person/train/labels/000000532115.txt,coco_person,000000532115,train_pool,val
000000532188.jpg,../datasets/raw/coco_person/train/images/000000532188.jpg,../datasets/raw/coco_person/train/labels/000000532188.txt,coco_person,000000532188,train_pool,train
000000532245.jpg,../datasets/raw/coco_person/train/images/000000532245.jpg,../datasets/raw/coco_person/train/labels/000000532245.txt,coco_person,000000532245,train_pool,train
000000532355.jpg,../datasets/raw/coco_person/train/images/000000532355.jpg,../datasets/raw/coco_person/train/labels/000000532355.txt,coco_person,000000532355,train_pool,train
000000532617.jpg,../datasets/raw/coco_person/train/images/000000532617.jpg,../datasets/raw/coco_person/train/labels/000000532617.txt,coco_person,000000532617,train_pool,train
000000532689.jpg,../datasets/raw/coco_person/train/images/000000532689.jpg,../datasets/raw/coco_person/train/labels/000000532689.txt,coco_person,000000532689,train_pool,train
000000532919.jpg,../datasets/raw/coco_person/train/images/000000532919.jpg,../datasets/raw/coco_person/train/labels/000000532919.txt,coco_person,000000532919,train_pool,train
000000533407.jpg,../datasets/raw/coco_person/train/images/000000533407.jpg,../datasets/raw/coco_person/train/labels/000000533407.txt,coco_person,000000533407,train_pool,val
000000533441.jpg,../datasets/raw/coco_person/train/images/000000533441.jpg,../datasets/raw/coco_person/train/labels/000000533441.txt,coco_person,000000533441,train_pool,train
000000533454.jpg,../datasets/raw/coco_person/train/images/000000533454.jpg,../datasets/raw/coco_person/train/labels/000000533454.txt,coco_person,000000533454,train_pool,val
000000533523.jpg,../datasets/raw/coco_person/train/images/000000533523.jpg,../datasets/raw/coco_person/train/labels/000000533523.txt,coco_person,000000533523,train_pool,train
000000533548.jpg,../datasets/raw/coco_person/train/images/000000533548.jpg,../datasets/raw/coco_person/train/labels/000000533548.txt,coco_person,000000533548,train_pool,val
000000533677.jpg,../datasets/raw/coco_person/train/images/000000533677.jpg,../datasets/raw/coco_person/train/labels/000000533677.txt,coco_person,000000533677,train_pool,train
000000533742.jpg,../datasets/raw/coco_person/train/images/000000533742.jpg,../datasets/raw/coco_person/train/labels/000000533742.txt,coco_person,000000533742,train_pool,train
000000534131.jpg,../datasets/raw/coco_person/train/images/000000534131.jpg,../datasets/raw/coco_person/train/labels/000000534131.txt,coco_person,000000534131,train_pool,train
000000534162.jpg,../datasets/raw/coco_person/train/images/000000534162.jpg,../datasets/raw/coco_person/train/labels/000000534162.txt,coco_person,000000534162,train_pool,train
000000534332.jpg,../datasets/raw/coco_person/train/images/000000534332.jpg,../datasets/raw/coco_person/train/labels/000000534332.txt,coco_person,000000534332,train_pool,train
000000534681.jpg,../datasets/raw/coco_person/train/images/000000534681.jpg,../datasets/raw/coco_person/train/labels/000000534681.txt,coco_person,000000534681,train_pool,val
000000534926.jpg,../datasets/raw/coco_person/train/images/000000534926.jpg,../datasets/raw/coco_person/train/labels/000000534926.txt,coco_person,000000534926,train_pool,val
000000534954.jpg,../datasets/raw/coco_person/train/images/000000534954.jpg,../datasets/raw/coco_person/train/labels/000000534954.txt,coco_person,000000534954,train_pool,train
000000535033.jpg,../datasets/raw/coco_person/train/images/000000535033.jpg,../datasets/raw/coco_person/train/labels/000000535033.txt,coco_person,000000535033,train_pool,train
000000535212.jpg,../datasets/raw/coco_person/train/images/000000535212.jpg,../datasets/raw/coco_person/train/labels/000000535212.txt,coco_person,000000535212,train_pool,train
000000535418.jpg,../datasets/raw/coco_person/train/images/000000535418.jpg,../datasets/raw/coco_person/train/labels/000000535418.txt,coco_person,000000535418,train_pool,train
000000535682.jpg,../datasets/raw/coco_person/train/images/000000535682.jpg,../datasets/raw/coco_person/train/labels/000000535682.txt,coco_person,000000535682,train_pool,train
000000535896.jpg,../datasets/raw/coco_person/train/images/000000535896.jpg,../datasets/raw/coco_person/train/labels/000000535896.txt,coco_person,000000535896,train_pool,train
000000536000.jpg,../datasets/raw/coco_person/train/images/000000536000.jpg,../datasets/raw/coco_person/train/labels/000000536000.txt,coco_person,000000536000,train_pool,train
000000536034.jpg,../datasets/raw/coco_person/train/images/000000536034.jpg,../datasets/raw/coco_person/train/labels/000000536034.txt,coco_person,000000536034,train_pool,train
000000536054.jpg,../datasets/raw/coco_person/train/images/000000536054.jpg,../datasets/raw/coco_person/train/labels/000000536054.txt,coco_person,000000536054,train_pool,train
000000536166.jpg,../datasets/raw/coco_person/train/images/000000536166.jpg,../datasets/raw/coco_person/train/labels/000000536166.txt,coco_person,000000536166,train_pool,train
000000536265.jpg,../datasets/raw/coco_person/train/images/000000536265.jpg,../datasets/raw/coco_person/train/labels/000000536265.txt,coco_person,000000536265,train_pool,train
000000536708.jpg,../datasets/raw/coco_person/train/images/000000536708.jpg,../datasets/raw/coco_person/train/labels/000000536708.txt,coco_person,000000536708,train_pool,train
000000536743.jpg,../datasets/raw/coco_person/train/images/000000536743.jpg,../datasets/raw/coco_person/train/labels/000000536743.txt,coco_person,000000536743,train_pool,train
000000537698.jpg,../datasets/raw/coco_person/train/images/000000537698.jpg,../datasets/raw/coco_person/train/labels/000000537698.txt,coco_person,000000537698,train_pool,train
000000537780.jpg,../datasets/raw/coco_person/train/images/000000537780.jpg,../datasets/raw/coco_person/train/labels/000000537780.txt,coco_person,000000537780,train_pool,train
000000537924.jpg,../datasets/raw/coco_person/train/images/000000537924.jpg,../datasets/raw/coco_person/train/labels/000000537924.txt,coco_person,000000537924,train_pool,train
000000538194.jpg,../datasets/raw/coco_person/train/images/000000538194.jpg,../datasets/raw/coco_person/train/labels/000000538194.txt,coco_person,000000538194,train_pool,train
000000538291.jpg,../datasets/raw/coco_person/train/images/000000538291.jpg,../datasets/raw/coco_person/train/labels/000000538291.txt,coco_person,000000538291,train_pool,train
000000538518.jpg,../datasets/raw/coco_person/train/images/000000538518.jpg,../datasets/raw/coco_person/train/labels/000000538518.txt,coco_person,000000538518,train_pool,train
000000538741.jpg,../datasets/raw/coco_person/train/images/000000538741.jpg,../datasets/raw/coco_person/train/labels/000000538741.txt,coco_person,000000538741,train_pool,train
000000538809.jpg,../datasets/raw/coco_person/train/images/000000538809.jpg,../datasets/raw/coco_person/train/labels/000000538809.txt,coco_person,000000538809,train_pool,train
000000538913.jpg,../datasets/raw/coco_person/train/images/000000538913.jpg,../datasets/raw/coco_person/train/labels/000000538913.txt,coco_person,000000538913,train_pool,train
000000539139.jpg,../datasets/raw/coco_person/train/images/000000539139.jpg,../datasets/raw/coco_person/train/labels/000000539139.txt,coco_person,000000539139,train_pool,train
000000539167.jpg,../datasets/raw/coco_person/train/images/000000539167.jpg,../datasets/raw/coco_person/train/labels/000000539167.txt,coco_person,000000539167,train_pool,train
000000539307.jpg,../datasets/raw/coco_person/train/images/000000539307.jpg,../datasets/raw/coco_person/train/labels/000000539307.txt,coco_person,000000539307,train_pool,train
000000539319.jpg,../datasets/raw/coco_person/train/images/000000539319.jpg,../datasets/raw/coco_person/train/labels/000000539319.txt,coco_person,000000539319,train_pool,train
000000539430.jpg,../datasets/raw/coco_person/train/images/000000539430.jpg,../datasets/raw/coco_person/train/labels/000000539430.txt,coco_person,000000539430,train_pool,train
000000539571.jpg,../datasets/raw/coco_person/train/images/000000539571.jpg,../datasets/raw/coco_person/train/labels/000000539571.txt,coco_person,000000539571,train_pool,train
000000539589.jpg,../datasets/raw/coco_person/train/images/000000539589.jpg,../datasets/raw/coco_person/train/labels/000000539589.txt,coco_person,000000539589,train_pool,val
000000539617.jpg,../datasets/raw/coco_person/train/images/000000539617.jpg,../datasets/raw/coco_person/train/labels/000000539617.txt,coco_person,000000539617,train_pool,train
000000539665.jpg,../datasets/raw/coco_person/train/images/000000539665.jpg,../datasets/raw/coco_person/train/labels/000000539665.txt,coco_person,000000539665,train_pool,val
000000539682.jpg,../datasets/raw/coco_person/train/images/000000539682.jpg,../datasets/raw/coco_person/train/labels/000000539682.txt,coco_person,000000539682,train_pool,train
000000539738.jpg,../datasets/raw/coco_person/train/images/000000539738.jpg,../datasets/raw/coco_person/train/labels/000000539738.txt,coco_person,000000539738,train_pool,train
000000539797.jpg,../datasets/raw/coco_person/train/images/000000539797.jpg,../datasets/raw/coco_person/train/labels/000000539797.txt,coco_person,000000539797,train_pool,train
000000539838.jpg,../datasets/raw/coco_person/train/images/000000539838.jpg,../datasets/raw/coco_person/train/labels/000000539838.txt,coco_person,000000539838,train_pool,train
000000539879.jpg,../datasets/raw/coco_person/train/images/000000539879.jpg,../datasets/raw/coco_person/train/labels/000000539879.txt,coco_person,000000539879,train_pool,train
000000539888.jpg,../datasets/raw/coco_person/train/images/000000539888.jpg,../datasets/raw/coco_person/train/labels/000000539888.txt,coco_person,000000539888,train_pool,train
000000539891.jpg,../datasets/raw/coco_person/train/images/000000539891.jpg,../datasets/raw/coco_person/train/labels/000000539891.txt,coco_person,000000539891,train_pool,train
000000539934.jpg,../datasets/raw/coco_person/train/images/000000539934.jpg,../datasets/raw/coco_person/train/labels/000000539934.txt,coco_person,000000539934,train_pool,train
000000539967.jpg,../datasets/raw/coco_person/train/images/000000539967.jpg,../datasets/raw/coco_person/train/labels/000000539967.txt,coco_person,000000539967,train_pool,train
000000540082.jpg,../datasets/raw/coco_person/train/images/000000540082.jpg,../datasets/raw/coco_person/train/labels/000000540082.txt,coco_person,000000540082,train_pool,train
000000540209.jpg,../datasets/raw/coco_person/train/images/000000540209.jpg,../datasets/raw/coco_person/train/labels/000000540209.txt,coco_person,000000540209,train_pool,train
000000540253.jpg,../datasets/raw/coco_person/train/images/000000540253.jpg,../datasets/raw/coco_person/train/labels/000000540253.txt,coco_person,000000540253,train_pool,train
000000540326.jpg,../datasets/raw/coco_person/train/images/000000540326.jpg,../datasets/raw/coco_person/train/labels/000000540326.txt,coco_person,000000540326,train_pool,train
000000540428.jpg,../datasets/raw/coco_person/train/images/000000540428.jpg,../datasets/raw/coco_person/train/labels/000000540428.txt,coco_person,000000540428,train_pool,train
000000540569.jpg,../datasets/raw/coco_person/train/images/000000540569.jpg,../datasets/raw/coco_person/train/labels/000000540569.txt,coco_person,000000540569,train_pool,train
000000541085.jpg,../datasets/raw/coco_person/train/images/000000541085.jpg,../datasets/raw/coco_person/train/labels/000000541085.txt,coco_person,000000541085,train_pool,train
000000541132.jpg,../datasets/raw/coco_person/train/images/000000541132.jpg,../datasets/raw/coco_person/train/labels/000000541132.txt,coco_person,000000541132,train_pool,train
000000541643.jpg,../datasets/raw/coco_person/train/images/000000541643.jpg,../datasets/raw/coco_person/train/labels/000000541643.txt,coco_person,000000541643,train_pool,train
000000541734.jpg,../datasets/raw/coco_person/train/images/000000541734.jpg,../datasets/raw/coco_person/train/labels/000000541734.txt,coco_person,000000541734,train_pool,train
000000541897.jpg,../datasets/raw/coco_person/train/images/000000541897.jpg,../datasets/raw/coco_person/train/labels/000000541897.txt,coco_person,000000541897,train_pool,train
000000542605.jpg,../datasets/raw/coco_person/train/images/000000542605.jpg,../datasets/raw/coco_person/train/labels/000000542605.txt,coco_person,000000542605,train_pool,train
000000542676.jpg,../datasets/raw/coco_person/train/images/000000542676.jpg,../datasets/raw/coco_person/train/labels/000000542676.txt,coco_person,000000542676,train_pool,train
000000542782.jpg,../datasets/raw/coco_person/train/images/000000542782.jpg,../datasets/raw/coco_person/train/labels/000000542782.txt,coco_person,000000542782,train_pool,train
000000542799.jpg,../datasets/raw/coco_person/train/images/000000542799.jpg,../datasets/raw/coco_person/train/labels/000000542799.txt,coco_person,000000542799,train_pool,train
000000542881.jpg,../datasets/raw/coco_person/train/images/000000542881.jpg,../datasets/raw/coco_person/train/labels/000000542881.txt,coco_person,000000542881,train_pool,train
000000542928.jpg,../datasets/raw/coco_person/train/images/000000542928.jpg,../datasets/raw/coco_person/train/labels/000000542928.txt,coco_person,000000542928,train_pool,train
000000543027.jpg,../datasets/raw/coco_person/train/images/000000543027.jpg,../datasets/raw/coco_person/train/labels/000000543027.txt,coco_person,000000543027,train_pool,val
000000543106.jpg,../datasets/raw/coco_person/train/images/000000543106.jpg,../datasets/raw/coco_person/train/labels/000000543106.txt,coco_person,000000543106,train_pool,train
000000543202.jpg,../datasets/raw/coco_person/train/images/000000543202.jpg,../datasets/raw/coco_person/train/labels/000000543202.txt,coco_person,000000543202,train_pool,train
000000543303.jpg,../datasets/raw/coco_person/train/images/000000543303.jpg,../datasets/raw/coco_person/train/labels/000000543303.txt,coco_person,000000543303,train_pool,train
000000543407.jpg,../datasets/raw/coco_person/train/images/000000543407.jpg,../datasets/raw/coco_person/train/labels/000000543407.txt,coco_person,000000543407,train_pool,train
000000543681.jpg,../datasets/raw/coco_person/train/images/000000543681.jpg,../datasets/raw/coco_person/train/labels/000000543681.txt,coco_person,000000543681,train_pool,train
000000544201.jpg,../datasets/raw/coco_person/train/images/000000544201.jpg,../datasets/raw/coco_person/train/labels/000000544201.txt,coco_person,000000544201,train_pool,train
000000544312.jpg,../datasets/raw/coco_person/train/images/000000544312.jpg,../datasets/raw/coco_person/train/labels/000000544312.txt,coco_person,000000544312,train_pool,train
000000544595.jpg,../datasets/raw/coco_person/train/images/000000544595.jpg,../datasets/raw/coco_person/train/labels/000000544595.txt,coco_person,000000544595,train_pool,train
000000544732.jpg,../datasets/raw/coco_person/train/images/000000544732.jpg,../datasets/raw/coco_person/train/labels/000000544732.txt,coco_person,000000544732,train_pool,train
000000544884.jpg,../datasets/raw/coco_person/train/images/000000544884.jpg,../datasets/raw/coco_person/train/labels/000000544884.txt,coco_person,000000544884,train_pool,train
000000544968.jpg,../datasets/raw/coco_person/train/images/000000544968.jpg,../datasets/raw/coco_person/train/labels/000000544968.txt,coco_person,000000544968,train_pool,train
000000545033.jpg,../datasets/raw/coco_person/train/images/000000545033.jpg,../datasets/raw/coco_person/train/labels/000000545033.txt,coco_person,000000545033,train_pool,train
000000545145.jpg,../datasets/raw/coco_person/train/images/000000545145.jpg,../datasets/raw/coco_person/train/labels/000000545145.txt,coco_person,000000545145,train_pool,train
000000545187.jpg,../datasets/raw/coco_person/train/images/000000545187.jpg,../datasets/raw/coco_person/train/labels/000000545187.txt,coco_person,000000545187,train_pool,train
000000545249.jpg,../datasets/raw/coco_person/train/images/000000545249.jpg,../datasets/raw/coco_person/train/labels/000000545249.txt,coco_person,000000545249,train_pool,val
000000545525.jpg,../datasets/raw/coco_person/train/images/000000545525.jpg,../datasets/raw/coco_person/train/labels/000000545525.txt,coco_person,000000545525,train_pool,train
000000545573.jpg,../datasets/raw/coco_person/train/images/000000545573.jpg,../datasets/raw/coco_person/train/labels/000000545573.txt,coco_person,000000545573,train_pool,train
000000545710.jpg,../datasets/raw/coco_person/train/images/000000545710.jpg,../datasets/raw/coco_person/train/labels/000000545710.txt,coco_person,000000545710,train_pool,train
000000545753.jpg,../datasets/raw/coco_person/train/images/000000545753.jpg,../datasets/raw/coco_person/train/labels/000000545753.txt,coco_person,000000545753,train_pool,train
000000545844.jpg,../datasets/raw/coco_person/train/images/000000545844.jpg,../datasets/raw/coco_person/train/labels/000000545844.txt,coco_person,000000545844,train_pool,train
000000545978.jpg,../datasets/raw/coco_person/train/images/000000545978.jpg,../datasets/raw/coco_person/train/labels/000000545978.txt,coco_person,000000545978,train_pool,train
000000546020.jpg,../datasets/raw/coco_person/train/images/000000546020.jpg,../datasets/raw/coco_person/train/labels/000000546020.txt,coco_person,000000546020,train_pool,val
000000546029.jpg,../datasets/raw/coco_person/train/images/000000546029.jpg,../datasets/raw/coco_person/train/labels/000000546029.txt,coco_person,000000546029,train_pool,val
000000546203.jpg,../datasets/raw/coco_person/train/images/000000546203.jpg,../datasets/raw/coco_person/train/labels/000000546203.txt,coco_person,000000546203,train_pool,train
000000546205.jpg,../datasets/raw/coco_person/train/images/000000546205.jpg,../datasets/raw/coco_person/train/labels/000000546205.txt,coco_person,000000546205,train_pool,train
000000546306.jpg,../datasets/raw/coco_person/train/images/000000546306.jpg,../datasets/raw/coco_person/train/labels/000000546306.txt,coco_person,000000546306,train_pool,train
000000546424.jpg,../datasets/raw/coco_person/train/images/000000546424.jpg,../datasets/raw/coco_person/train/labels/000000546424.txt,coco_person,000000546424,train_pool,train
000000546597.jpg,../datasets/raw/coco_person/train/images/000000546597.jpg,../datasets/raw/coco_person/train/labels/000000546597.txt,coco_person,000000546597,train_pool,train
000000546928.jpg,../datasets/raw/coco_person/train/images/000000546928.jpg,../datasets/raw/coco_person/train/labels/000000546928.txt,coco_person,000000546928,train_pool,val
000000547265.jpg,../datasets/raw/coco_person/train/images/000000547265.jpg,../datasets/raw/coco_person/train/labels/000000547265.txt,coco_person,000000547265,train_pool,train
000000547300.jpg,../datasets/raw/coco_person/train/images/000000547300.jpg,../datasets/raw/coco_person/train/labels/000000547300.txt,coco_person,000000547300,train_pool,train
000000547318.jpg,../datasets/raw/coco_person/train/images/000000547318.jpg,../datasets/raw/coco_person/train/labels/000000547318.txt,coco_person,000000547318,train_pool,train
000000547348.jpg,../datasets/raw/coco_person/train/images/000000547348.jpg,../datasets/raw/coco_person/train/labels/000000547348.txt,coco_person,000000547348,train_pool,train
000000547417.jpg,../datasets/raw/coco_person/train/images/000000547417.jpg,../datasets/raw/coco_person/train/labels/000000547417.txt,coco_person,000000547417,train_pool,train
000000547449.jpg,../datasets/raw/coco_person/train/images/000000547449.jpg,../datasets/raw/coco_person/train/labels/000000547449.txt,coco_person,000000547449,train_pool,train
000000547726.jpg,../datasets/raw/coco_person/train/images/000000547726.jpg,../datasets/raw/coco_person/train/labels/000000547726.txt,coco_person,000000547726,train_pool,val
000000547797.jpg,../datasets/raw/coco_person/train/images/000000547797.jpg,../datasets/raw/coco_person/train/labels/000000547797.txt,coco_person,000000547797,train_pool,train
000000548011.jpg,../datasets/raw/coco_person/train/images/000000548011.jpg,../datasets/raw/coco_person/train/labels/000000548011.txt,coco_person,000000548011,train_pool,train
000000548184.jpg,../datasets/raw/coco_person/train/images/000000548184.jpg,../datasets/raw/coco_person/train/labels/000000548184.txt,coco_person,000000548184,train_pool,train
000000548198.jpg,../datasets/raw/coco_person/train/images/000000548198.jpg,../datasets/raw/coco_person/train/labels/000000548198.txt,coco_person,000000548198,train_pool,train
000000548293.jpg,../datasets/raw/coco_person/train/images/000000548293.jpg,../datasets/raw/coco_person/train/labels/000000548293.txt,coco_person,000000548293,train_pool,train
000000548652.jpg,../datasets/raw/coco_person/train/images/000000548652.jpg,../datasets/raw/coco_person/train/labels/000000548652.txt,coco_person,000000548652,train_pool,train
000000548723.jpg,../datasets/raw/coco_person/train/images/000000548723.jpg,../datasets/raw/coco_person/train/labels/000000548723.txt,coco_person,000000548723,train_pool,train
000000548729.jpg,../datasets/raw/coco_person/train/images/000000548729.jpg,../datasets/raw/coco_person/train/labels/000000548729.txt,coco_person,000000548729,train_pool,val
000000548889.jpg,../datasets/raw/coco_person/train/images/000000548889.jpg,../datasets/raw/coco_person/train/labels/000000548889.txt,coco_person,000000548889,train_pool,train
000000549194.jpg,../datasets/raw/coco_person/train/images/000000549194.jpg,../datasets/raw/coco_person/train/labels/000000549194.txt,coco_person,000000549194,train_pool,train
000000549297.jpg,../datasets/raw/coco_person/train/images/000000549297.jpg,../datasets/raw/coco_person/train/labels/000000549297.txt,coco_person,000000549297,train_pool,train
000000549450.jpg,../datasets/raw/coco_person/train/images/000000549450.jpg,../datasets/raw/coco_person/train/labels/000000549450.txt,coco_person,000000549450,train_pool,train
000000549797.jpg,../datasets/raw/coco_person/train/images/000000549797.jpg,../datasets/raw/coco_person/train/labels/000000549797.txt,coco_person,000000549797,train_pool,train
000000549830.jpg,../datasets/raw/coco_person/train/images/000000549830.jpg,../datasets/raw/coco_person/train/labels/000000549830.txt,coco_person,000000549830,train_pool,train
000000549898.jpg,../datasets/raw/coco_person/train/images/000000549898.jpg,../datasets/raw/coco_person/train/labels/000000549898.txt,coco_person,000000549898,train_pool,train
000000549958.jpg,../datasets/raw/coco_person/train/images/000000549958.jpg,../datasets/raw/coco_person/train/labels/000000549958.txt,coco_person,000000549958,train_pool,train
000000550013.jpg,../datasets/raw/coco_person/train/images/000000550013.jpg,../datasets/raw/coco_person/train/labels/000000550013.txt,coco_person,000000550013,train_pool,train
000000550287.jpg,../datasets/raw/coco_person/train/images/000000550287.jpg,../datasets/raw/coco_person/train/labels/000000550287.txt,coco_person,000000550287,train_pool,val
000000550423.jpg,../datasets/raw/coco_person/train/images/000000550423.jpg,../datasets/raw/coco_person/train/labels/000000550423.txt,coco_person,000000550423,train_pool,train
000000551082.jpg,../datasets/raw/coco_person/train/images/000000551082.jpg,../datasets/raw/coco_person/train/labels/000000551082.txt,coco_person,000000551082,train_pool,train
000000551284.jpg,../datasets/raw/coco_person/train/images/000000551284.jpg,../datasets/raw/coco_person/train/labels/000000551284.txt,coco_person,000000551284,train_pool,train
000000551288.jpg,../datasets/raw/coco_person/train/images/000000551288.jpg,../datasets/raw/coco_person/train/labels/000000551288.txt,coco_person,000000551288,train_pool,train
000000551303.jpg,../datasets/raw/coco_person/train/images/000000551303.jpg,../datasets/raw/coco_person/train/labels/000000551303.txt,coco_person,000000551303,train_pool,train
000000551314.jpg,../datasets/raw/coco_person/train/images/000000551314.jpg,../datasets/raw/coco_person/train/labels/000000551314.txt,coco_person,000000551314,train_pool,train
000000551336.jpg,../datasets/raw/coco_person/train/images/000000551336.jpg,../datasets/raw/coco_person/train/labels/000000551336.txt,coco_person,000000551336,train_pool,val
000000551359.jpg,../datasets/raw/coco_person/train/images/000000551359.jpg,../datasets/raw/coco_person/train/labels/000000551359.txt,coco_person,000000551359,train_pool,train
000000551364.jpg,../datasets/raw/coco_person/train/images/000000551364.jpg,../datasets/raw/coco_person/train/labels/000000551364.txt,coco_person,000000551364,train_pool,train
000000551464.jpg,../datasets/raw/coco_person/train/images/000000551464.jpg,../datasets/raw/coco_person/train/labels/000000551464.txt,coco_person,000000551464,train_pool,train
000000551518.jpg,../datasets/raw/coco_person/train/images/000000551518.jpg,../datasets/raw/coco_person/train/labels/000000551518.txt,coco_person,000000551518,train_pool,train
000000551941.jpg,../datasets/raw/coco_person/train/images/000000551941.jpg,../datasets/raw/coco_person/train/labels/000000551941.txt,coco_person,000000551941,train_pool,train
000000552041.jpg,../datasets/raw/coco_person/train/images/000000552041.jpg,../datasets/raw/coco_person/train/labels/000000552041.txt,coco_person,000000552041,train_pool,train
000000552199.jpg,../datasets/raw/coco_person/train/images/000000552199.jpg,../datasets/raw/coco_person/train/labels/000000552199.txt,coco_person,000000552199,train_pool,train
000000552504.jpg,../datasets/raw/coco_person/train/images/000000552504.jpg,../datasets/raw/coco_person/train/labels/000000552504.txt,coco_person,000000552504,train_pool,train
000000552545.jpg,../datasets/raw/coco_person/train/images/000000552545.jpg,../datasets/raw/coco_person/train/labels/000000552545.txt,coco_person,000000552545,train_pool,train
000000552895.jpg,../datasets/raw/coco_person/train/images/000000552895.jpg,../datasets/raw/coco_person/train/labels/000000552895.txt,coco_person,000000552895,train_pool,train
000000553495.jpg,../datasets/raw/coco_person/train/images/000000553495.jpg,../datasets/raw/coco_person/train/labels/000000553495.txt,coco_person,000000553495,train_pool,train
000000553800.jpg,../datasets/raw/coco_person/train/images/000000553800.jpg,../datasets/raw/coco_person/train/labels/000000553800.txt,coco_person,000000553800,train_pool,train
000000554010.jpg,../datasets/raw/coco_person/train/images/000000554010.jpg,../datasets/raw/coco_person/train/labels/000000554010.txt,coco_person,000000554010,train_pool,train
000000554128.jpg,../datasets/raw/coco_person/train/images/000000554128.jpg,../datasets/raw/coco_person/train/labels/000000554128.txt,coco_person,000000554128,train_pool,train
000000554176.jpg,../datasets/raw/coco_person/train/images/000000554176.jpg,../datasets/raw/coco_person/train/labels/000000554176.txt,coco_person,000000554176,train_pool,train
000000554215.jpg,../datasets/raw/coco_person/train/images/000000554215.jpg,../datasets/raw/coco_person/train/labels/000000554215.txt,coco_person,000000554215,train_pool,train
000000554238.jpg,../datasets/raw/coco_person/train/images/000000554238.jpg,../datasets/raw/coco_person/train/labels/000000554238.txt,coco_person,000000554238,train_pool,train
000000554296.jpg,../datasets/raw/coco_person/train/images/000000554296.jpg,../datasets/raw/coco_person/train/labels/000000554296.txt,coco_person,000000554296,train_pool,train
000000554378.jpg,../datasets/raw/coco_person/train/images/000000554378.jpg,../datasets/raw/coco_person/train/labels/000000554378.txt,coco_person,000000554378,train_pool,train
000000554445.jpg,../datasets/raw/coco_person/train/images/000000554445.jpg,../datasets/raw/coco_person/train/labels/000000554445.txt,coco_person,000000554445,train_pool,train
000000554459.jpg,../datasets/raw/coco_person/train/images/000000554459.jpg,../datasets/raw/coco_person/train/labels/000000554459.txt,coco_person,000000554459,train_pool,train
000000554566.jpg,../datasets/raw/coco_person/train/images/000000554566.jpg,../datasets/raw/coco_person/train/labels/000000554566.txt,coco_person,000000554566,train_pool,train
000000554587.jpg,../datasets/raw/coco_person/train/images/000000554587.jpg,../datasets/raw/coco_person/train/labels/000000554587.txt,coco_person,000000554587,train_pool,train
000000554598.jpg,../datasets/raw/coco_person/train/images/000000554598.jpg,../datasets/raw/coco_person/train/labels/000000554598.txt,coco_person,000000554598,train_pool,train
000000554620.jpg,../datasets/raw/coco_person/train/images/000000554620.jpg,../datasets/raw/coco_person/train/labels/000000554620.txt,coco_person,000000554620,train_pool,train
000000554651.jpg,../datasets/raw/coco_person/train/images/000000554651.jpg,../datasets/raw/coco_person/train/labels/000000554651.txt,coco_person,000000554651,train_pool,val
000000554664.jpg,../datasets/raw/coco_person/train/images/000000554664.jpg,../datasets/raw/coco_person/train/labels/000000554664.txt,coco_person,000000554664,train_pool,train
000000554854.jpg,../datasets/raw/coco_person/train/images/000000554854.jpg,../datasets/raw/coco_person/train/labels/000000554854.txt,coco_person,000000554854,train_pool,train
000000554952.jpg,../datasets/raw/coco_person/train/images/000000554952.jpg,../datasets/raw/coco_person/train/labels/000000554952.txt,coco_person,000000554952,train_pool,train
000000555118.jpg,../datasets/raw/coco_person/train/images/000000555118.jpg,../datasets/raw/coco_person/train/labels/000000555118.txt,coco_person,000000555118,train_pool,train
000000555516.jpg,../datasets/raw/coco_person/train/images/000000555516.jpg,../datasets/raw/coco_person/train/labels/000000555516.txt,coco_person,000000555516,train_pool,train
000000555577.jpg,../datasets/raw/coco_person/train/images/000000555577.jpg,../datasets/raw/coco_person/train/labels/000000555577.txt,coco_person,000000555577,train_pool,train
000000555763.jpg,../datasets/raw/coco_person/train/images/000000555763.jpg,../datasets/raw/coco_person/train/labels/000000555763.txt,coco_person,000000555763,train_pool,train
000000556065.jpg,../datasets/raw/coco_person/train/images/000000556065.jpg,../datasets/raw/coco_person/train/labels/000000556065.txt,coco_person,000000556065,train_pool,train
000000556112.jpg,../datasets/raw/coco_person/train/images/000000556112.jpg,../datasets/raw/coco_person/train/labels/000000556112.txt,coco_person,000000556112,train_pool,train
000000556216.jpg,../datasets/raw/coco_person/train/images/000000556216.jpg,../datasets/raw/coco_person/train/labels/000000556216.txt,coco_person,000000556216,train_pool,train
000000556476.jpg,../datasets/raw/coco_person/train/images/000000556476.jpg,../datasets/raw/coco_person/train/labels/000000556476.txt,coco_person,000000556476,train_pool,train
000000556545.jpg,../datasets/raw/coco_person/train/images/000000556545.jpg,../datasets/raw/coco_person/train/labels/000000556545.txt,coco_person,000000556545,train_pool,val
000000556569.jpg,../datasets/raw/coco_person/train/images/000000556569.jpg,../datasets/raw/coco_person/train/labels/000000556569.txt,coco_person,000000556569,train_pool,train
000000556669.jpg,../datasets/raw/coco_person/train/images/000000556669.jpg,../datasets/raw/coco_person/train/labels/000000556669.txt,coco_person,000000556669,train_pool,train
000000556707.jpg,../datasets/raw/coco_person/train/images/000000556707.jpg,../datasets/raw/coco_person/train/labels/000000556707.txt,coco_person,000000556707,train_pool,train
000000556954.jpg,../datasets/raw/coco_person/train/images/000000556954.jpg,../datasets/raw/coco_person/train/labels/000000556954.txt,coco_person,000000556954,train_pool,train
000000557190.jpg,../datasets/raw/coco_person/train/images/000000557190.jpg,../datasets/raw/coco_person/train/labels/000000557190.txt,coco_person,000000557190,train_pool,train
000000557191.jpg,../datasets/raw/coco_person/train/images/000000557191.jpg,../datasets/raw/coco_person/train/labels/000000557191.txt,coco_person,000000557191,train_pool,val
000000557246.jpg,../datasets/raw/coco_person/train/images/000000557246.jpg,../datasets/raw/coco_person/train/labels/000000557246.txt,coco_person,000000557246,train_pool,train
000000557272.jpg,../datasets/raw/coco_person/train/images/000000557272.jpg,../datasets/raw/coco_person/train/labels/000000557272.txt,coco_person,000000557272,train_pool,val
000000557343.jpg,../datasets/raw/coco_person/train/images/000000557343.jpg,../datasets/raw/coco_person/train/labels/000000557343.txt,coco_person,000000557343,train_pool,train
000000557596.jpg,../datasets/raw/coco_person/train/images/000000557596.jpg,../datasets/raw/coco_person/train/labels/000000557596.txt,coco_person,000000557596,train_pool,train
000000557633.jpg,../datasets/raw/coco_person/train/images/000000557633.jpg,../datasets/raw/coco_person/train/labels/000000557633.txt,coco_person,000000557633,train_pool,train
000000557829.jpg,../datasets/raw/coco_person/train/images/000000557829.jpg,../datasets/raw/coco_person/train/labels/000000557829.txt,coco_person,000000557829,train_pool,train
000000557830.jpg,../datasets/raw/coco_person/train/images/000000557830.jpg,../datasets/raw/coco_person/train/labels/000000557830.txt,coco_person,000000557830,train_pool,train
000000558070.jpg,../datasets/raw/coco_person/train/images/000000558070.jpg,../datasets/raw/coco_person/train/labels/000000558070.txt,coco_person,000000558070,train_pool,train
000000558089.jpg,../datasets/raw/coco_person/train/images/000000558089.jpg,../datasets/raw/coco_person/train/labels/000000558089.txt,coco_person,000000558089,train_pool,train
000000558108.jpg,../datasets/raw/coco_person/train/images/000000558108.jpg,../datasets/raw/coco_person/train/labels/000000558108.txt,coco_person,000000558108,train_pool,train
000000558623.jpg,../datasets/raw/coco_person/train/images/000000558623.jpg,../datasets/raw/coco_person/train/labels/000000558623.txt,coco_person,000000558623,train_pool,train
000000559462.jpg,../datasets/raw/coco_person/train/images/000000559462.jpg,../datasets/raw/coco_person/train/labels/000000559462.txt,coco_person,000000559462,train_pool,val
000000559464.jpg,../datasets/raw/coco_person/train/images/000000559464.jpg,../datasets/raw/coco_person/train/labels/000000559464.txt,coco_person,000000559464,train_pool,train
000000559470.jpg,../datasets/raw/coco_person/train/images/000000559470.jpg,../datasets/raw/coco_person/train/labels/000000559470.txt,coco_person,000000559470,train_pool,train
000000559768.jpg,../datasets/raw/coco_person/train/images/000000559768.jpg,../datasets/raw/coco_person/train/labels/000000559768.txt,coco_person,000000559768,train_pool,val
000000559837.jpg,../datasets/raw/coco_person/train/images/000000559837.jpg,../datasets/raw/coco_person/train/labels/000000559837.txt,coco_person,000000559837,train_pool,train
000000559875.jpg,../datasets/raw/coco_person/train/images/000000559875.jpg,../datasets/raw/coco_person/train/labels/000000559875.txt,coco_person,000000559875,train_pool,train
000000560123.jpg,../datasets/raw/coco_person/train/images/000000560123.jpg,../datasets/raw/coco_person/train/labels/000000560123.txt,coco_person,000000560123,train_pool,train
000000560470.jpg,../datasets/raw/coco_person/train/images/000000560470.jpg,../datasets/raw/coco_person/train/labels/000000560470.txt,coco_person,000000560470,train_pool,train
000000560542.jpg,../datasets/raw/coco_person/train/images/000000560542.jpg,../datasets/raw/coco_person/train/labels/000000560542.txt,coco_person,000000560542,train_pool,val
000000560632.jpg,../datasets/raw/coco_person/train/images/000000560632.jpg,../datasets/raw/coco_person/train/labels/000000560632.txt,coco_person,000000560632,train_pool,train
000000560646.jpg,../datasets/raw/coco_person/train/images/000000560646.jpg,../datasets/raw/coco_person/train/labels/000000560646.txt,coco_person,000000560646,train_pool,train
000000560691.jpg,../datasets/raw/coco_person/train/images/000000560691.jpg,../datasets/raw/coco_person/train/labels/000000560691.txt,coco_person,000000560691,train_pool,train
000000560786.jpg,../datasets/raw/coco_person/train/images/000000560786.jpg,../datasets/raw/coco_person/train/labels/000000560786.txt,coco_person,000000560786,train_pool,train
000000560902.jpg,../datasets/raw/coco_person/train/images/000000560902.jpg,../datasets/raw/coco_person/train/labels/000000560902.txt,coco_person,000000560902,train_pool,train
000000560997.jpg,../datasets/raw/coco_person/train/images/000000560997.jpg,../datasets/raw/coco_person/train/labels/000000560997.txt,coco_person,000000560997,train_pool,train
000000561062.jpg,../datasets/raw/coco_person/train/images/000000561062.jpg,../datasets/raw/coco_person/train/labels/000000561062.txt,coco_person,000000561062,train_pool,train
000000561145.jpg,../datasets/raw/coco_person/train/images/000000561145.jpg,../datasets/raw/coco_person/train/labels/000000561145.txt,coco_person,000000561145,train_pool,train
000000561407.jpg,../datasets/raw/coco_person/train/images/000000561407.jpg,../datasets/raw/coco_person/train/labels/000000561407.txt,coco_person,000000561407,train_pool,val
000000561433.jpg,../datasets/raw/coco_person/train/images/000000561433.jpg,../datasets/raw/coco_person/train/labels/000000561433.txt,coco_person,000000561433,train_pool,train
000000561547.jpg,../datasets/raw/coco_person/train/images/000000561547.jpg,../datasets/raw/coco_person/train/labels/000000561547.txt,coco_person,000000561547,train_pool,train
000000561589.jpg,../datasets/raw/coco_person/train/images/000000561589.jpg,../datasets/raw/coco_person/train/labels/000000561589.txt,coco_person,000000561589,train_pool,train
000000561594.jpg,../datasets/raw/coco_person/train/images/000000561594.jpg,../datasets/raw/coco_person/train/labels/000000561594.txt,coco_person,000000561594,train_pool,train
000000561643.jpg,../datasets/raw/coco_person/train/images/000000561643.jpg,../datasets/raw/coco_person/train/labels/000000561643.txt,coco_person,000000561643,train_pool,train
000000561888.jpg,../datasets/raw/coco_person/train/images/000000561888.jpg,../datasets/raw/coco_person/train/labels/000000561888.txt,coco_person,000000561888,train_pool,train
000000562136.jpg,../datasets/raw/coco_person/train/images/000000562136.jpg,../datasets/raw/coco_person/train/labels/000000562136.txt,coco_person,000000562136,train_pool,train
000000562150.jpg,../datasets/raw/coco_person/train/images/000000562150.jpg,../datasets/raw/coco_person/train/labels/000000562150.txt,coco_person,000000562150,train_pool,train
000000562325.jpg,../datasets/raw/coco_person/train/images/000000562325.jpg,../datasets/raw/coco_person/train/labels/000000562325.txt,coco_person,000000562325,train_pool,val
000000562348.jpg,../datasets/raw/coco_person/train/images/000000562348.jpg,../datasets/raw/coco_person/train/labels/000000562348.txt,coco_person,000000562348,train_pool,train
000000562608.jpg,../datasets/raw/coco_person/train/images/000000562608.jpg,../datasets/raw/coco_person/train/labels/000000562608.txt,coco_person,000000562608,train_pool,train
000000562614.jpg,../datasets/raw/coco_person/train/images/000000562614.jpg,../datasets/raw/coco_person/train/labels/000000562614.txt,coco_person,000000562614,train_pool,train
000000562777.jpg,../datasets/raw/coco_person/train/images/000000562777.jpg,../datasets/raw/coco_person/train/labels/000000562777.txt,coco_person,000000562777,train_pool,train
000000562885.jpg,../datasets/raw/coco_person/train/images/000000562885.jpg,../datasets/raw/coco_person/train/labels/000000562885.txt,coco_person,000000562885,train_pool,val
000000563257.jpg,../datasets/raw/coco_person/train/images/000000563257.jpg,../datasets/raw/coco_person/train/labels/000000563257.txt,coco_person,000000563257,train_pool,val
000000563606.jpg,../datasets/raw/coco_person/train/images/000000563606.jpg,../datasets/raw/coco_person/train/labels/000000563606.txt,coco_person,000000563606,train_pool,train
000000563628.jpg,../datasets/raw/coco_person/train/images/000000563628.jpg,../datasets/raw/coco_person/train/labels/000000563628.txt,coco_person,000000563628,train_pool,train
000000563734.jpg,../datasets/raw/coco_person/train/images/000000563734.jpg,../datasets/raw/coco_person/train/labels/000000563734.txt,coco_person,000000563734,train_pool,train
000000563858.jpg,../datasets/raw/coco_person/train/images/000000563858.jpg,../datasets/raw/coco_person/train/labels/000000563858.txt,coco_person,000000563858,train_pool,train
000000563927.jpg,../datasets/raw/coco_person/train/images/000000563927.jpg,../datasets/raw/coco_person/train/labels/000000563927.txt,coco_person,000000563927,train_pool,train
000000564386.jpg,../datasets/raw/coco_person/train/images/000000564386.jpg,../datasets/raw/coco_person/train/labels/000000564386.txt,coco_person,000000564386,train_pool,train
000000564848.jpg,../datasets/raw/coco_person/train/images/000000564848.jpg,../datasets/raw/coco_person/train/labels/000000564848.txt,coco_person,000000564848,train_pool,train
000000565004.jpg,../datasets/raw/coco_person/train/images/000000565004.jpg,../datasets/raw/coco_person/train/labels/000000565004.txt,coco_person,000000565004,train_pool,train
000000565041.jpg,../datasets/raw/coco_person/train/images/000000565041.jpg,../datasets/raw/coco_person/train/labels/000000565041.txt,coco_person,000000565041,train_pool,train
000000565062.jpg,../datasets/raw/coco_person/train/images/000000565062.jpg,../datasets/raw/coco_person/train/labels/000000565062.txt,coco_person,000000565062,train_pool,train
000000565625.jpg,../datasets/raw/coco_person/train/images/000000565625.jpg,../datasets/raw/coco_person/train/labels/000000565625.txt,coco_person,000000565625,train_pool,train
000000565670.jpg,../datasets/raw/coco_person/train/images/000000565670.jpg,../datasets/raw/coco_person/train/labels/000000565670.txt,coco_person,000000565670,train_pool,train
000000565875.jpg,../datasets/raw/coco_person/train/images/000000565875.jpg,../datasets/raw/coco_person/train/labels/000000565875.txt,coco_person,000000565875,train_pool,train
000000566064.jpg,../datasets/raw/coco_person/train/images/000000566064.jpg,../datasets/raw/coco_person/train/labels/000000566064.txt,coco_person,000000566064,train_pool,train
000000566088.jpg,../datasets/raw/coco_person/train/images/000000566088.jpg,../datasets/raw/coco_person/train/labels/000000566088.txt,coco_person,000000566088,train_pool,val
000000566308.jpg,../datasets/raw/coco_person/train/images/000000566308.jpg,../datasets/raw/coco_person/train/labels/000000566308.txt,coco_person,000000566308,train_pool,train
000000566547.jpg,../datasets/raw/coco_person/train/images/000000566547.jpg,../datasets/raw/coco_person/train/labels/000000566547.txt,coco_person,000000566547,train_pool,train
000000567008.jpg,../datasets/raw/coco_person/train/images/000000567008.jpg,../datasets/raw/coco_person/train/labels/000000567008.txt,coco_person,000000567008,train_pool,train
000000567085.jpg,../datasets/raw/coco_person/train/images/000000567085.jpg,../datasets/raw/coco_person/train/labels/000000567085.txt,coco_person,000000567085,train_pool,train
000000567368.jpg,../datasets/raw/coco_person/train/images/000000567368.jpg,../datasets/raw/coco_person/train/labels/000000567368.txt,coco_person,000000567368,train_pool,train
000000568009.jpg,../datasets/raw/coco_person/train/images/000000568009.jpg,../datasets/raw/coco_person/train/labels/000000568009.txt,coco_person,000000568009,train_pool,train
000000568177.jpg,../datasets/raw/coco_person/train/images/000000568177.jpg,../datasets/raw/coco_person/train/labels/000000568177.txt,coco_person,000000568177,train_pool,train
000000568309.jpg,../datasets/raw/coco_person/train/images/000000568309.jpg,../datasets/raw/coco_person/train/labels/000000568309.txt,coco_person,000000568309,train_pool,train
000000568462.jpg,../datasets/raw/coco_person/train/images/000000568462.jpg,../datasets/raw/coco_person/train/labels/000000568462.txt,coco_person,000000568462,train_pool,train
000000568471.jpg,../datasets/raw/coco_person/train/images/000000568471.jpg,../datasets/raw/coco_person/train/labels/000000568471.txt,coco_person,000000568471,train_pool,train
000000568566.jpg,../datasets/raw/coco_person/train/images/000000568566.jpg,../datasets/raw/coco_person/train/labels/000000568566.txt,coco_person,000000568566,train_pool,train
000000568604.jpg,../datasets/raw/coco_person/train/images/000000568604.jpg,../datasets/raw/coco_person/train/labels/000000568604.txt,coco_person,000000568604,train_pool,train
000000568816.jpg,../datasets/raw/coco_person/train/images/000000568816.jpg,../datasets/raw/coco_person/train/labels/000000568816.txt,coco_person,000000568816,train_pool,train
000000568869.jpg,../datasets/raw/coco_person/train/images/000000568869.jpg,../datasets/raw/coco_person/train/labels/000000568869.txt,coco_person,000000568869,train_pool,train
000000568872.jpg,../datasets/raw/coco_person/train/images/000000568872.jpg,../datasets/raw/coco_person/train/labels/000000568872.txt,coco_person,000000568872,train_pool,train
000000569017.jpg,../datasets/raw/coco_person/train/images/000000569017.jpg,../datasets/raw/coco_person/train/labels/000000569017.txt,coco_person,000000569017,train_pool,train
000000569177.jpg,../datasets/raw/coco_person/train/images/000000569177.jpg,../datasets/raw/coco_person/train/labels/000000569177.txt,coco_person,000000569177,train_pool,train
000000569294.jpg,../datasets/raw/coco_person/train/images/000000569294.jpg,../datasets/raw/coco_person/train/labels/000000569294.txt,coco_person,000000569294,train_pool,train
000000569310.jpg,../datasets/raw/coco_person/train/images/000000569310.jpg,../datasets/raw/coco_person/train/labels/000000569310.txt,coco_person,000000569310,train_pool,train
000000569543.jpg,../datasets/raw/coco_person/train/images/000000569543.jpg,../datasets/raw/coco_person/train/labels/000000569543.txt,coco_person,000000569543,train_pool,train
000000569560.jpg,../datasets/raw/coco_person/train/images/000000569560.jpg,../datasets/raw/coco_person/train/labels/000000569560.txt,coco_person,000000569560,train_pool,train
000000569567.jpg,../datasets/raw/coco_person/train/images/000000569567.jpg,../datasets/raw/coco_person/train/labels/000000569567.txt,coco_person,000000569567,train_pool,train
000000569742.jpg,../datasets/raw/coco_person/train/images/000000569742.jpg,../datasets/raw/coco_person/train/labels/000000569742.txt,coco_person,000000569742,train_pool,train
000000569878.jpg,../datasets/raw/coco_person/train/images/000000569878.jpg,../datasets/raw/coco_person/train/labels/000000569878.txt,coco_person,000000569878,train_pool,train
000000570392.jpg,../datasets/raw/coco_person/train/images/000000570392.jpg,../datasets/raw/coco_person/train/labels/000000570392.txt,coco_person,000000570392,train_pool,train
000000570574.jpg,../datasets/raw/coco_person/train/images/000000570574.jpg,../datasets/raw/coco_person/train/labels/000000570574.txt,coco_person,000000570574,train_pool,train
000000570822.jpg,../datasets/raw/coco_person/train/images/000000570822.jpg,../datasets/raw/coco_person/train/labels/000000570822.txt,coco_person,000000570822,train_pool,train
000000570968.jpg,../datasets/raw/coco_person/train/images/000000570968.jpg,../datasets/raw/coco_person/train/labels/000000570968.txt,coco_person,000000570968,train_pool,train
000000571029.jpg,../datasets/raw/coco_person/train/images/000000571029.jpg,../datasets/raw/coco_person/train/labels/000000571029.txt,coco_person,000000571029,train_pool,train
000000571168.jpg,../datasets/raw/coco_person/train/images/000000571168.jpg,../datasets/raw/coco_person/train/labels/000000571168.txt,coco_person,000000571168,train_pool,train
000000571246.jpg,../datasets/raw/coco_person/train/images/000000571246.jpg,../datasets/raw/coco_person/train/labels/000000571246.txt,coco_person,000000571246,train_pool,train
000000571572.jpg,../datasets/raw/coco_person/train/images/000000571572.jpg,../datasets/raw/coco_person/train/labels/000000571572.txt,coco_person,000000571572,train_pool,val
000000571584.jpg,../datasets/raw/coco_person/train/images/000000571584.jpg,../datasets/raw/coco_person/train/labels/000000571584.txt,coco_person,000000571584,train_pool,train
000000571661.jpg,../datasets/raw/coco_person/train/images/000000571661.jpg,../datasets/raw/coco_person/train/labels/000000571661.txt,coco_person,000000571661,train_pool,train
000000571677.jpg,../datasets/raw/coco_person/train/images/000000571677.jpg,../datasets/raw/coco_person/train/labels/000000571677.txt,coco_person,000000571677,train_pool,train
000000571696.jpg,../datasets/raw/coco_person/train/images/000000571696.jpg,../datasets/raw/coco_person/train/labels/000000571696.txt,coco_person,000000571696,train_pool,train
000000571702.jpg,../datasets/raw/coco_person/train/images/000000571702.jpg,../datasets/raw/coco_person/train/labels/000000571702.txt,coco_person,000000571702,train_pool,train
000000571737.jpg,../datasets/raw/coco_person/train/images/000000571737.jpg,../datasets/raw/coco_person/train/labels/000000571737.txt,coco_person,000000571737,train_pool,train
000000571745.jpg,../datasets/raw/coco_person/train/images/000000571745.jpg,../datasets/raw/coco_person/train/labels/000000571745.txt,coco_person,000000571745,train_pool,train
000000571920.jpg,../datasets/raw/coco_person/train/images/000000571920.jpg,../datasets/raw/coco_person/train/labels/000000571920.txt,coco_person,000000571920,train_pool,train
000000572061.jpg,../datasets/raw/coco_person/train/images/000000572061.jpg,../datasets/raw/coco_person/train/labels/000000572061.txt,coco_person,000000572061,train_pool,train
000000572178.jpg,../datasets/raw/coco_person/train/images/000000572178.jpg,../datasets/raw/coco_person/train/labels/000000572178.txt,coco_person,000000572178,train_pool,train
000000572301.jpg,../datasets/raw/coco_person/train/images/000000572301.jpg,../datasets/raw/coco_person/train/labels/000000572301.txt,coco_person,000000572301,train_pool,val
000000572308.jpg,../datasets/raw/coco_person/train/images/000000572308.jpg,../datasets/raw/coco_person/train/labels/000000572308.txt,coco_person,000000572308,train_pool,train
000000572401.jpg,../datasets/raw/coco_person/train/images/000000572401.jpg,../datasets/raw/coco_person/train/labels/000000572401.txt,coco_person,000000572401,train_pool,val
000000572453.jpg,../datasets/raw/coco_person/train/images/000000572453.jpg,../datasets/raw/coco_person/train/labels/000000572453.txt,coco_person,000000572453,train_pool,val
000000572680.jpg,../datasets/raw/coco_person/train/images/000000572680.jpg,../datasets/raw/coco_person/train/labels/000000572680.txt,coco_person,000000572680,train_pool,train
000000572737.jpg,../datasets/raw/coco_person/train/images/000000572737.jpg,../datasets/raw/coco_person/train/labels/000000572737.txt,coco_person,000000572737,train_pool,train
000000572754.jpg,../datasets/raw/coco_person/train/images/000000572754.jpg,../datasets/raw/coco_person/train/labels/000000572754.txt,coco_person,000000572754,train_pool,train
000000572840.jpg,../datasets/raw/coco_person/train/images/000000572840.jpg,../datasets/raw/coco_person/train/labels/000000572840.txt,coco_person,000000572840,train_pool,train
000000573191.jpg,../datasets/raw/coco_person/train/images/000000573191.jpg,../datasets/raw/coco_person/train/labels/000000573191.txt,coco_person,000000573191,train_pool,train
000000573349.jpg,../datasets/raw/coco_person/train/images/000000573349.jpg,../datasets/raw/coco_person/train/labels/000000573349.txt,coco_person,000000573349,train_pool,val
000000573360.jpg,../datasets/raw/coco_person/train/images/000000573360.jpg,../datasets/raw/coco_person/train/labels/000000573360.txt,coco_person,000000573360,train_pool,val
000000573533.jpg,../datasets/raw/coco_person/train/images/000000573533.jpg,../datasets/raw/coco_person/train/labels/000000573533.txt,coco_person,000000573533,train_pool,train
000000573605.jpg,../datasets/raw/coco_person/train/images/000000573605.jpg,../datasets/raw/coco_person/train/labels/000000573605.txt,coco_person,000000573605,train_pool,train
000000573647.jpg,../datasets/raw/coco_person/train/images/000000573647.jpg,../datasets/raw/coco_person/train/labels/000000573647.txt,coco_person,000000573647,train_pool,train
000000573958.jpg,../datasets/raw/coco_person/train/images/000000573958.jpg,../datasets/raw/coco_person/train/labels/000000573958.txt,coco_person,000000573958,train_pool,train
000000573981.jpg,../datasets/raw/coco_person/train/images/000000573981.jpg,../datasets/raw/coco_person/train/labels/000000573981.txt,coco_person,000000573981,train_pool,train
000000574014.jpg,../datasets/raw/coco_person/train/images/000000574014.jpg,../datasets/raw/coco_person/train/labels/000000574014.txt,coco_person,000000574014,train_pool,train
000000574052.jpg,../datasets/raw/coco_person/train/images/000000574052.jpg,../datasets/raw/coco_person/train/labels/000000574052.txt,coco_person,000000574052,train_pool,train
000000574087.jpg,../datasets/raw/coco_person/train/images/000000574087.jpg,../datasets/raw/coco_person/train/labels/000000574087.txt,coco_person,000000574087,train_pool,val
000000574376.jpg,../datasets/raw/coco_person/train/images/000000574376.jpg,../datasets/raw/coco_person/train/labels/000000574376.txt,coco_person,000000574376,train_pool,train
000000574454.jpg,../datasets/raw/coco_person/train/images/000000574454.jpg,../datasets/raw/coco_person/train/labels/000000574454.txt,coco_person,000000574454,train_pool,val
000000574882.jpg,../datasets/raw/coco_person/train/images/000000574882.jpg,../datasets/raw/coco_person/train/labels/000000574882.txt,coco_person,000000574882,train_pool,train
000000574885.jpg,../datasets/raw/coco_person/train/images/000000574885.jpg,../datasets/raw/coco_person/train/labels/000000574885.txt,coco_person,000000574885,train_pool,train
000000574986.jpg,../datasets/raw/coco_person/train/images/000000574986.jpg,../datasets/raw/coco_person/train/labels/000000574986.txt,coco_person,000000574986,train_pool,train
000000575018.jpg,../datasets/raw/coco_person/train/images/000000575018.jpg,../datasets/raw/coco_person/train/labels/000000575018.txt,coco_person,000000575018,train_pool,train
000000575310.jpg,../datasets/raw/coco_person/train/images/000000575310.jpg,../datasets/raw/coco_person/train/labels/000000575310.txt,coco_person,000000575310,train_pool,train
000000575319.jpg,../datasets/raw/coco_person/train/images/000000575319.jpg,../datasets/raw/coco_person/train/labels/000000575319.txt,coco_person,000000575319,train_pool,train
000000575584.jpg,../datasets/raw/coco_person/train/images/000000575584.jpg,../datasets/raw/coco_person/train/labels/000000575584.txt,coco_person,000000575584,train_pool,train
000000575768.jpg,../datasets/raw/coco_person/train/images/000000575768.jpg,../datasets/raw/coco_person/train/labels/000000575768.txt,coco_person,000000575768,train_pool,train
000000575826.jpg,../datasets/raw/coco_person/train/images/000000575826.jpg,../datasets/raw/coco_person/train/labels/000000575826.txt,coco_person,000000575826,train_pool,train
000000575964.jpg,../datasets/raw/coco_person/train/images/000000575964.jpg,../datasets/raw/coco_person/train/labels/000000575964.txt,coco_person,000000575964,train_pool,val
000000576063.jpg,../datasets/raw/coco_person/train/images/000000576063.jpg,../datasets/raw/coco_person/train/labels/000000576063.txt,coco_person,000000576063,train_pool,train
000000576445.jpg,../datasets/raw/coco_person/train/images/000000576445.jpg,../datasets/raw/coco_person/train/labels/000000576445.txt,coco_person,000000576445,train_pool,train
000000576704.jpg,../datasets/raw/coco_person/train/images/000000576704.jpg,../datasets/raw/coco_person/train/labels/000000576704.txt,coco_person,000000576704,train_pool,train
000000576752.jpg,../datasets/raw/coco_person/train/images/000000576752.jpg,../datasets/raw/coco_person/train/labels/000000576752.txt,coco_person,000000576752,train_pool,train
000000576817.jpg,../datasets/raw/coco_person/train/images/000000576817.jpg,../datasets/raw/coco_person/train/labels/000000576817.txt,coco_person,000000576817,train_pool,train
000000576946.jpg,../datasets/raw/coco_person/train/images/000000576946.jpg,../datasets/raw/coco_person/train/labels/000000576946.txt,coco_person,000000576946,train_pool,val
000000577083.jpg,../datasets/raw/coco_person/train/images/000000577083.jpg,../datasets/raw/coco_person/train/labels/000000577083.txt,coco_person,000000577083,train_pool,train
000000577398.jpg,../datasets/raw/coco_person/train/images/000000577398.jpg,../datasets/raw/coco_person/train/labels/000000577398.txt,coco_person,000000577398,train_pool,train
000000577448.jpg,../datasets/raw/coco_person/train/images/000000577448.jpg,../datasets/raw/coco_person/train/labels/000000577448.txt,coco_person,000000577448,train_pool,train
000000577464.jpg,../datasets/raw/coco_person/train/images/000000577464.jpg,../datasets/raw/coco_person/train/labels/000000577464.txt,coco_person,000000577464,train_pool,train
000000577520.jpg,../datasets/raw/coco_person/train/images/000000577520.jpg,../datasets/raw/coco_person/train/labels/000000577520.txt,coco_person,000000577520,train_pool,train
000000577712.jpg,../datasets/raw/coco_person/train/images/000000577712.jpg,../datasets/raw/coco_person/train/labels/000000577712.txt,coco_person,000000577712,train_pool,train
000000577924.jpg,../datasets/raw/coco_person/train/images/000000577924.jpg,../datasets/raw/coco_person/train/labels/000000577924.txt,coco_person,000000577924,train_pool,train
000000578031.jpg,../datasets/raw/coco_person/train/images/000000578031.jpg,../datasets/raw/coco_person/train/labels/000000578031.txt,coco_person,000000578031,train_pool,train
000000578330.jpg,../datasets/raw/coco_person/train/images/000000578330.jpg,../datasets/raw/coco_person/train/labels/000000578330.txt,coco_person,000000578330,train_pool,val
000000578332.jpg,../datasets/raw/coco_person/train/images/000000578332.jpg,../datasets/raw/coco_person/train/labels/000000578332.txt,coco_person,000000578332,train_pool,train
000000578459.jpg,../datasets/raw/coco_person/train/images/000000578459.jpg,../datasets/raw/coco_person/train/labels/000000578459.txt,coco_person,000000578459,train_pool,train
000000578508.jpg,../datasets/raw/coco_person/train/images/000000578508.jpg,../datasets/raw/coco_person/train/labels/000000578508.txt,coco_person,000000578508,train_pool,train
000000578572.jpg,../datasets/raw/coco_person/train/images/000000578572.jpg,../datasets/raw/coco_person/train/labels/000000578572.txt,coco_person,000000578572,train_pool,train
000000578650.jpg,../datasets/raw/coco_person/train/images/000000578650.jpg,../datasets/raw/coco_person/train/labels/000000578650.txt,coco_person,000000578650,train_pool,train
000000578710.jpg,../datasets/raw/coco_person/train/images/000000578710.jpg,../datasets/raw/coco_person/train/labels/000000578710.txt,coco_person,000000578710,train_pool,train
000000578974.jpg,../datasets/raw/coco_person/train/images/000000578974.jpg,../datasets/raw/coco_person/train/labels/000000578974.txt,coco_person,000000578974,train_pool,val
000000579095.jpg,../datasets/raw/coco_person/train/images/000000579095.jpg,../datasets/raw/coco_person/train/labels/000000579095.txt,coco_person,000000579095,train_pool,train
000000579137.jpg,../datasets/raw/coco_person/train/images/000000579137.jpg,../datasets/raw/coco_person/train/labels/000000579137.txt,coco_person,000000579137,train_pool,train
000000579229.jpg,../datasets/raw/coco_person/train/images/000000579229.jpg,../datasets/raw/coco_person/train/labels/000000579229.txt,coco_person,000000579229,train_pool,train
000000579260.jpg,../datasets/raw/coco_person/train/images/000000579260.jpg,../datasets/raw/coco_person/train/labels/000000579260.txt,coco_person,000000579260,train_pool,train
000000579294.jpg,../datasets/raw/coco_person/train/images/000000579294.jpg,../datasets/raw/coco_person/train/labels/000000579294.txt,coco_person,000000579294,train_pool,train
000000579362.jpg,../datasets/raw/coco_person/train/images/000000579362.jpg,../datasets/raw/coco_person/train/labels/000000579362.txt,coco_person,000000579362,train_pool,train
000000579418.jpg,../datasets/raw/coco_person/train/images/000000579418.jpg,../datasets/raw/coco_person/train/labels/000000579418.txt,coco_person,000000579418,train_pool,train
000000580344.jpg,../datasets/raw/coco_person/train/images/000000580344.jpg,../datasets/raw/coco_person/train/labels/000000580344.txt,coco_person,000000580344,train_pool,train
000000580381.jpg,../datasets/raw/coco_person/train/images/000000580381.jpg,../datasets/raw/coco_person/train/labels/000000580381.txt,coco_person,000000580381,train_pool,train
000000580461.jpg,../datasets/raw/coco_person/train/images/000000580461.jpg,../datasets/raw/coco_person/train/labels/000000580461.txt,coco_person,000000580461,train_pool,val
000000580843.jpg,../datasets/raw/coco_person/train/images/000000580843.jpg,../datasets/raw/coco_person/train/labels/000000580843.txt,coco_person,000000580843,train_pool,val
000000580905.jpg,../datasets/raw/coco_person/train/images/000000580905.jpg,../datasets/raw/coco_person/train/labels/000000580905.txt,coco_person,000000580905,train_pool,train
000000581073.jpg,../datasets/raw/coco_person/train/images/000000581073.jpg,../datasets/raw/coco_person/train/labels/000000581073.txt,coco_person,000000581073,train_pool,train
000000581297.jpg,../datasets/raw/coco_person/train/images/000000581297.jpg,../datasets/raw/coco_person/train/labels/000000581297.txt,coco_person,000000581297,train_pool,train
000000581396.jpg,../datasets/raw/coco_person/train/images/000000581396.jpg,../datasets/raw/coco_person/train/labels/000000581396.txt,coco_person,000000581396,train_pool,train
000000581499.jpg,../datasets/raw/coco_person/train/images/000000581499.jpg,../datasets/raw/coco_person/train/labels/000000581499.txt,coco_person,000000581499,train_pool,train
000000581513.jpg,../datasets/raw/coco_person/train/images/000000581513.jpg,../datasets/raw/coco_person/train/labels/000000581513.txt,coco_person,000000581513,train_pool,train
000000581560.jpg,../datasets/raw/coco_person/train/images/000000581560.jpg,../datasets/raw/coco_person/train/labels/000000581560.txt,coco_person,000000581560,train_pool,train
000000581654.jpg,../datasets/raw/coco_person/train/images/000000581654.jpg,../datasets/raw/coco_person/train/labels/000000581654.txt,coco_person,000000581654,train_pool,train
000000581884.jpg,../datasets/raw/coco_person/train/images/000000581884.jpg,../datasets/raw/coco_person/train/labels/000000581884.txt,coco_person,000000581884,train_pool,train
000000000139.jpg,../datasets/raw/coco_person/val/images/000000000139.jpg,../datasets/raw/coco_person/val/labels/000000000139.txt,coco_person,000000000139,test_pool,test
000000000885.jpg,../datasets/raw/coco_person/val/images/000000000885.jpg,../datasets/raw/coco_person/val/labels/000000000885.txt,coco_person,000000000885,test_pool,test
000000001000.jpg,../datasets/raw/coco_person/val/images/000000001000.jpg,../datasets/raw/coco_person/val/labels/000000001000.txt,coco_person,000000001000,test_pool,test
000000001353.jpg,../datasets/raw/coco_person/val/images/000000001353.jpg,../datasets/raw/coco_person/val/labels/000000001353.txt,coco_person,000000001353,test_pool,test
000000001584.jpg,../datasets/raw/coco_person/val/images/000000001584.jpg,../datasets/raw/coco_person/val/labels/000000001584.txt,coco_person,000000001584,test_pool,test
000000001761.jpg,../datasets/raw/coco_person/val/images/000000001761.jpg,../datasets/raw/coco_person/val/labels/000000001761.txt,coco_person,000000001761,test_pool,test
000000002006.jpg,../datasets/raw/coco_person/val/images/000000002006.jpg,../datasets/raw/coco_person/val/labels/000000002006.txt,coco_person,000000002006,test_pool,test
000000002532.jpg,../datasets/raw/coco_person/val/images/000000002532.jpg,../datasets/raw/coco_person/val/labels/000000002532.txt,coco_person,000000002532,test_pool,test
000000002685.jpg,../datasets/raw/coco_person/val/images/000000002685.jpg,../datasets/raw/coco_person/val/labels/000000002685.txt,coco_person,000000002685,test_pool,test
000000003553.jpg,../datasets/raw/coco_person/val/images/000000003553.jpg,../datasets/raw/coco_person/val/labels/000000003553.txt,coco_person,000000003553,test_pool,test
000000004134.jpg,../datasets/raw/coco_person/val/images/000000004134.jpg,../datasets/raw/coco_person/val/labels/000000004134.txt,coco_person,000000004134,test_pool,test
000000005037.jpg,../datasets/raw/coco_person/val/images/000000005037.jpg,../datasets/raw/coco_person/val/labels/000000005037.txt,coco_person,000000005037,test_pool,test
000000006460.jpg,../datasets/raw/coco_person/val/images/000000006460.jpg,../datasets/raw/coco_person/val/labels/000000006460.txt,coco_person,000000006460,test_pool,test
000000006471.jpg,../datasets/raw/coco_person/val/images/000000006471.jpg,../datasets/raw/coco_person/val/labels/000000006471.txt,coco_person,000000006471,test_pool,test
000000006771.jpg,../datasets/raw/coco_person/val/images/000000006771.jpg,../datasets/raw/coco_person/val/labels/000000006771.txt,coco_person,000000006771,test_pool,test
000000006894.jpg,../datasets/raw/coco_person/val/images/000000006894.jpg,../datasets/raw/coco_person/val/labels/000000006894.txt,coco_person,000000006894,test_pool,test
000000007278.jpg,../datasets/raw/coco_person/val/images/000000007278.jpg,../datasets/raw/coco_person/val/labels/000000007278.txt,coco_person,000000007278,test_pool,test
000000007281.jpg,../datasets/raw/coco_person/val/images/000000007281.jpg,../datasets/raw/coco_person/val/labels/000000007281.txt,coco_person,000000007281,test_pool,test
000000008021.jpg,../datasets/raw/coco_person/val/images/000000008021.jpg,../datasets/raw/coco_person/val/labels/000000008021.txt,coco_person,000000008021,test_pool,test
000000008211.jpg,../datasets/raw/coco_person/val/images/000000008211.jpg,../datasets/raw/coco_person/val/labels/000000008211.txt,coco_person,000000008211,test_pool,test
000000008690.jpg,../datasets/raw/coco_person/val/images/000000008690.jpg,../datasets/raw/coco_person/val/labels/000000008690.txt,coco_person,000000008690,test_pool,test
000000008844.jpg,../datasets/raw/coco_person/val/images/000000008844.jpg,../datasets/raw/coco_person/val/labels/000000008844.txt,coco_person,000000008844,test_pool,test
000000009378.jpg,../datasets/raw/coco_person/val/images/000000009378.jpg,../datasets/raw/coco_person/val/labels/000000009378.txt,coco_person,000000009378,test_pool,test
000000009590.jpg,../datasets/raw/coco_person/val/images/000000009590.jpg,../datasets/raw/coco_person/val/labels/000000009590.txt,coco_person,000000009590,test_pool,test
000000009769.jpg,../datasets/raw/coco_person/val/images/000000009769.jpg,../datasets/raw/coco_person/val/labels/000000009769.txt,coco_person,000000009769,test_pool,test
000000009772.jpg,../datasets/raw/coco_person/val/images/000000009772.jpg,../datasets/raw/coco_person/val/labels/000000009772.txt,coco_person,000000009772,test_pool,test
000000009891.jpg,../datasets/raw/coco_person/val/images/000000009891.jpg,../datasets/raw/coco_person/val/labels/000000009891.txt,coco_person,000000009891,test_pool,test
000000011149.jpg,../datasets/raw/coco_person/val/images/000000011149.jpg,../datasets/raw/coco_person/val/labels/000000011149.txt,coco_person,000000011149,test_pool,test
000000011699.jpg,../datasets/raw/coco_person/val/images/000000011699.jpg,../datasets/raw/coco_person/val/labels/000000011699.txt,coco_person,000000011699,test_pool,test
000000012120.jpg,../datasets/raw/coco_person/val/images/000000012120.jpg,../datasets/raw/coco_person/val/labels/000000012120.txt,coco_person,000000012120,test_pool,test
000000012670.jpg,../datasets/raw/coco_person/val/images/000000012670.jpg,../datasets/raw/coco_person/val/labels/000000012670.txt,coco_person,000000012670,test_pool,test
000000012748.jpg,../datasets/raw/coco_person/val/images/000000012748.jpg,../datasets/raw/coco_person/val/labels/000000012748.txt,coco_person,000000012748,test_pool,test
000000013177.jpg,../datasets/raw/coco_person/val/images/000000013177.jpg,../datasets/raw/coco_person/val/labels/000000013177.txt,coco_person,000000013177,test_pool,test
000000013201.jpg,../datasets/raw/coco_person/val/images/000000013201.jpg,../datasets/raw/coco_person/val/labels/000000013201.txt,coco_person,000000013201,test_pool,test
000000013348.jpg,../datasets/raw/coco_person/val/images/000000013348.jpg,../datasets/raw/coco_person/val/labels/000000013348.txt,coco_person,000000013348,test_pool,test
000000013774.jpg,../datasets/raw/coco_person/val/images/000000013774.jpg,../datasets/raw/coco_person/val/labels/000000013774.txt,coco_person,000000013774,test_pool,test
000000015956.jpg,../datasets/raw/coco_person/val/images/000000015956.jpg,../datasets/raw/coco_person/val/labels/000000015956.txt,coco_person,000000015956,test_pool,test
000000016249.jpg,../datasets/raw/coco_person/val/images/000000016249.jpg,../datasets/raw/coco_person/val/labels/000000016249.txt,coco_person,000000016249,test_pool,test
000000017207.jpg,../datasets/raw/coco_person/val/images/000000017207.jpg,../datasets/raw/coco_person/val/labels/000000017207.txt,coco_person,000000017207,test_pool,test
000000017379.jpg,../datasets/raw/coco_person/val/images/000000017379.jpg,../datasets/raw/coco_person/val/labels/000000017379.txt,coco_person,000000017379,test_pool,test
000000017905.jpg,../datasets/raw/coco_person/val/images/000000017905.jpg,../datasets/raw/coco_person/val/labels/000000017905.txt,coco_person,000000017905,test_pool,test
000000018150.jpg,../datasets/raw/coco_person/val/images/000000018150.jpg,../datasets/raw/coco_person/val/labels/000000018150.txt,coco_person,000000018150,test_pool,test
000000018193.jpg,../datasets/raw/coco_person/val/images/000000018193.jpg,../datasets/raw/coco_person/val/labels/000000018193.txt,coco_person,000000018193,test_pool,test
000000018380.jpg,../datasets/raw/coco_person/val/images/000000018380.jpg,../datasets/raw/coco_person/val/labels/000000018380.txt,coco_person,000000018380,test_pool,test
000000019109.jpg,../datasets/raw/coco_person/val/images/000000019109.jpg,../datasets/raw/coco_person/val/labels/000000019109.txt,coco_person,000000019109,test_pool,test
000000019402.jpg,../datasets/raw/coco_person/val/images/000000019402.jpg,../datasets/raw/coco_person/val/labels/000000019402.txt,coco_person,000000019402,test_pool,test
000000021903.jpg,../datasets/raw/coco_person/val/images/000000021903.jpg,../datasets/raw/coco_person/val/labels/000000021903.txt,coco_person,000000021903,test_pool,test
000000022479.jpg,../datasets/raw/coco_person/val/images/000000022479.jpg,../datasets/raw/coco_person/val/labels/000000022479.txt,coco_person,000000022479,test_pool,test
000000022705.jpg,../datasets/raw/coco_person/val/images/000000022705.jpg,../datasets/raw/coco_person/val/labels/000000022705.txt,coco_person,000000022705,test_pool,test
000000022935.jpg,../datasets/raw/coco_person/val/images/000000022935.jpg,../datasets/raw/coco_person/val/labels/000000022935.txt,coco_person,000000022935,test_pool,test
000000023899.jpg,../datasets/raw/coco_person/val/images/000000023899.jpg,../datasets/raw/coco_person/val/labels/000000023899.txt,coco_person,000000023899,test_pool,test
000000025181.jpg,../datasets/raw/coco_person/val/images/000000025181.jpg,../datasets/raw/coco_person/val/labels/000000025181.txt,coco_person,000000025181,test_pool,test
000000025393.jpg,../datasets/raw/coco_person/val/images/000000025393.jpg,../datasets/raw/coco_person/val/labels/000000025393.txt,coco_person,000000025393,test_pool,test
000000025394.jpg,../datasets/raw/coco_person/val/images/000000025394.jpg,../datasets/raw/coco_person/val/labels/000000025394.txt,coco_person,000000025394,test_pool,test
000000025560.jpg,../datasets/raw/coco_person/val/images/000000025560.jpg,../datasets/raw/coco_person/val/labels/000000025560.txt,coco_person,000000025560,test_pool,test
000000026465.jpg,../datasets/raw/coco_person/val/images/000000026465.jpg,../datasets/raw/coco_person/val/labels/000000026465.txt,coco_person,000000026465,test_pool,test
000000026941.jpg,../datasets/raw/coco_person/val/images/000000026941.jpg,../datasets/raw/coco_person/val/labels/000000026941.txt,coco_person,000000026941,test_pool,test
000000027186.jpg,../datasets/raw/coco_person/val/images/000000027186.jpg,../datasets/raw/coco_person/val/labels/000000027186.txt,coco_person,000000027186,test_pool,test
000000028993.jpg,../datasets/raw/coco_person/val/images/000000028993.jpg,../datasets/raw/coco_person/val/labels/000000028993.txt,coco_person,000000028993,test_pool,test
000000029187.jpg,../datasets/raw/coco_person/val/images/000000029187.jpg,../datasets/raw/coco_person/val/labels/000000029187.txt,coco_person,000000029187,test_pool,test
000000030504.jpg,../datasets/raw/coco_person/val/images/000000030504.jpg,../datasets/raw/coco_person/val/labels/000000030504.txt,coco_person,000000030504,test_pool,test
000000031118.jpg,../datasets/raw/coco_person/val/images/000000031118.jpg,../datasets/raw/coco_person/val/labels/000000031118.txt,coco_person,000000031118,test_pool,test
000000031817.jpg,../datasets/raw/coco_person/val/images/000000031817.jpg,../datasets/raw/coco_person/val/labels/000000031817.txt,coco_person,000000031817,test_pool,test
000000032901.jpg,../datasets/raw/coco_person/val/images/000000032901.jpg,../datasets/raw/coco_person/val/labels/000000032901.txt,coco_person,000000032901,test_pool,test
000000032941.jpg,../datasets/raw/coco_person/val/images/000000032941.jpg,../datasets/raw/coco_person/val/labels/000000032941.txt,coco_person,000000032941,test_pool,test
000000033759.jpg,../datasets/raw/coco_person/val/images/000000033759.jpg,../datasets/raw/coco_person/val/labels/000000033759.txt,coco_person,000000033759,test_pool,test
000000034139.jpg,../datasets/raw/coco_person/val/images/000000034139.jpg,../datasets/raw/coco_person/val/labels/000000034139.txt,coco_person,000000034139,test_pool,test
000000034417.jpg,../datasets/raw/coco_person/val/images/000000034417.jpg,../datasets/raw/coco_person/val/labels/000000034417.txt,coco_person,000000034417,test_pool,test
000000035197.jpg,../datasets/raw/coco_person/val/images/000000035197.jpg,../datasets/raw/coco_person/val/labels/000000035197.txt,coco_person,000000035197,test_pool,test
000000035279.jpg,../datasets/raw/coco_person/val/images/000000035279.jpg,../datasets/raw/coco_person/val/labels/000000035279.txt,coco_person,000000035279,test_pool,test
000000036936.jpg,../datasets/raw/coco_person/val/images/000000036936.jpg,../datasets/raw/coco_person/val/labels/000000036936.txt,coco_person,000000036936,test_pool,test
000000037751.jpg,../datasets/raw/coco_person/val/images/000000037751.jpg,../datasets/raw/coco_person/val/labels/000000037751.txt,coco_person,000000037751,test_pool,test
000000038048.jpg,../datasets/raw/coco_person/val/images/000000038048.jpg,../datasets/raw/coco_person/val/labels/000000038048.txt,coco_person,000000038048,test_pool,test
000000038210.jpg,../datasets/raw/coco_person/val/images/000000038210.jpg,../datasets/raw/coco_person/val/labels/000000038210.txt,coco_person,000000038210,test_pool,test
000000038678.jpg,../datasets/raw/coco_person/val/images/000000038678.jpg,../datasets/raw/coco_person/val/labels/000000038678.txt,coco_person,000000038678,test_pool,test
000000039484.jpg,../datasets/raw/coco_person/val/images/000000039484.jpg,../datasets/raw/coco_person/val/labels/000000039484.txt,coco_person,000000039484,test_pool,test
000000040083.jpg,../datasets/raw/coco_person/val/images/000000040083.jpg,../datasets/raw/coco_person/val/labels/000000040083.txt,coco_person,000000040083,test_pool,test
000000042070.jpg,../datasets/raw/coco_person/val/images/000000042070.jpg,../datasets/raw/coco_person/val/labels/000000042070.txt,coco_person,000000042070,test_pool,test
000000043816.jpg,../datasets/raw/coco_person/val/images/000000043816.jpg,../datasets/raw/coco_person/val/labels/000000043816.txt,coco_person,000000043816,test_pool,test
000000044279.jpg,../datasets/raw/coco_person/val/images/000000044279.jpg,../datasets/raw/coco_person/val/labels/000000044279.txt,coco_person,000000044279,test_pool,test
000000044877.jpg,../datasets/raw/coco_person/val/images/000000044877.jpg,../datasets/raw/coco_person/val/labels/000000044877.txt,coco_person,000000044877,test_pool,test
000000045070.jpg,../datasets/raw/coco_person/val/images/000000045070.jpg,../datasets/raw/coco_person/val/labels/000000045070.txt,coco_person,000000045070,test_pool,test
000000045550.jpg,../datasets/raw/coco_person/val/images/000000045550.jpg,../datasets/raw/coco_person/val/labels/000000045550.txt,coco_person,000000045550,test_pool,test
000000046048.jpg,../datasets/raw/coco_person/val/images/000000046048.jpg,../datasets/raw/coco_person/val/labels/000000046048.txt,coco_person,000000046048,test_pool,test
000000046463.jpg,../datasets/raw/coco_person/val/images/000000046463.jpg,../datasets/raw/coco_person/val/labels/000000046463.txt,coco_person,000000046463,test_pool,test
000000046872.jpg,../datasets/raw/coco_person/val/images/000000046872.jpg,../datasets/raw/coco_person/val/labels/000000046872.txt,coco_person,000000046872,test_pool,test
000000047571.jpg,../datasets/raw/coco_person/val/images/000000047571.jpg,../datasets/raw/coco_person/val/labels/000000047571.txt,coco_person,000000047571,test_pool,test
000000047585.jpg,../datasets/raw/coco_person/val/images/000000047585.jpg,../datasets/raw/coco_person/val/labels/000000047585.txt,coco_person,000000047585,test_pool,test
000000048153.jpg,../datasets/raw/coco_person/val/images/000000048153.jpg,../datasets/raw/coco_person/val/labels/000000048153.txt,coco_person,000000048153,test_pool,test
000000049759.jpg,../datasets/raw/coco_person/val/images/000000049759.jpg,../datasets/raw/coco_person/val/labels/000000049759.txt,coco_person,000000049759,test_pool,test
000000050326.jpg,../datasets/raw/coco_person/val/images/000000050326.jpg,../datasets/raw/coco_person/val/labels/000000050326.txt,coco_person,000000050326,test_pool,test
000000051314.jpg,../datasets/raw/coco_person/val/images/000000051314.jpg,../datasets/raw/coco_person/val/labels/000000051314.txt,coco_person,000000051314,test_pool,test
000000051610.jpg,../datasets/raw/coco_person/val/images/000000051610.jpg,../datasets/raw/coco_person/val/labels/000000051610.txt,coco_person,000000051610,test_pool,test
000000052007.jpg,../datasets/raw/coco_person/val/images/000000052007.jpg,../datasets/raw/coco_person/val/labels/000000052007.txt,coco_person,000000052007,test_pool,test
000000052891.jpg,../datasets/raw/coco_person/val/images/000000052891.jpg,../datasets/raw/coco_person/val/labels/000000052891.txt,coco_person,000000052891,test_pool,test
000000053626.jpg,../datasets/raw/coco_person/val/images/000000053626.jpg,../datasets/raw/coco_person/val/labels/000000053626.txt,coco_person,000000053626,test_pool,test
000000054164.jpg,../datasets/raw/coco_person/val/images/000000054164.jpg,../datasets/raw/coco_person/val/labels/000000054164.txt,coco_person,000000054164,test_pool,test
000000054654.jpg,../datasets/raw/coco_person/val/images/000000054654.jpg,../datasets/raw/coco_person/val/labels/000000054654.txt,coco_person,000000054654,test_pool,test
000000054931.jpg,../datasets/raw/coco_person/val/images/000000054931.jpg,../datasets/raw/coco_person/val/labels/000000054931.txt,coco_person,000000054931,test_pool,test
000000054967.jpg,../datasets/raw/coco_person/val/images/000000054967.jpg,../datasets/raw/coco_person/val/labels/000000054967.txt,coco_person,000000054967,test_pool,test
000000055002.jpg,../datasets/raw/coco_person/val/images/000000055002.jpg,../datasets/raw/coco_person/val/labels/000000055002.txt,coco_person,000000055002,test_pool,test
000000057760.jpg,../datasets/raw/coco_person/val/images/000000057760.jpg,../datasets/raw/coco_person/val/labels/000000057760.txt,coco_person,000000057760,test_pool,test
000000058393.jpg,../datasets/raw/coco_person/val/images/000000058393.jpg,../datasets/raw/coco_person/val/labels/000000058393.txt,coco_person,000000058393,test_pool,test
000000060090.jpg,../datasets/raw/coco_person/val/images/000000060090.jpg,../datasets/raw/coco_person/val/labels/000000060090.txt,coco_person,000000060090,test_pool,test
000000060932.jpg,../datasets/raw/coco_person/val/images/000000060932.jpg,../datasets/raw/coco_person/val/labels/000000060932.txt,coco_person,000000060932,test_pool,test
000000061960.jpg,../datasets/raw/coco_person/val/images/000000061960.jpg,../datasets/raw/coco_person/val/labels/000000061960.txt,coco_person,000000061960,test_pool,test
000000062353.jpg,../datasets/raw/coco_person/val/images/000000062353.jpg,../datasets/raw/coco_person/val/labels/000000062353.txt,coco_person,000000062353,test_pool,test
000000063965.jpg,../datasets/raw/coco_person/val/images/000000063965.jpg,../datasets/raw/coco_person/val/labels/000000063965.txt,coco_person,000000063965,test_pool,test
000000064868.jpg,../datasets/raw/coco_person/val/images/000000064868.jpg,../datasets/raw/coco_person/val/labels/000000064868.txt,coco_person,000000064868,test_pool,test
000000065798.jpg,../datasets/raw/coco_person/val/images/000000065798.jpg,../datasets/raw/coco_person/val/labels/000000065798.txt,coco_person,000000065798,test_pool,test
000000066231.jpg,../datasets/raw/coco_person/val/images/000000066231.jpg,../datasets/raw/coco_person/val/labels/000000066231.txt,coco_person,000000066231,test_pool,test
000000067180.jpg,../datasets/raw/coco_person/val/images/000000067180.jpg,../datasets/raw/coco_person/val/labels/000000067180.txt,coco_person,000000067180,test_pool,test
000000067213.jpg,../datasets/raw/coco_person/val/images/000000067213.jpg,../datasets/raw/coco_person/val/labels/000000067213.txt,coco_person,000000067213,test_pool,test
000000067310.jpg,../datasets/raw/coco_person/val/images/000000067310.jpg,../datasets/raw/coco_person/val/labels/000000067310.txt,coco_person,000000067310,test_pool,test
000000067315.jpg,../datasets/raw/coco_person/val/images/000000067315.jpg,../datasets/raw/coco_person/val/labels/000000067315.txt,coco_person,000000067315,test_pool,test
000000067616.jpg,../datasets/raw/coco_person/val/images/000000067616.jpg,../datasets/raw/coco_person/val/labels/000000067616.txt,coco_person,000000067616,test_pool,test
000000068093.jpg,../datasets/raw/coco_person/val/images/000000068093.jpg,../datasets/raw/coco_person/val/labels/000000068093.txt,coco_person,000000068093,test_pool,test
000000068628.jpg,../datasets/raw/coco_person/val/images/000000068628.jpg,../datasets/raw/coco_person/val/labels/000000068628.txt,coco_person,000000068628,test_pool,test
000000070229.jpg,../datasets/raw/coco_person/val/images/000000070229.jpg,../datasets/raw/coco_person/val/labels/000000070229.txt,coco_person,000000070229,test_pool,test
000000071877.jpg,../datasets/raw/coco_person/val/images/000000071877.jpg,../datasets/raw/coco_person/val/labels/000000071877.txt,coco_person,000000071877,test_pool,test
000000072795.jpg,../datasets/raw/coco_person/val/images/000000072795.jpg,../datasets/raw/coco_person/val/labels/000000072795.txt,coco_person,000000072795,test_pool,test
000000073153.jpg,../datasets/raw/coco_person/val/images/000000073153.jpg,../datasets/raw/coco_person/val/labels/000000073153.txt,coco_person,000000073153,test_pool,test
000000074256.jpg,../datasets/raw/coco_person/val/images/000000074256.jpg,../datasets/raw/coco_person/val/labels/000000074256.txt,coco_person,000000074256,test_pool,test
000000074646.jpg,../datasets/raw/coco_person/val/images/000000074646.jpg,../datasets/raw/coco_person/val/labels/000000074646.txt,coco_person,000000074646,test_pool,test
000000074733.jpg,../datasets/raw/coco_person/val/images/000000074733.jpg,../datasets/raw/coco_person/val/labels/000000074733.txt,coco_person,000000074733,test_pool,test
000000074860.jpg,../datasets/raw/coco_person/val/images/000000074860.jpg,../datasets/raw/coco_person/val/labels/000000074860.txt,coco_person,000000074860,test_pool,test
000000075612.jpg,../datasets/raw/coco_person/val/images/000000075612.jpg,../datasets/raw/coco_person/val/labels/000000075612.txt,coco_person,000000075612,test_pool,test
000000076625.jpg,../datasets/raw/coco_person/val/images/000000076625.jpg,../datasets/raw/coco_person/val/labels/000000076625.txt,coco_person,000000076625,test_pool,test
000000078404.jpg,../datasets/raw/coco_person/val/images/000000078404.jpg,../datasets/raw/coco_person/val/labels/000000078404.txt,coco_person,000000078404,test_pool,test
000000078565.jpg,../datasets/raw/coco_person/val/images/000000078565.jpg,../datasets/raw/coco_person/val/labels/000000078565.txt,coco_person,000000078565,test_pool,test
000000078748.jpg,../datasets/raw/coco_person/val/images/000000078748.jpg,../datasets/raw/coco_person/val/labels/000000078748.txt,coco_person,000000078748,test_pool,test
000000078843.jpg,../datasets/raw/coco_person/val/images/000000078843.jpg,../datasets/raw/coco_person/val/labels/000000078843.txt,coco_person,000000078843,test_pool,test
000000079229.jpg,../datasets/raw/coco_person/val/images/000000079229.jpg,../datasets/raw/coco_person/val/labels/000000079229.txt,coco_person,000000079229,test_pool,test
000000080659.jpg,../datasets/raw/coco_person/val/images/000000080659.jpg,../datasets/raw/coco_person/val/labels/000000080659.txt,coco_person,000000080659,test_pool,test
000000081988.jpg,../datasets/raw/coco_person/val/images/000000081988.jpg,../datasets/raw/coco_person/val/labels/000000081988.txt,coco_person,000000081988,test_pool,test
000000082688.jpg,../datasets/raw/coco_person/val/images/000000082688.jpg,../datasets/raw/coco_person/val/labels/000000082688.txt,coco_person,000000082688,test_pool,test
000000082812.jpg,../datasets/raw/coco_person/val/images/000000082812.jpg,../datasets/raw/coco_person/val/labels/000000082812.txt,coco_person,000000082812,test_pool,test
000000082821.jpg,../datasets/raw/coco_person/val/images/000000082821.jpg,../datasets/raw/coco_person/val/labels/000000082821.txt,coco_person,000000082821,test_pool,test
000000082986.jpg,../datasets/raw/coco_person/val/images/000000082986.jpg,../datasets/raw/coco_person/val/labels/000000082986.txt,coco_person,000000082986,test_pool,test
000000083531.jpg,../datasets/raw/coco_person/val/images/000000083531.jpg,../datasets/raw/coco_person/val/labels/000000083531.txt,coco_person,000000083531,test_pool,test
000000084241.jpg,../datasets/raw/coco_person/val/images/000000084241.jpg,../datasets/raw/coco_person/val/labels/000000084241.txt,coco_person,000000084241,test_pool,test
000000084362.jpg,../datasets/raw/coco_person/val/images/000000084362.jpg,../datasets/raw/coco_person/val/labels/000000084362.txt,coco_person,000000084362,test_pool,test
000000084492.jpg,../datasets/raw/coco_person/val/images/000000084492.jpg,../datasets/raw/coco_person/val/labels/000000084492.txt,coco_person,000000084492,test_pool,test
000000085089.jpg,../datasets/raw/coco_person/val/images/000000085089.jpg,../datasets/raw/coco_person/val/labels/000000085089.txt,coco_person,000000085089,test_pool,test
000000085329.jpg,../datasets/raw/coco_person/val/images/000000085329.jpg,../datasets/raw/coco_person/val/labels/000000085329.txt,coco_person,000000085329,test_pool,test
000000085376.jpg,../datasets/raw/coco_person/val/images/000000085376.jpg,../datasets/raw/coco_person/val/labels/000000085376.txt,coco_person,000000085376,test_pool,test
000000086956.jpg,../datasets/raw/coco_person/val/images/000000086956.jpg,../datasets/raw/coco_person/val/labels/000000086956.txt,coco_person,000000086956,test_pool,test
000000087038.jpg,../datasets/raw/coco_person/val/images/000000087038.jpg,../datasets/raw/coco_person/val/labels/000000087038.txt,coco_person,000000087038,test_pool,test
000000087470.jpg,../datasets/raw/coco_person/val/images/000000087470.jpg,../datasets/raw/coco_person/val/labels/000000087470.txt,coco_person,000000087470,test_pool,test
000000087476.jpg,../datasets/raw/coco_person/val/images/000000087476.jpg,../datasets/raw/coco_person/val/labels/000000087476.txt,coco_person,000000087476,test_pool,test
000000088345.jpg,../datasets/raw/coco_person/val/images/000000088345.jpg,../datasets/raw/coco_person/val/labels/000000088345.txt,coco_person,000000088345,test_pool,test
000000088485.jpg,../datasets/raw/coco_person/val/images/000000088485.jpg,../datasets/raw/coco_person/val/labels/000000088485.txt,coco_person,000000088485,test_pool,test
000000088848.jpg,../datasets/raw/coco_person/val/images/000000088848.jpg,../datasets/raw/coco_person/val/labels/000000088848.txt,coco_person,000000088848,test_pool,test
000000088951.jpg,../datasets/raw/coco_person/val/images/000000088951.jpg,../datasets/raw/coco_person/val/labels/000000088951.txt,coco_person,000000088951,test_pool,test
000000089078.jpg,../datasets/raw/coco_person/val/images/000000089078.jpg,../datasets/raw/coco_person/val/labels/000000089078.txt,coco_person,000000089078,test_pool,test
000000090284.jpg,../datasets/raw/coco_person/val/images/000000090284.jpg,../datasets/raw/coco_person/val/labels/000000090284.txt,coco_person,000000090284,test_pool,test
000000090956.jpg,../datasets/raw/coco_person/val/images/000000090956.jpg,../datasets/raw/coco_person/val/labels/000000090956.txt,coco_person,000000090956,test_pool,test
000000092416.jpg,../datasets/raw/coco_person/val/images/000000092416.jpg,../datasets/raw/coco_person/val/labels/000000092416.txt,coco_person,000000092416,test_pool,test
000000092939.jpg,../datasets/raw/coco_person/val/images/000000092939.jpg,../datasets/raw/coco_person/val/labels/000000092939.txt,coco_person,000000092939,test_pool,test
000000093717.jpg,../datasets/raw/coco_person/val/images/000000093717.jpg,../datasets/raw/coco_person/val/labels/000000093717.txt,coco_person,000000093717,test_pool,test
000000094185.jpg,../datasets/raw/coco_person/val/images/000000094185.jpg,../datasets/raw/coco_person/val/labels/000000094185.txt,coco_person,000000094185,test_pool,test
000000094614.jpg,../datasets/raw/coco_person/val/images/000000094614.jpg,../datasets/raw/coco_person/val/labels/000000094614.txt,coco_person,000000094614,test_pool,test
000000094751.jpg,../datasets/raw/coco_person/val/images/000000094751.jpg,../datasets/raw/coco_person/val/labels/000000094751.txt,coco_person,000000094751,test_pool,test
000000094944.jpg,../datasets/raw/coco_person/val/images/000000094944.jpg,../datasets/raw/coco_person/val/labels/000000094944.txt,coco_person,000000094944,test_pool,test
000000096493.jpg,../datasets/raw/coco_person/val/images/000000096493.jpg,../datasets/raw/coco_person/val/labels/000000096493.txt,coco_person,000000096493,test_pool,test
000000097337.jpg,../datasets/raw/coco_person/val/images/000000097337.jpg,../datasets/raw/coco_person/val/labels/000000097337.txt,coco_person,000000097337,test_pool,test
000000097924.jpg,../datasets/raw/coco_person/val/images/000000097924.jpg,../datasets/raw/coco_person/val/labels/000000097924.txt,coco_person,000000097924,test_pool,test
000000098716.jpg,../datasets/raw/coco_person/val/images/000000098716.jpg,../datasets/raw/coco_person/val/labels/000000098716.txt,coco_person,000000098716,test_pool,test
000000099182.jpg,../datasets/raw/coco_person/val/images/000000099182.jpg,../datasets/raw/coco_person/val/labels/000000099182.txt,coco_person,000000099182,test_pool,test
000000100238.jpg,../datasets/raw/coco_person/val/images/000000100238.jpg,../datasets/raw/coco_person/val/labels/000000100238.txt,coco_person,000000100238,test_pool,test
000000100510.jpg,../datasets/raw/coco_person/val/images/000000100510.jpg,../datasets/raw/coco_person/val/labels/000000100510.txt,coco_person,000000100510,test_pool,test
000000100624.jpg,../datasets/raw/coco_person/val/images/000000100624.jpg,../datasets/raw/coco_person/val/labels/000000100624.txt,coco_person,000000100624,test_pool,test
000000101068.jpg,../datasets/raw/coco_person/val/images/000000101068.jpg,../datasets/raw/coco_person/val/labels/000000101068.txt,coco_person,000000101068,test_pool,test
000000102356.jpg,../datasets/raw/coco_person/val/images/000000102356.jpg,../datasets/raw/coco_person/val/labels/000000102356.txt,coco_person,000000102356,test_pool,test
000000102805.jpg,../datasets/raw/coco_person/val/images/000000102805.jpg,../datasets/raw/coco_person/val/labels/000000102805.txt,coco_person,000000102805,test_pool,test
000000105923.jpg,../datasets/raw/coco_person/val/images/000000105923.jpg,../datasets/raw/coco_person/val/labels/000000105923.txt,coco_person,000000105923,test_pool,test
000000107339.jpg,../datasets/raw/coco_person/val/images/000000107339.jpg,../datasets/raw/coco_person/val/labels/000000107339.txt,coco_person,000000107339,test_pool,test
000000108026.jpg,../datasets/raw/coco_person/val/images/000000108026.jpg,../datasets/raw/coco_person/val/labels/000000108026.txt,coco_person,000000108026,test_pool,test
000000108253.jpg,../datasets/raw/coco_person/val/images/000000108253.jpg,../datasets/raw/coco_person/val/labels/000000108253.txt,coco_person,000000108253,test_pool,test
000000108495.jpg,../datasets/raw/coco_person/val/images/000000108495.jpg,../datasets/raw/coco_person/val/labels/000000108495.txt,coco_person,000000108495,test_pool,test
000000108503.jpg,../datasets/raw/coco_person/val/images/000000108503.jpg,../datasets/raw/coco_person/val/labels/000000108503.txt,coco_person,000000108503,test_pool,test
000000109900.jpg,../datasets/raw/coco_person/val/images/000000109900.jpg,../datasets/raw/coco_person/val/labels/000000109900.txt,coco_person,000000109900,test_pool,test
000000111609.jpg,../datasets/raw/coco_person/val/images/000000111609.jpg,../datasets/raw/coco_person/val/labels/000000111609.txt,coco_person,000000111609,test_pool,test
000000112110.jpg,../datasets/raw/coco_person/val/images/000000112110.jpg,../datasets/raw/coco_person/val/labels/000000112110.txt,coco_person,000000112110,test_pool,test
000000115245.jpg,../datasets/raw/coco_person/val/images/000000115245.jpg,../datasets/raw/coco_person/val/labels/000000115245.txt,coco_person,000000115245,test_pool,test
000000115870.jpg,../datasets/raw/coco_person/val/images/000000115870.jpg,../datasets/raw/coco_person/val/labels/000000115870.txt,coco_person,000000115870,test_pool,test
000000115946.jpg,../datasets/raw/coco_person/val/images/000000115946.jpg,../datasets/raw/coco_person/val/labels/000000115946.txt,coco_person,000000115946,test_pool,test
000000116068.jpg,../datasets/raw/coco_person/val/images/000000116068.jpg,../datasets/raw/coco_person/val/labels/000000116068.txt,coco_person,000000116068,test_pool,test
000000116208.jpg,../datasets/raw/coco_person/val/images/000000116208.jpg,../datasets/raw/coco_person/val/labels/000000116208.txt,coco_person,000000116208,test_pool,test
000000116439.jpg,../datasets/raw/coco_person/val/images/000000116439.jpg,../datasets/raw/coco_person/val/labels/000000116439.txt,coco_person,000000116439,test_pool,test
000000117197.jpg,../datasets/raw/coco_person/val/images/000000117197.jpg,../datasets/raw/coco_person/val/labels/000000117197.txt,coco_person,000000117197,test_pool,test
000000117525.jpg,../datasets/raw/coco_person/val/images/000000117525.jpg,../datasets/raw/coco_person/val/labels/000000117525.txt,coco_person,000000117525,test_pool,test
000000117645.jpg,../datasets/raw/coco_person/val/images/000000117645.jpg,../datasets/raw/coco_person/val/labels/000000117645.txt,coco_person,000000117645,test_pool,test
000000117719.jpg,../datasets/raw/coco_person/val/images/000000117719.jpg,../datasets/raw/coco_person/val/labels/000000117719.txt,coco_person,000000117719,test_pool,test
000000117744.jpg,../datasets/raw/coco_person/val/images/000000117744.jpg,../datasets/raw/coco_person/val/labels/000000117744.txt,coco_person,000000117744,test_pool,test
000000119088.jpg,../datasets/raw/coco_person/val/images/000000119088.jpg,../datasets/raw/coco_person/val/labels/000000119088.txt,coco_person,000000119088,test_pool,test
000000119516.jpg,../datasets/raw/coco_person/val/images/000000119516.jpg,../datasets/raw/coco_person/val/labels/000000119516.txt,coco_person,000000119516,test_pool,test
000000120420.jpg,../datasets/raw/coco_person/val/images/000000120420.jpg,../datasets/raw/coco_person/val/labels/000000120420.txt,coco_person,000000120420,test_pool,test
000000121497.jpg,../datasets/raw/coco_person/val/images/000000121497.jpg,../datasets/raw/coco_person/val/labels/000000121497.txt,coco_person,000000121497,test_pool,test
000000122046.jpg,../datasets/raw/coco_person/val/images/000000122046.jpg,../datasets/raw/coco_person/val/labels/000000122046.txt,coco_person,000000122046,test_pool,test
000000122672.jpg,../datasets/raw/coco_person/val/images/000000122672.jpg,../datasets/raw/coco_person/val/labels/000000122672.txt,coco_person,000000122672,test_pool,test
000000123633.jpg,../datasets/raw/coco_person/val/images/000000123633.jpg,../datasets/raw/coco_person/val/labels/000000123633.txt,coco_person,000000123633,test_pool,test
000000125472.jpg,../datasets/raw/coco_person/val/images/000000125472.jpg,../datasets/raw/coco_person/val/labels/000000125472.txt,coco_person,000000125472,test_pool,test
000000125936.jpg,../datasets/raw/coco_person/val/images/000000125936.jpg,../datasets/raw/coco_person/val/labels/000000125936.txt,coco_person,000000125936,test_pool,test
000000126107.jpg,../datasets/raw/coco_person/val/images/000000126107.jpg,../datasets/raw/coco_person/val/labels/000000126107.txt,coco_person,000000126107,test_pool,test
000000126110.jpg,../datasets/raw/coco_person/val/images/000000126110.jpg,../datasets/raw/coco_person/val/labels/000000126110.txt,coco_person,000000126110,test_pool,test
000000126137.jpg,../datasets/raw/coco_person/val/images/000000126137.jpg,../datasets/raw/coco_person/val/labels/000000126137.txt,coco_person,000000126137,test_pool,test
000000127263.jpg,../datasets/raw/coco_person/val/images/000000127263.jpg,../datasets/raw/coco_person/val/labels/000000127263.txt,coco_person,000000127263,test_pool,test
000000127394.jpg,../datasets/raw/coco_person/val/images/000000127394.jpg,../datasets/raw/coco_person/val/labels/000000127394.txt,coco_person,000000127394,test_pool,test
000000127530.jpg,../datasets/raw/coco_person/val/images/000000127530.jpg,../datasets/raw/coco_person/val/labels/000000127530.txt,coco_person,000000127530,test_pool,test
000000129062.jpg,../datasets/raw/coco_person/val/images/000000129062.jpg,../datasets/raw/coco_person/val/labels/000000129062.txt,coco_person,000000129062,test_pool,test
000000129492.jpg,../datasets/raw/coco_person/val/images/000000129492.jpg,../datasets/raw/coco_person/val/labels/000000129492.txt,coco_person,000000129492,test_pool,test
000000129756.jpg,../datasets/raw/coco_person/val/images/000000129756.jpg,../datasets/raw/coco_person/val/labels/000000129756.txt,coco_person,000000129756,test_pool,test
000000130579.jpg,../datasets/raw/coco_person/val/images/000000130579.jpg,../datasets/raw/coco_person/val/labels/000000130579.txt,coco_person,000000130579,test_pool,test
000000130599.jpg,../datasets/raw/coco_person/val/images/000000130599.jpg,../datasets/raw/coco_person/val/labels/000000130599.txt,coco_person,000000130599,test_pool,test
000000132375.jpg,../datasets/raw/coco_person/val/images/000000132375.jpg,../datasets/raw/coco_person/val/labels/000000132375.txt,coco_person,000000132375,test_pool,test
000000132544.jpg,../datasets/raw/coco_person/val/images/000000132544.jpg,../datasets/raw/coco_person/val/labels/000000132544.txt,coco_person,000000132544,test_pool,test
000000133000.jpg,../datasets/raw/coco_person/val/images/000000133000.jpg,../datasets/raw/coco_person/val/labels/000000133000.txt,coco_person,000000133000,test_pool,test
000000133244.jpg,../datasets/raw/coco_person/val/images/000000133244.jpg,../datasets/raw/coco_person/val/labels/000000133244.txt,coco_person,000000133244,test_pool,test
000000133343.jpg,../datasets/raw/coco_person/val/images/000000133343.jpg,../datasets/raw/coco_person/val/labels/000000133343.txt,coco_person,000000133343,test_pool,test
000000134322.jpg,../datasets/raw/coco_person/val/images/000000134322.jpg,../datasets/raw/coco_person/val/labels/000000134322.txt,coco_person,000000134322,test_pool,test
000000136334.jpg,../datasets/raw/coco_person/val/images/000000136334.jpg,../datasets/raw/coco_person/val/labels/000000136334.txt,coco_person,000000136334,test_pool,test
000000136715.jpg,../datasets/raw/coco_person/val/images/000000136715.jpg,../datasets/raw/coco_person/val/labels/000000136715.txt,coco_person,000000136715,test_pool,test
000000138639.jpg,../datasets/raw/coco_person/val/images/000000138639.jpg,../datasets/raw/coco_person/val/labels/000000138639.txt,coco_person,000000138639,test_pool,test
000000140203.jpg,../datasets/raw/coco_person/val/images/000000140203.jpg,../datasets/raw/coco_person/val/labels/000000140203.txt,coco_person,000000140203,test_pool,test
000000140270.jpg,../datasets/raw/coco_person/val/images/000000140270.jpg,../datasets/raw/coco_person/val/labels/000000140270.txt,coco_person,000000140270,test_pool,test
000000140556.jpg,../datasets/raw/coco_person/val/images/000000140556.jpg,../datasets/raw/coco_person/val/labels/000000140556.txt,coco_person,000000140556,test_pool,test
000000140987.jpg,../datasets/raw/coco_person/val/images/000000140987.jpg,../datasets/raw/coco_person/val/labels/000000140987.txt,coco_person,000000140987,test_pool,test
000000141671.jpg,../datasets/raw/coco_person/val/images/000000141671.jpg,../datasets/raw/coco_person/val/labels/000000141671.txt,coco_person,000000141671,test_pool,test
000000142472.jpg,../datasets/raw/coco_person/val/images/000000142472.jpg,../datasets/raw/coco_person/val/labels/000000142472.txt,coco_person,000000142472,test_pool,test
000000142620.jpg,../datasets/raw/coco_person/val/images/000000142620.jpg,../datasets/raw/coco_person/val/labels/000000142620.txt,coco_person,000000142620,test_pool,test
000000144333.jpg,../datasets/raw/coco_person/val/images/000000144333.jpg,../datasets/raw/coco_person/val/labels/000000144333.txt,coco_person,000000144333,test_pool,test
000000144784.jpg,../datasets/raw/coco_person/val/images/000000144784.jpg,../datasets/raw/coco_person/val/labels/000000144784.txt,coco_person,000000144784,test_pool,test
000000145620.jpg,../datasets/raw/coco_person/val/images/000000145620.jpg,../datasets/raw/coco_person/val/labels/000000145620.txt,coco_person,000000145620,test_pool,test
000000146667.jpg,../datasets/raw/coco_person/val/images/000000146667.jpg,../datasets/raw/coco_person/val/labels/000000146667.txt,coco_person,000000146667,test_pool,test
000000147740.jpg,../datasets/raw/coco_person/val/images/000000147740.jpg,../datasets/raw/coco_person/val/labels/000000147740.txt,coco_person,000000147740,test_pool,test
000000148508.jpg,../datasets/raw/coco_person/val/images/000000148508.jpg,../datasets/raw/coco_person/val/labels/000000148508.txt,coco_person,000000148508,test_pool,test
000000148662.jpg,../datasets/raw/coco_person/val/images/000000148662.jpg,../datasets/raw/coco_person/val/labels/000000148662.txt,coco_person,000000148662,test_pool,test
000000148999.jpg,../datasets/raw/coco_person/val/images/000000148999.jpg,../datasets/raw/coco_person/val/labels/000000148999.txt,coco_person,000000148999,test_pool,test
000000149222.jpg,../datasets/raw/coco_person/val/images/000000149222.jpg,../datasets/raw/coco_person/val/labels/000000149222.txt,coco_person,000000149222,test_pool,test
000000149375.jpg,../datasets/raw/coco_person/val/images/000000149375.jpg,../datasets/raw/coco_person/val/labels/000000149375.txt,coco_person,000000149375,test_pool,test
000000149568.jpg,../datasets/raw/coco_person/val/images/000000149568.jpg,../datasets/raw/coco_person/val/labels/000000149568.txt,coco_person,000000149568,test_pool,test
000000151000.jpg,../datasets/raw/coco_person/val/images/000000151000.jpg,../datasets/raw/coco_person/val/labels/000000151000.txt,coco_person,000000151000,test_pool,test
000000151480.jpg,../datasets/raw/coco_person/val/images/000000151480.jpg,../datasets/raw/coco_person/val/labels/000000151480.txt,coco_person,000000151480,test_pool,test
000000151629.jpg,../datasets/raw/coco_person/val/images/000000151629.jpg,../datasets/raw/coco_person/val/labels/000000151629.txt,coco_person,000000151629,test_pool,test
000000151938.jpg,../datasets/raw/coco_person/val/images/000000151938.jpg,../datasets/raw/coco_person/val/labels/000000151938.txt,coco_person,000000151938,test_pool,test
000000152214.jpg,../datasets/raw/coco_person/val/images/000000152214.jpg,../datasets/raw/coco_person/val/labels/000000152214.txt,coco_person,000000152214,test_pool,test
000000152686.jpg,../datasets/raw/coco_person/val/images/000000152686.jpg,../datasets/raw/coco_person/val/labels/000000152686.txt,coco_person,000000152686,test_pool,test
000000153011.jpg,../datasets/raw/coco_person/val/images/000000153011.jpg,../datasets/raw/coco_person/val/labels/000000153011.txt,coco_person,000000153011,test_pool,test
000000153229.jpg,../datasets/raw/coco_person/val/images/000000153229.jpg,../datasets/raw/coco_person/val/labels/000000153229.txt,coco_person,000000153229,test_pool,test
000000153529.jpg,../datasets/raw/coco_person/val/images/000000153529.jpg,../datasets/raw/coco_person/val/labels/000000153529.txt,coco_person,000000153529,test_pool,test
000000153669.jpg,../datasets/raw/coco_person/val/images/000000153669.jpg,../datasets/raw/coco_person/val/labels/000000153669.txt,coco_person,000000153669,test_pool,test
000000154004.jpg,../datasets/raw/coco_person/val/images/000000154004.jpg,../datasets/raw/coco_person/val/labels/000000154004.txt,coco_person,000000154004,test_pool,test
000000155145.jpg,../datasets/raw/coco_person/val/images/000000155145.jpg,../datasets/raw/coco_person/val/labels/000000155145.txt,coco_person,000000155145,test_pool,test
000000155341.jpg,../datasets/raw/coco_person/val/images/000000155341.jpg,../datasets/raw/coco_person/val/labels/000000155341.txt,coco_person,000000155341,test_pool,test
000000156643.jpg,../datasets/raw/coco_person/val/images/000000156643.jpg,../datasets/raw/coco_person/val/labels/000000156643.txt,coco_person,000000156643,test_pool,test
000000156924.jpg,../datasets/raw/coco_person/val/images/000000156924.jpg,../datasets/raw/coco_person/val/labels/000000156924.txt,coco_person,000000156924,test_pool,test
000000157046.jpg,../datasets/raw/coco_person/val/images/000000157046.jpg,../datasets/raw/coco_person/val/labels/000000157046.txt,coco_person,000000157046,test_pool,test
000000157365.jpg,../datasets/raw/coco_person/val/images/000000157365.jpg,../datasets/raw/coco_person/val/labels/000000157365.txt,coco_person,000000157365,test_pool,test
000000157756.jpg,../datasets/raw/coco_person/val/images/000000157756.jpg,../datasets/raw/coco_person/val/labels/000000157756.txt,coco_person,000000157756,test_pool,test
000000158548.jpg,../datasets/raw/coco_person/val/images/000000158548.jpg,../datasets/raw/coco_person/val/labels/000000158548.txt,coco_person,000000158548,test_pool,test
000000158660.jpg,../datasets/raw/coco_person/val/images/000000158660.jpg,../datasets/raw/coco_person/val/labels/000000158660.txt,coco_person,000000158660,test_pool,test
000000158744.jpg,../datasets/raw/coco_person/val/images/000000158744.jpg,../datasets/raw/coco_person/val/labels/000000158744.txt,coco_person,000000158744,test_pool,test
000000160012.jpg,../datasets/raw/coco_person/val/images/000000160012.jpg,../datasets/raw/coco_person/val/labels/000000160012.txt,coco_person,000000160012,test_pool,test
000000160728.jpg,../datasets/raw/coco_person/val/images/000000160728.jpg,../datasets/raw/coco_person/val/labels/000000160728.txt,coco_person,000000160728,test_pool,test
000000160772.jpg,../datasets/raw/coco_person/val/images/000000160772.jpg,../datasets/raw/coco_person/val/labels/000000160772.txt,coco_person,000000160772,test_pool,test
000000161032.jpg,../datasets/raw/coco_person/val/images/000000161032.jpg,../datasets/raw/coco_person/val/labels/000000161032.txt,coco_person,000000161032,test_pool,test
000000161397.jpg,../datasets/raw/coco_person/val/images/000000161397.jpg,../datasets/raw/coco_person/val/labels/000000161397.txt,coco_person,000000161397,test_pool,test
000000161799.jpg,../datasets/raw/coco_person/val/images/000000161799.jpg,../datasets/raw/coco_person/val/labels/000000161799.txt,coco_person,000000161799,test_pool,test
000000161879.jpg,../datasets/raw/coco_person/val/images/000000161879.jpg,../datasets/raw/coco_person/val/labels/000000161879.txt,coco_person,000000161879,test_pool,test
000000162581.jpg,../datasets/raw/coco_person/val/images/000000162581.jpg,../datasets/raw/coco_person/val/labels/000000162581.txt,coco_person,000000162581,test_pool,test
000000162858.jpg,../datasets/raw/coco_person/val/images/000000162858.jpg,../datasets/raw/coco_person/val/labels/000000162858.txt,coco_person,000000162858,test_pool,test
000000163057.jpg,../datasets/raw/coco_person/val/images/000000163057.jpg,../datasets/raw/coco_person/val/labels/000000163057.txt,coco_person,000000163057,test_pool,test
000000163257.jpg,../datasets/raw/coco_person/val/images/000000163257.jpg,../datasets/raw/coco_person/val/labels/000000163257.txt,coco_person,000000163257,test_pool,test
000000163314.jpg,../datasets/raw/coco_person/val/images/000000163314.jpg,../datasets/raw/coco_person/val/labels/000000163314.txt,coco_person,000000163314,test_pool,test
000000163640.jpg,../datasets/raw/coco_person/val/images/000000163640.jpg,../datasets/raw/coco_person/val/labels/000000163640.txt,coco_person,000000163640,test_pool,test
000000163746.jpg,../datasets/raw/coco_person/val/images/000000163746.jpg,../datasets/raw/coco_person/val/labels/000000163746.txt,coco_person,000000163746,test_pool,test
000000164602.jpg,../datasets/raw/coco_person/val/images/000000164602.jpg,../datasets/raw/coco_person/val/labels/000000164602.txt,coco_person,000000164602,test_pool,test
000000164883.jpg,../datasets/raw/coco_person/val/images/000000164883.jpg,../datasets/raw/coco_person/val/labels/000000164883.txt,coco_person,000000164883,test_pool,test
000000166747.jpg,../datasets/raw/coco_person/val/images/000000166747.jpg,../datasets/raw/coco_person/val/labels/000000166747.txt,coco_person,000000166747,test_pool,test
000000167122.jpg,../datasets/raw/coco_person/val/images/000000167122.jpg,../datasets/raw/coco_person/val/labels/000000167122.txt,coco_person,000000167122,test_pool,test
000000167572.jpg,../datasets/raw/coco_person/val/images/000000167572.jpg,../datasets/raw/coco_person/val/labels/000000167572.txt,coco_person,000000167572,test_pool,test
000000168337.jpg,../datasets/raw/coco_person/val/images/000000168337.jpg,../datasets/raw/coco_person/val/labels/000000168337.txt,coco_person,000000168337,test_pool,test
000000169076.jpg,../datasets/raw/coco_person/val/images/000000169076.jpg,../datasets/raw/coco_person/val/labels/000000169076.txt,coco_person,000000169076,test_pool,test
000000169356.jpg,../datasets/raw/coco_person/val/images/000000169356.jpg,../datasets/raw/coco_person/val/labels/000000169356.txt,coco_person,000000169356,test_pool,test
000000170116.jpg,../datasets/raw/coco_person/val/images/000000170116.jpg,../datasets/raw/coco_person/val/labels/000000170116.txt,coco_person,000000170116,test_pool,test
000000170191.jpg,../datasets/raw/coco_person/val/images/000000170191.jpg,../datasets/raw/coco_person/val/labels/000000170191.txt,coco_person,000000170191,test_pool,test
000000170474.jpg,../datasets/raw/coco_person/val/images/000000170474.jpg,../datasets/raw/coco_person/val/labels/000000170474.txt,coco_person,000000170474,test_pool,test
000000170613.jpg,../datasets/raw/coco_person/val/images/000000170613.jpg,../datasets/raw/coco_person/val/labels/000000170613.txt,coco_person,000000170613,test_pool,test
000000170955.jpg,../datasets/raw/coco_person/val/images/000000170955.jpg,../datasets/raw/coco_person/val/labels/000000170955.txt,coco_person,000000170955,test_pool,test
000000171190.jpg,../datasets/raw/coco_person/val/images/000000171190.jpg,../datasets/raw/coco_person/val/labels/000000171190.txt,coco_person,000000171190,test_pool,test
000000171382.jpg,../datasets/raw/coco_person/val/images/000000171382.jpg,../datasets/raw/coco_person/val/labels/000000171382.txt,coco_person,000000171382,test_pool,test
000000171611.jpg,../datasets/raw/coco_person/val/images/000000171611.jpg,../datasets/raw/coco_person/val/labels/000000171611.txt,coco_person,000000171611,test_pool,test
000000171757.jpg,../datasets/raw/coco_person/val/images/000000171757.jpg,../datasets/raw/coco_person/val/labels/000000171757.txt,coco_person,000000171757,test_pool,test
000000171788.jpg,../datasets/raw/coco_person/val/images/000000171788.jpg,../datasets/raw/coco_person/val/labels/000000171788.txt,coco_person,000000171788,test_pool,test
000000172877.jpg,../datasets/raw/coco_person/val/images/000000172877.jpg,../datasets/raw/coco_person/val/labels/000000172877.txt,coco_person,000000172877,test_pool,test
000000173830.jpg,../datasets/raw/coco_person/val/images/000000173830.jpg,../datasets/raw/coco_person/val/labels/000000173830.txt,coco_person,000000173830,test_pool,test
000000174123.jpg,../datasets/raw/coco_person/val/images/000000174123.jpg,../datasets/raw/coco_person/val/labels/000000174123.txt,coco_person,000000174123,test_pool,test
000000175251.jpg,../datasets/raw/coco_person/val/images/000000175251.jpg,../datasets/raw/coco_person/val/labels/000000175251.txt,coco_person,000000175251,test_pool,test
000000176857.jpg,../datasets/raw/coco_person/val/images/000000176857.jpg,../datasets/raw/coco_person/val/labels/000000176857.txt,coco_person,000000176857,test_pool,test
000000176901.jpg,../datasets/raw/coco_person/val/images/000000176901.jpg,../datasets/raw/coco_person/val/labels/000000176901.txt,coco_person,000000176901,test_pool,test
000000177357.jpg,../datasets/raw/coco_person/val/images/000000177357.jpg,../datasets/raw/coco_person/val/labels/000000177357.txt,coco_person,000000177357,test_pool,test
000000177489.jpg,../datasets/raw/coco_person/val/images/000000177489.jpg,../datasets/raw/coco_person/val/labels/000000177489.txt,coco_person,000000177489,test_pool,test
000000177934.jpg,../datasets/raw/coco_person/val/images/000000177934.jpg,../datasets/raw/coco_person/val/labels/000000177934.txt,coco_person,000000177934,test_pool,test
000000179112.jpg,../datasets/raw/coco_person/val/images/000000179112.jpg,../datasets/raw/coco_person/val/labels/000000179112.txt,coco_person,000000179112,test_pool,test
000000179141.jpg,../datasets/raw/coco_person/val/images/000000179141.jpg,../datasets/raw/coco_person/val/labels/000000179141.txt,coco_person,000000179141,test_pool,test
000000179265.jpg,../datasets/raw/coco_person/val/images/000000179265.jpg,../datasets/raw/coco_person/val/labels/000000179265.txt,coco_person,000000179265,test_pool,test
000000179642.jpg,../datasets/raw/coco_person/val/images/000000179642.jpg,../datasets/raw/coco_person/val/labels/000000179642.txt,coco_person,000000179642,test_pool,test
000000180011.jpg,../datasets/raw/coco_person/val/images/000000180011.jpg,../datasets/raw/coco_person/val/labels/000000180011.txt,coco_person,000000180011,test_pool,test
000000180101.jpg,../datasets/raw/coco_person/val/images/000000180101.jpg,../datasets/raw/coco_person/val/labels/000000180101.txt,coco_person,000000180101,test_pool,test
000000181499.jpg,../datasets/raw/coco_person/val/images/000000181499.jpg,../datasets/raw/coco_person/val/labels/000000181499.txt,coco_person,000000181499,test_pool,test
000000181542.jpg,../datasets/raw/coco_person/val/images/000000181542.jpg,../datasets/raw/coco_person/val/labels/000000181542.txt,coco_person,000000181542,test_pool,test
000000181816.jpg,../datasets/raw/coco_person/val/images/000000181816.jpg,../datasets/raw/coco_person/val/labels/000000181816.txt,coco_person,000000181816,test_pool,test
000000182021.jpg,../datasets/raw/coco_person/val/images/000000182021.jpg,../datasets/raw/coco_person/val/labels/000000182021.txt,coco_person,000000182021,test_pool,test
000000182805.jpg,../datasets/raw/coco_person/val/images/000000182805.jpg,../datasets/raw/coco_person/val/labels/000000182805.txt,coco_person,000000182805,test_pool,test
000000183127.jpg,../datasets/raw/coco_person/val/images/000000183127.jpg,../datasets/raw/coco_person/val/labels/000000183127.txt,coco_person,000000183127,test_pool,test
000000183391.jpg,../datasets/raw/coco_person/val/images/000000183391.jpg,../datasets/raw/coco_person/val/labels/000000183391.txt,coco_person,000000183391,test_pool,test
000000183675.jpg,../datasets/raw/coco_person/val/images/000000183675.jpg,../datasets/raw/coco_person/val/labels/000000183675.txt,coco_person,000000183675,test_pool,test
000000184324.jpg,../datasets/raw/coco_person/val/images/000000184324.jpg,../datasets/raw/coco_person/val/labels/000000184324.txt,coco_person,000000184324,test_pool,test
000000186449.jpg,../datasets/raw/coco_person/val/images/000000186449.jpg,../datasets/raw/coco_person/val/labels/000000186449.txt,coco_person,000000186449,test_pool,test
000000186873.jpg,../datasets/raw/coco_person/val/images/000000186873.jpg,../datasets/raw/coco_person/val/labels/000000186873.txt,coco_person,000000186873,test_pool,test
000000187055.jpg,../datasets/raw/coco_person/val/images/000000187055.jpg,../datasets/raw/coco_person/val/labels/000000187055.txt,coco_person,000000187055,test_pool,test
000000187249.jpg,../datasets/raw/coco_person/val/images/000000187249.jpg,../datasets/raw/coco_person/val/labels/000000187249.txt,coco_person,000000187249,test_pool,test
000000187362.jpg,../datasets/raw/coco_person/val/images/000000187362.jpg,../datasets/raw/coco_person/val/labels/000000187362.txt,coco_person,000000187362,test_pool,test
000000190853.jpg,../datasets/raw/coco_person/val/images/000000190853.jpg,../datasets/raw/coco_person/val/labels/000000190853.txt,coco_person,000000190853,test_pool,test
000000191288.jpg,../datasets/raw/coco_person/val/images/000000191288.jpg,../datasets/raw/coco_person/val/labels/000000191288.txt,coco_person,000000191288,test_pool,test
000000191845.jpg,../datasets/raw/coco_person/val/images/000000191845.jpg,../datasets/raw/coco_person/val/labels/000000191845.txt,coco_person,000000191845,test_pool,test
000000192607.jpg,../datasets/raw/coco_person/val/images/000000192607.jpg,../datasets/raw/coco_person/val/labels/000000192607.txt,coco_person,000000192607,test_pool,test
000000193674.jpg,../datasets/raw/coco_person/val/images/000000193674.jpg,../datasets/raw/coco_person/val/labels/000000193674.txt,coco_person,000000193674,test_pool,test
000000193717.jpg,../datasets/raw/coco_person/val/images/000000193717.jpg,../datasets/raw/coco_person/val/labels/000000193717.txt,coco_person,000000193717,test_pool,test
000000194471.jpg,../datasets/raw/coco_person/val/images/000000194471.jpg,../datasets/raw/coco_person/val/labels/000000194471.txt,coco_person,000000194471,test_pool,test
000000196141.jpg,../datasets/raw/coco_person/val/images/000000196141.jpg,../datasets/raw/coco_person/val/labels/000000196141.txt,coco_person,000000196141,test_pool,test
000000197388.jpg,../datasets/raw/coco_person/val/images/000000197388.jpg,../datasets/raw/coco_person/val/labels/000000197388.txt,coco_person,000000197388,test_pool,test
000000198510.jpg,../datasets/raw/coco_person/val/images/000000198510.jpg,../datasets/raw/coco_person/val/labels/000000198510.txt,coco_person,000000198510,test_pool,test
000000199236.jpg,../datasets/raw/coco_person/val/images/000000199236.jpg,../datasets/raw/coco_person/val/labels/000000199236.txt,coco_person,000000199236,test_pool,test
000000199771.jpg,../datasets/raw/coco_person/val/images/000000199771.jpg,../datasets/raw/coco_person/val/labels/000000199771.txt,coco_person,000000199771,test_pool,test
000000200421.jpg,../datasets/raw/coco_person/val/images/000000200421.jpg,../datasets/raw/coco_person/val/labels/000000200421.txt,coco_person,000000200421,test_pool,test
000000201418.jpg,../datasets/raw/coco_person/val/images/000000201418.jpg,../datasets/raw/coco_person/val/labels/000000201418.txt,coco_person,000000201418,test_pool,test
000000201426.jpg,../datasets/raw/coco_person/val/images/000000201426.jpg,../datasets/raw/coco_person/val/labels/000000201426.txt,coco_person,000000201426,test_pool,test
000000201646.jpg,../datasets/raw/coco_person/val/images/000000201646.jpg,../datasets/raw/coco_person/val/labels/000000201646.txt,coco_person,000000201646,test_pool,test
000000202001.jpg,../datasets/raw/coco_person/val/images/000000202001.jpg,../datasets/raw/coco_person/val/labels/000000202001.txt,coco_person,000000202001,test_pool,test
000000202228.jpg,../datasets/raw/coco_person/val/images/000000202228.jpg,../datasets/raw/coco_person/val/labels/000000202228.txt,coco_person,000000202228,test_pool,test
000000203864.jpg,../datasets/raw/coco_person/val/images/000000203864.jpg,../datasets/raw/coco_person/val/labels/000000203864.txt,coco_person,000000203864,test_pool,test
000000204186.jpg,../datasets/raw/coco_person/val/images/000000204186.jpg,../datasets/raw/coco_person/val/labels/000000204186.txt,coco_person,000000204186,test_pool,test
000000205289.jpg,../datasets/raw/coco_person/val/images/000000205289.jpg,../datasets/raw/coco_person/val/labels/000000205289.txt,coco_person,000000205289,test_pool,test
000000205333.jpg,../datasets/raw/coco_person/val/images/000000205333.jpg,../datasets/raw/coco_person/val/labels/000000205333.txt,coco_person,000000205333,test_pool,test
000000205401.jpg,../datasets/raw/coco_person/val/images/000000205401.jpg,../datasets/raw/coco_person/val/labels/000000205401.txt,coco_person,000000205401,test_pool,test
000000206487.jpg,../datasets/raw/coco_person/val/images/000000206487.jpg,../datasets/raw/coco_person/val/labels/000000206487.txt,coco_person,000000206487,test_pool,test
000000208363.jpg,../datasets/raw/coco_person/val/images/000000208363.jpg,../datasets/raw/coco_person/val/labels/000000208363.txt,coco_person,000000208363,test_pool,test
000000208423.jpg,../datasets/raw/coco_person/val/images/000000208423.jpg,../datasets/raw/coco_person/val/labels/000000208423.txt,coco_person,000000208423,test_pool,test
000000209222.jpg,../datasets/raw/coco_person/val/images/000000209222.jpg,../datasets/raw/coco_person/val/labels/000000209222.txt,coco_person,000000209222,test_pool,test
000000209530.jpg,../datasets/raw/coco_person/val/images/000000209530.jpg,../datasets/raw/coco_person/val/labels/000000209530.txt,coco_person,000000209530,test_pool,test
000000209753.jpg,../datasets/raw/coco_person/val/images/000000209753.jpg,../datasets/raw/coco_person/val/labels/000000209753.txt,coco_person,000000209753,test_pool,test
000000210394.jpg,../datasets/raw/coco_person/val/images/000000210394.jpg,../datasets/raw/coco_person/val/labels/000000210394.txt,coco_person,000000210394,test_pool,test
000000211825.jpg,../datasets/raw/coco_person/val/images/000000211825.jpg,../datasets/raw/coco_person/val/labels/000000211825.txt,coco_person,000000211825,test_pool,test
000000212573.jpg,../datasets/raw/coco_person/val/images/000000212573.jpg,../datasets/raw/coco_person/val/labels/000000212573.txt,coco_person,000000212573,test_pool,test
000000213171.jpg,../datasets/raw/coco_person/val/images/000000213171.jpg,../datasets/raw/coco_person/val/labels/000000213171.txt,coco_person,000000213171,test_pool,test
000000213593.jpg,../datasets/raw/coco_person/val/images/000000213593.jpg,../datasets/raw/coco_person/val/labels/000000213593.txt,coco_person,000000213593,test_pool,test
000000214539.jpg,../datasets/raw/coco_person/val/images/000000214539.jpg,../datasets/raw/coco_person/val/labels/000000214539.txt,coco_person,000000214539,test_pool,test
000000215723.jpg,../datasets/raw/coco_person/val/images/000000215723.jpg,../datasets/raw/coco_person/val/labels/000000215723.txt,coco_person,000000215723,test_pool,test
000000217285.jpg,../datasets/raw/coco_person/val/images/000000217285.jpg,../datasets/raw/coco_person/val/labels/000000217285.txt,coco_person,000000217285,test_pool,test
000000219271.jpg,../datasets/raw/coco_person/val/images/000000219271.jpg,../datasets/raw/coco_person/val/labels/000000219271.txt,coco_person,000000219271,test_pool,test
000000220732.jpg,../datasets/raw/coco_person/val/images/000000220732.jpg,../datasets/raw/coco_person/val/labels/000000220732.txt,coco_person,000000220732,test_pool,test
000000220858.jpg,../datasets/raw/coco_person/val/images/000000220858.jpg,../datasets/raw/coco_person/val/labels/000000220858.txt,coco_person,000000220858,test_pool,test
000000221754.jpg,../datasets/raw/coco_person/val/images/000000221754.jpg,../datasets/raw/coco_person/val/labels/000000221754.txt,coco_person,000000221754,test_pool,test
000000222118.jpg,../datasets/raw/coco_person/val/images/000000222118.jpg,../datasets/raw/coco_person/val/labels/000000222118.txt,coco_person,000000222118,test_pool,test
000000223182.jpg,../datasets/raw/coco_person/val/images/000000223182.jpg,../datasets/raw/coco_person/val/labels/000000223182.txt,coco_person,000000223182,test_pool,test
000000223959.jpg,../datasets/raw/coco_person/val/images/000000223959.jpg,../datasets/raw/coco_person/val/labels/000000223959.txt,coco_person,000000223959,test_pool,test
000000224119.jpg,../datasets/raw/coco_person/val/images/000000224119.jpg,../datasets/raw/coco_person/val/labels/000000224119.txt,coco_person,000000224119,test_pool,test
000000224222.jpg,../datasets/raw/coco_person/val/images/000000224222.jpg,../datasets/raw/coco_person/val/labels/000000224222.txt,coco_person,000000224222,test_pool,test
000000224664.jpg,../datasets/raw/coco_person/val/images/000000224664.jpg,../datasets/raw/coco_person/val/labels/000000224664.txt,coco_person,000000224664,test_pool,test
000000224724.jpg,../datasets/raw/coco_person/val/images/000000224724.jpg,../datasets/raw/coco_person/val/labels/000000224724.txt,coco_person,000000224724,test_pool,test
000000225405.jpg,../datasets/raw/coco_person/val/images/000000225405.jpg,../datasets/raw/coco_person/val/labels/000000225405.txt,coco_person,000000225405,test_pool,test
000000226147.jpg,../datasets/raw/coco_person/val/images/000000226147.jpg,../datasets/raw/coco_person/val/labels/000000226147.txt,coco_person,000000226147,test_pool,test
000000226154.jpg,../datasets/raw/coco_person/val/images/000000226154.jpg,../datasets/raw/coco_person/val/labels/000000226154.txt,coco_person,000000226154,test_pool,test
000000226408.jpg,../datasets/raw/coco_person/val/images/000000226408.jpg,../datasets/raw/coco_person/val/labels/000000226408.txt,coco_person,000000226408,test_pool,test
000000226662.jpg,../datasets/raw/coco_person/val/images/000000226662.jpg,../datasets/raw/coco_person/val/labels/000000226662.txt,coco_person,000000226662,test_pool,test
000000226802.jpg,../datasets/raw/coco_person/val/images/000000226802.jpg,../datasets/raw/coco_person/val/labels/000000226802.txt,coco_person,000000226802,test_pool,test
000000227478.jpg,../datasets/raw/coco_person/val/images/000000227478.jpg,../datasets/raw/coco_person/val/labels/000000227478.txt,coco_person,000000227478,test_pool,test
000000227482.jpg,../datasets/raw/coco_person/val/images/000000227482.jpg,../datasets/raw/coco_person/val/labels/000000227482.txt,coco_person,000000227482,test_pool,test
000000227898.jpg,../datasets/raw/coco_person/val/images/000000227898.jpg,../datasets/raw/coco_person/val/labels/000000227898.txt,coco_person,000000227898,test_pool,test
000000229358.jpg,../datasets/raw/coco_person/val/images/000000229358.jpg,../datasets/raw/coco_person/val/labels/000000229358.txt,coco_person,000000229358,test_pool,test
000000229849.jpg,../datasets/raw/coco_person/val/images/000000229849.jpg,../datasets/raw/coco_person/val/labels/000000229849.txt,coco_person,000000229849,test_pool,test
000000230993.jpg,../datasets/raw/coco_person/val/images/000000230993.jpg,../datasets/raw/coco_person/val/labels/000000230993.txt,coco_person,000000230993,test_pool,test
000000231339.jpg,../datasets/raw/coco_person/val/images/000000231339.jpg,../datasets/raw/coco_person/val/labels/000000231339.txt,coco_person,000000231339,test_pool,test
000000232649.jpg,../datasets/raw/coco_person/val/images/000000232649.jpg,../datasets/raw/coco_person/val/labels/000000232649.txt,coco_person,000000232649,test_pool,test
000000232684.jpg,../datasets/raw/coco_person/val/images/000000232684.jpg,../datasets/raw/coco_person/val/labels/000000232684.txt,coco_person,000000232684,test_pool,test
000000233238.jpg,../datasets/raw/coco_person/val/images/000000233238.jpg,../datasets/raw/coco_person/val/labels/000000233238.txt,coco_person,000000233238,test_pool,test
000000233771.jpg,../datasets/raw/coco_person/val/images/000000233771.jpg,../datasets/raw/coco_person/val/labels/000000233771.txt,coco_person,000000233771,test_pool,test
000000234526.jpg,../datasets/raw/coco_person/val/images/000000234526.jpg,../datasets/raw/coco_person/val/labels/000000234526.txt,coco_person,000000234526,test_pool,test
000000235784.jpg,../datasets/raw/coco_person/val/images/000000235784.jpg,../datasets/raw/coco_person/val/labels/000000235784.txt,coco_person,000000235784,test_pool,test
000000236166.jpg,../datasets/raw/coco_person/val/images/000000236166.jpg,../datasets/raw/coco_person/val/labels/000000236166.txt,coco_person,000000236166,test_pool,test
000000238013.jpg,../datasets/raw/coco_person/val/images/000000238013.jpg,../datasets/raw/coco_person/val/labels/000000238013.txt,coco_person,000000238013,test_pool,test
000000239274.jpg,../datasets/raw/coco_person/val/images/000000239274.jpg,../datasets/raw/coco_person/val/labels/000000239274.txt,coco_person,000000239274,test_pool,test
000000239347.jpg,../datasets/raw/coco_person/val/images/000000239347.jpg,../datasets/raw/coco_person/val/labels/000000239347.txt,coco_person,000000239347,test_pool,test
000000239773.jpg,../datasets/raw/coco_person/val/images/000000239773.jpg,../datasets/raw/coco_person/val/labels/000000239773.txt,coco_person,000000239773,test_pool,test
000000239857.jpg,../datasets/raw/coco_person/val/images/000000239857.jpg,../datasets/raw/coco_person/val/labels/000000239857.txt,coco_person,000000239857,test_pool,test
000000240049.jpg,../datasets/raw/coco_person/val/images/000000240049.jpg,../datasets/raw/coco_person/val/labels/000000240049.txt,coco_person,000000240049,test_pool,test
000000241668.jpg,../datasets/raw/coco_person/val/images/000000241668.jpg,../datasets/raw/coco_person/val/labels/000000241668.txt,coco_person,000000241668,test_pool,test
000000242411.jpg,../datasets/raw/coco_person/val/images/000000242411.jpg,../datasets/raw/coco_person/val/labels/000000242411.txt,coco_person,000000242411,test_pool,test
000000242678.jpg,../datasets/raw/coco_person/val/images/000000242678.jpg,../datasets/raw/coco_person/val/labels/000000242678.txt,coco_person,000000242678,test_pool,test
000000242724.jpg,../datasets/raw/coco_person/val/images/000000242724.jpg,../datasets/raw/coco_person/val/labels/000000242724.txt,coco_person,000000242724,test_pool,test
000000243148.jpg,../datasets/raw/coco_person/val/images/000000243148.jpg,../datasets/raw/coco_person/val/labels/000000243148.txt,coco_person,000000243148,test_pool,test
000000244833.jpg,../datasets/raw/coco_person/val/images/000000244833.jpg,../datasets/raw/coco_person/val/labels/000000244833.txt,coco_person,000000244833,test_pool,test
000000245448.jpg,../datasets/raw/coco_person/val/images/000000245448.jpg,../datasets/raw/coco_person/val/labels/000000245448.txt,coco_person,000000245448,test_pool,test
000000248284.jpg,../datasets/raw/coco_person/val/images/000000248284.jpg,../datasets/raw/coco_person/val/labels/000000248284.txt,coco_person,000000248284,test_pool,test
000000248334.jpg,../datasets/raw/coco_person/val/images/000000248334.jpg,../datasets/raw/coco_person/val/labels/000000248334.txt,coco_person,000000248334,test_pool,test
000000248616.jpg,../datasets/raw/coco_person/val/images/000000248616.jpg,../datasets/raw/coco_person/val/labels/000000248616.txt,coco_person,000000248616,test_pool,test
000000250127.jpg,../datasets/raw/coco_person/val/images/000000250127.jpg,../datasets/raw/coco_person/val/labels/000000250127.txt,coco_person,000000250127,test_pool,test
000000250282.jpg,../datasets/raw/coco_person/val/images/000000250282.jpg,../datasets/raw/coco_person/val/labels/000000250282.txt,coco_person,000000250282,test_pool,test
000000250901.jpg,../datasets/raw/coco_person/val/images/000000250901.jpg,../datasets/raw/coco_person/val/labels/000000250901.txt,coco_person,000000250901,test_pool,test
000000251140.jpg,../datasets/raw/coco_person/val/images/000000251140.jpg,../datasets/raw/coco_person/val/labels/000000251140.txt,coco_person,000000251140,test_pool,test
000000251824.jpg,../datasets/raw/coco_person/val/images/000000251824.jpg,../datasets/raw/coco_person/val/labels/000000251824.txt,coco_person,000000251824,test_pool,test
000000252219.jpg,../datasets/raw/coco_person/val/images/000000252219.jpg,../datasets/raw/coco_person/val/labels/000000252219.txt,coco_person,000000252219,test_pool,test
000000252507.jpg,../datasets/raw/coco_person/val/images/000000252507.jpg,../datasets/raw/coco_person/val/labels/000000252507.txt,coco_person,000000252507,test_pool,test
000000253695.jpg,../datasets/raw/coco_person/val/images/000000253695.jpg,../datasets/raw/coco_person/val/labels/000000253695.txt,coco_person,000000253695,test_pool,test
000000254016.jpg,../datasets/raw/coco_person/val/images/000000254016.jpg,../datasets/raw/coco_person/val/labels/000000254016.txt,coco_person,000000254016,test_pool,test
000000254368.jpg,../datasets/raw/coco_person/val/images/000000254368.jpg,../datasets/raw/coco_person/val/labels/000000254368.txt,coco_person,000000254368,test_pool,test
000000254814.jpg,../datasets/raw/coco_person/val/images/000000254814.jpg,../datasets/raw/coco_person/val/labels/000000254814.txt,coco_person,000000254814,test_pool,test
000000255749.jpg,../datasets/raw/coco_person/val/images/000000255749.jpg,../datasets/raw/coco_person/val/labels/000000255749.txt,coco_person,000000255749,test_pool,test
000000256775.jpg,../datasets/raw/coco_person/val/images/000000256775.jpg,../datasets/raw/coco_person/val/labels/000000256775.txt,coco_person,000000256775,test_pool,test
000000257084.jpg,../datasets/raw/coco_person/val/images/000000257084.jpg,../datasets/raw/coco_person/val/labels/000000257084.txt,coco_person,000000257084,test_pool,test
000000257566.jpg,../datasets/raw/coco_person/val/images/000000257566.jpg,../datasets/raw/coco_person/val/labels/000000257566.txt,coco_person,000000257566,test_pool,test
000000257865.jpg,../datasets/raw/coco_person/val/images/000000257865.jpg,../datasets/raw/coco_person/val/labels/000000257865.txt,coco_person,000000257865,test_pool,test
000000258388.jpg,../datasets/raw/coco_person/val/images/000000258388.jpg,../datasets/raw/coco_person/val/labels/000000258388.txt,coco_person,000000258388,test_pool,test
000000258541.jpg,../datasets/raw/coco_person/val/images/000000258541.jpg,../datasets/raw/coco_person/val/labels/000000258541.txt,coco_person,000000258541,test_pool,test
000000258883.jpg,../datasets/raw/coco_person/val/images/000000258883.jpg,../datasets/raw/coco_person/val/labels/000000258883.txt,coco_person,000000258883,test_pool,test
000000259597.jpg,../datasets/raw/coco_person/val/images/000000259597.jpg,../datasets/raw/coco_person/val/labels/000000259597.txt,coco_person,000000259597,test_pool,test
000000260106.jpg,../datasets/raw/coco_person/val/images/000000260106.jpg,../datasets/raw/coco_person/val/labels/000000260106.txt,coco_person,000000260106,test_pool,test
000000261061.jpg,../datasets/raw/coco_person/val/images/000000261061.jpg,../datasets/raw/coco_person/val/labels/000000261061.txt,coco_person,000000261061,test_pool,test
000000261097.jpg,../datasets/raw/coco_person/val/images/000000261097.jpg,../datasets/raw/coco_person/val/labels/000000261097.txt,coco_person,000000261097,test_pool,test
000000261318.jpg,../datasets/raw/coco_person/val/images/000000261318.jpg,../datasets/raw/coco_person/val/labels/000000261318.txt,coco_person,000000261318,test_pool,test
000000261732.jpg,../datasets/raw/coco_person/val/images/000000261732.jpg,../datasets/raw/coco_person/val/labels/000000261732.txt,coco_person,000000261732,test_pool,test
000000262048.jpg,../datasets/raw/coco_person/val/images/000000262048.jpg,../datasets/raw/coco_person/val/labels/000000262048.txt,coco_person,000000262048,test_pool,test
000000262587.jpg,../datasets/raw/coco_person/val/images/000000262587.jpg,../datasets/raw/coco_person/val/labels/000000262587.txt,coco_person,000000262587,test_pool,test
000000263679.jpg,../datasets/raw/coco_person/val/images/000000263679.jpg,../datasets/raw/coco_person/val/labels/000000263679.txt,coco_person,000000263679,test_pool,test
000000264968.jpg,../datasets/raw/coco_person/val/images/000000264968.jpg,../datasets/raw/coco_person/val/labels/000000264968.txt,coco_person,000000264968,test_pool,test
000000265816.jpg,../datasets/raw/coco_person/val/images/000000265816.jpg,../datasets/raw/coco_person/val/labels/000000265816.txt,coco_person,000000265816,test_pool,test
000000266409.jpg,../datasets/raw/coco_person/val/images/000000266409.jpg,../datasets/raw/coco_person/val/labels/000000266409.txt,coco_person,000000266409,test_pool,test
000000266768.jpg,../datasets/raw/coco_person/val/images/000000266768.jpg,../datasets/raw/coco_person/val/labels/000000266768.txt,coco_person,000000266768,test_pool,test
000000267169.jpg,../datasets/raw/coco_person/val/images/000000267169.jpg,../datasets/raw/coco_person/val/labels/000000267169.txt,coco_person,000000267169,test_pool,test
000000267191.jpg,../datasets/raw/coco_person/val/images/000000267191.jpg,../datasets/raw/coco_person/val/labels/000000267191.txt,coco_person,000000267191,test_pool,test
000000268000.jpg,../datasets/raw/coco_person/val/images/000000268000.jpg,../datasets/raw/coco_person/val/labels/000000268000.txt,coco_person,000000268000,test_pool,test
000000268729.jpg,../datasets/raw/coco_person/val/images/000000268729.jpg,../datasets/raw/coco_person/val/labels/000000268729.txt,coco_person,000000268729,test_pool,test
000000270297.jpg,../datasets/raw/coco_person/val/images/000000270297.jpg,../datasets/raw/coco_person/val/labels/000000270297.txt,coco_person,000000270297,test_pool,test
000000270908.jpg,../datasets/raw/coco_person/val/images/000000270908.jpg,../datasets/raw/coco_person/val/labels/000000270908.txt,coco_person,000000270908,test_pool,test
000000271116.jpg,../datasets/raw/coco_person/val/images/000000271116.jpg,../datasets/raw/coco_person/val/labels/000000271116.txt,coco_person,000000271116,test_pool,test
000000271471.jpg,../datasets/raw/coco_person/val/images/000000271471.jpg,../datasets/raw/coco_person/val/labels/000000271471.txt,coco_person,000000271471,test_pool,test
000000272136.jpg,../datasets/raw/coco_person/val/images/000000272136.jpg,../datasets/raw/coco_person/val/labels/000000272136.txt,coco_person,000000272136,test_pool,test
000000272148.jpg,../datasets/raw/coco_person/val/images/000000272148.jpg,../datasets/raw/coco_person/val/labels/000000272148.txt,coco_person,000000272148,test_pool,test
000000273493.jpg,../datasets/raw/coco_person/val/images/000000273493.jpg,../datasets/raw/coco_person/val/labels/000000273493.txt,coco_person,000000273493,test_pool,test
000000274066.jpg,../datasets/raw/coco_person/val/images/000000274066.jpg,../datasets/raw/coco_person/val/labels/000000274066.txt,coco_person,000000274066,test_pool,test
000000274411.jpg,../datasets/raw/coco_person/val/images/000000274411.jpg,../datasets/raw/coco_person/val/labels/000000274411.txt,coco_person,000000274411,test_pool,test
000000274708.jpg,../datasets/raw/coco_person/val/images/000000274708.jpg,../datasets/raw/coco_person/val/labels/000000274708.txt,coco_person,000000274708,test_pool,test
000000275058.jpg,../datasets/raw/coco_person/val/images/000000275058.jpg,../datasets/raw/coco_person/val/labels/000000275058.txt,coco_person,000000275058,test_pool,test
000000276055.jpg,../datasets/raw/coco_person/val/images/000000276055.jpg,../datasets/raw/coco_person/val/labels/000000276055.txt,coco_person,000000276055,test_pool,test
000000278749.jpg,../datasets/raw/coco_person/val/images/000000278749.jpg,../datasets/raw/coco_person/val/labels/000000278749.txt,coco_person,000000278749,test_pool,test
000000279541.jpg,../datasets/raw/coco_person/val/images/000000279541.jpg,../datasets/raw/coco_person/val/labels/000000279541.txt,coco_person,000000279541,test_pool,test
000000279774.jpg,../datasets/raw/coco_person/val/images/000000279774.jpg,../datasets/raw/coco_person/val/labels/000000279774.txt,coco_person,000000279774,test_pool,test
000000279927.jpg,../datasets/raw/coco_person/val/images/000000279927.jpg,../datasets/raw/coco_person/val/labels/000000279927.txt,coco_person,000000279927,test_pool,test
000000280918.jpg,../datasets/raw/coco_person/val/images/000000280918.jpg,../datasets/raw/coco_person/val/labels/000000280918.txt,coco_person,000000280918,test_pool,test
000000281414.jpg,../datasets/raw/coco_person/val/images/000000281414.jpg,../datasets/raw/coco_person/val/labels/000000281414.txt,coco_person,000000281414,test_pool,test
000000281754.jpg,../datasets/raw/coco_person/val/images/000000281754.jpg,../datasets/raw/coco_person/val/labels/000000281754.txt,coco_person,000000281754,test_pool,test
000000281759.jpg,../datasets/raw/coco_person/val/images/000000281759.jpg,../datasets/raw/coco_person/val/labels/000000281759.txt,coco_person,000000281759,test_pool,test
000000283318.jpg,../datasets/raw/coco_person/val/images/000000283318.jpg,../datasets/raw/coco_person/val/labels/000000283318.txt,coco_person,000000283318,test_pool,test
000000283785.jpg,../datasets/raw/coco_person/val/images/000000283785.jpg,../datasets/raw/coco_person/val/labels/000000283785.txt,coco_person,000000283785,test_pool,test
000000284445.jpg,../datasets/raw/coco_person/val/images/000000284445.jpg,../datasets/raw/coco_person/val/labels/000000284445.txt,coco_person,000000284445,test_pool,test
000000284725.jpg,../datasets/raw/coco_person/val/images/000000284725.jpg,../datasets/raw/coco_person/val/labels/000000284725.txt,coco_person,000000284725,test_pool,test
000000284764.jpg,../datasets/raw/coco_person/val/images/000000284764.jpg,../datasets/raw/coco_person/val/labels/000000284764.txt,coco_person,000000284764,test_pool,test
000000284991.jpg,../datasets/raw/coco_person/val/images/000000284991.jpg,../datasets/raw/coco_person/val/labels/000000284991.txt,coco_person,000000284991,test_pool,test
000000286182.jpg,../datasets/raw/coco_person/val/images/000000286182.jpg,../datasets/raw/coco_person/val/labels/000000286182.txt,coco_person,000000286182,test_pool,test
000000286523.jpg,../datasets/raw/coco_person/val/images/000000286523.jpg,../datasets/raw/coco_person/val/labels/000000286523.txt,coco_person,000000286523,test_pool,test
000000286553.jpg,../datasets/raw/coco_person/val/images/000000286553.jpg,../datasets/raw/coco_person/val/labels/000000286553.txt,coco_person,000000286553,test_pool,test
000000288042.jpg,../datasets/raw/coco_person/val/images/000000288042.jpg,../datasets/raw/coco_person/val/labels/000000288042.txt,coco_person,000000288042,test_pool,test
000000288584.jpg,../datasets/raw/coco_person/val/images/000000288584.jpg,../datasets/raw/coco_person/val/labels/000000288584.txt,coco_person,000000288584,test_pool,test
000000289343.jpg,../datasets/raw/coco_person/val/images/000000289343.jpg,../datasets/raw/coco_person/val/labels/000000289343.txt,coco_person,000000289343,test_pool,test
000000289594.jpg,../datasets/raw/coco_person/val/images/000000289594.jpg,../datasets/raw/coco_person/val/labels/000000289594.txt,coco_person,000000289594,test_pool,test
000000289741.jpg,../datasets/raw/coco_person/val/images/000000289741.jpg,../datasets/raw/coco_person/val/labels/000000289741.txt,coco_person,000000289741,test_pool,test
000000290179.jpg,../datasets/raw/coco_person/val/images/000000290179.jpg,../datasets/raw/coco_person/val/labels/000000290179.txt,coco_person,000000290179,test_pool,test
000000290293.jpg,../datasets/raw/coco_person/val/images/000000290293.jpg,../datasets/raw/coco_person/val/labels/000000290293.txt,coco_person,000000290293,test_pool,test
000000292155.jpg,../datasets/raw/coco_person/val/images/000000292155.jpg,../datasets/raw/coco_person/val/labels/000000292155.txt,coco_person,000000292155,test_pool,test
000000292225.jpg,../datasets/raw/coco_person/val/images/000000292225.jpg,../datasets/raw/coco_person/val/labels/000000292225.txt,coco_person,000000292225,test_pool,test
000000292456.jpg,../datasets/raw/coco_person/val/images/000000292456.jpg,../datasets/raw/coco_person/val/labels/000000292456.txt,coco_person,000000292456,test_pool,test
000000292488.jpg,../datasets/raw/coco_person/val/images/000000292488.jpg,../datasets/raw/coco_person/val/labels/000000292488.txt,coco_person,000000292488,test_pool,test
000000293300.jpg,../datasets/raw/coco_person/val/images/000000293300.jpg,../datasets/raw/coco_person/val/labels/000000293300.txt,coco_person,000000293300,test_pool,test
000000293794.jpg,../datasets/raw/coco_person/val/images/000000293794.jpg,../datasets/raw/coco_person/val/labels/000000293794.txt,coco_person,000000293794,test_pool,test
000000294350.jpg,../datasets/raw/coco_person/val/images/000000294350.jpg,../datasets/raw/coco_person/val/labels/000000294350.txt,coco_person,000000294350,test_pool,test
000000294695.jpg,../datasets/raw/coco_person/val/images/000000294695.jpg,../datasets/raw/coco_person/val/labels/000000294695.txt,coco_person,000000294695,test_pool,test
000000295138.jpg,../datasets/raw/coco_person/val/images/000000295138.jpg,../datasets/raw/coco_person/val/labels/000000295138.txt,coco_person,000000295138,test_pool,test
000000295316.jpg,../datasets/raw/coco_person/val/images/000000295316.jpg,../datasets/raw/coco_person/val/labels/000000295316.txt,coco_person,000000295316,test_pool,test
000000296222.jpg,../datasets/raw/coco_person/val/images/000000296222.jpg,../datasets/raw/coco_person/val/labels/000000296222.txt,coco_person,000000296222,test_pool,test
000000297578.jpg,../datasets/raw/coco_person/val/images/000000297578.jpg,../datasets/raw/coco_person/val/labels/000000297578.txt,coco_person,000000297578,test_pool,test
000000297595.jpg,../datasets/raw/coco_person/val/images/000000297595.jpg,../datasets/raw/coco_person/val/labels/000000297595.txt,coco_person,000000297595,test_pool,test
000000297698.jpg,../datasets/raw/coco_person/val/images/000000297698.jpg,../datasets/raw/coco_person/val/labels/000000297698.txt,coco_person,000000297698,test_pool,test
000000301718.jpg,../datasets/raw/coco_person/val/images/000000301718.jpg,../datasets/raw/coco_person/val/labels/000000301718.txt,coco_person,000000301718,test_pool,test
000000301867.jpg,../datasets/raw/coco_person/val/images/000000301867.jpg,../datasets/raw/coco_person/val/labels/000000301867.txt,coco_person,000000301867,test_pool,test
000000302536.jpg,../datasets/raw/coco_person/val/images/000000302536.jpg,../datasets/raw/coco_person/val/labels/000000302536.txt,coco_person,000000302536,test_pool,test
000000303653.jpg,../datasets/raw/coco_person/val/images/000000303653.jpg,../datasets/raw/coco_person/val/labels/000000303653.txt,coco_person,000000303653,test_pool,test
000000304180.jpg,../datasets/raw/coco_person/val/images/000000304180.jpg,../datasets/raw/coco_person/val/labels/000000304180.txt,coco_person,000000304180,test_pool,test
000000304404.jpg,../datasets/raw/coco_person/val/images/000000304404.jpg,../datasets/raw/coco_person/val/labels/000000304404.txt,coco_person,000000304404,test_pool,test
000000305609.jpg,../datasets/raw/coco_person/val/images/000000305609.jpg,../datasets/raw/coco_person/val/labels/000000305609.txt,coco_person,000000305609,test_pool,test
000000306136.jpg,../datasets/raw/coco_person/val/images/000000306136.jpg,../datasets/raw/coco_person/val/labels/000000306136.txt,coco_person,000000306136,test_pool,test
000000306139.jpg,../datasets/raw/coco_person/val/images/000000306139.jpg,../datasets/raw/coco_person/val/labels/000000306139.txt,coco_person,000000306139,test_pool,test
000000306437.jpg,../datasets/raw/coco_person/val/images/000000306437.jpg,../datasets/raw/coco_person/val/labels/000000306437.txt,coco_person,000000306437,test_pool,test
000000306700.jpg,../datasets/raw/coco_person/val/images/000000306700.jpg,../datasets/raw/coco_person/val/labels/000000306700.txt,coco_person,000000306700,test_pool,test
000000308328.jpg,../datasets/raw/coco_person/val/images/000000308328.jpg,../datasets/raw/coco_person/val/labels/000000308328.txt,coco_person,000000308328,test_pool,test
000000308587.jpg,../datasets/raw/coco_person/val/images/000000308587.jpg,../datasets/raw/coco_person/val/labels/000000308587.txt,coco_person,000000308587,test_pool,test
000000308631.jpg,../datasets/raw/coco_person/val/images/000000308631.jpg,../datasets/raw/coco_person/val/labels/000000308631.txt,coco_person,000000308631,test_pool,test
000000309678.jpg,../datasets/raw/coco_person/val/images/000000309678.jpg,../datasets/raw/coco_person/val/labels/000000309678.txt,coco_person,000000309678,test_pool,test
000000311002.jpg,../datasets/raw/coco_person/val/images/000000311002.jpg,../datasets/raw/coco_person/val/labels/000000311002.txt,coco_person,000000311002,test_pool,test
000000311180.jpg,../datasets/raw/coco_person/val/images/000000311180.jpg,../datasets/raw/coco_person/val/labels/000000311180.txt,coco_person,000000311180,test_pool,test
000000311392.jpg,../datasets/raw/coco_person/val/images/000000311392.jpg,../datasets/raw/coco_person/val/labels/000000311392.txt,coco_person,000000311392,test_pool,test
000000312552.jpg,../datasets/raw/coco_person/val/images/000000312552.jpg,../datasets/raw/coco_person/val/labels/000000312552.txt,coco_person,000000312552,test_pool,test
000000313034.jpg,../datasets/raw/coco_person/val/images/000000313034.jpg,../datasets/raw/coco_person/val/labels/000000313034.txt,coco_person,000000313034,test_pool,test
000000313182.jpg,../datasets/raw/coco_person/val/images/000000313182.jpg,../datasets/raw/coco_person/val/labels/000000313182.txt,coco_person,000000313182,test_pool,test
000000313562.jpg,../datasets/raw/coco_person/val/images/000000313562.jpg,../datasets/raw/coco_person/val/labels/000000313562.txt,coco_person,000000313562,test_pool,test
000000313588.jpg,../datasets/raw/coco_person/val/images/000000313588.jpg,../datasets/raw/coco_person/val/labels/000000313588.txt,coco_person,000000313588,test_pool,test
000000314177.jpg,../datasets/raw/coco_person/val/images/000000314177.jpg,../datasets/raw/coco_person/val/labels/000000314177.txt,coco_person,000000314177,test_pool,test
000000314251.jpg,../datasets/raw/coco_person/val/images/000000314251.jpg,../datasets/raw/coco_person/val/labels/000000314251.txt,coco_person,000000314251,test_pool,test
000000318138.jpg,../datasets/raw/coco_person/val/images/000000318138.jpg,../datasets/raw/coco_person/val/labels/000000318138.txt,coco_person,000000318138,test_pool,test
000000319369.jpg,../datasets/raw/coco_person/val/images/000000319369.jpg,../datasets/raw/coco_person/val/labels/000000319369.txt,coco_person,000000319369,test_pool,test
000000319607.jpg,../datasets/raw/coco_person/val/images/000000319607.jpg,../datasets/raw/coco_person/val/labels/000000319607.txt,coco_person,000000319607,test_pool,test
000000320232.jpg,../datasets/raw/coco_person/val/images/000000320232.jpg,../datasets/raw/coco_person/val/labels/000000320232.txt,coco_person,000000320232,test_pool,test
000000321214.jpg,../datasets/raw/coco_person/val/images/000000321214.jpg,../datasets/raw/coco_person/val/labels/000000321214.txt,coco_person,000000321214,test_pool,test
000000322610.jpg,../datasets/raw/coco_person/val/images/000000322610.jpg,../datasets/raw/coco_person/val/labels/000000322610.txt,coco_person,000000322610,test_pool,test
000000322944.jpg,../datasets/raw/coco_person/val/images/000000322944.jpg,../datasets/raw/coco_person/val/labels/000000322944.txt,coco_person,000000322944,test_pool,test
000000323496.jpg,../datasets/raw/coco_person/val/images/000000323496.jpg,../datasets/raw/coco_person/val/labels/000000323496.txt,coco_person,000000323496,test_pool,test
000000323751.jpg,../datasets/raw/coco_person/val/images/000000323751.jpg,../datasets/raw/coco_person/val/labels/000000323751.txt,coco_person,000000323751,test_pool,test
000000324158.jpg,../datasets/raw/coco_person/val/images/000000324158.jpg,../datasets/raw/coco_person/val/labels/000000324158.txt,coco_person,000000324158,test_pool,test
000000324258.jpg,../datasets/raw/coco_person/val/images/000000324258.jpg,../datasets/raw/coco_person/val/labels/000000324258.txt,coco_person,000000324258,test_pool,test
000000324614.jpg,../datasets/raw/coco_person/val/images/000000324614.jpg,../datasets/raw/coco_person/val/labels/000000324614.txt,coco_person,000000324614,test_pool,test
000000325838.jpg,../datasets/raw/coco_person/val/images/000000325838.jpg,../datasets/raw/coco_person/val/labels/000000325838.txt,coco_person,000000325838,test_pool,test
000000325991.jpg,../datasets/raw/coco_person/val/images/000000325991.jpg,../datasets/raw/coco_person/val/labels/000000325991.txt,coco_person,000000325991,test_pool,test
000000326128.jpg,../datasets/raw/coco_person/val/images/000000326128.jpg,../datasets/raw/coco_person/val/labels/000000326128.txt,coco_person,000000326128,test_pool,test
000000326248.jpg,../datasets/raw/coco_person/val/images/000000326248.jpg,../datasets/raw/coco_person/val/labels/000000326248.txt,coco_person,000000326248,test_pool,test
000000326541.jpg,../datasets/raw/coco_person/val/images/000000326541.jpg,../datasets/raw/coco_person/val/labels/000000326541.txt,coco_person,000000326541,test_pool,test
000000327306.jpg,../datasets/raw/coco_person/val/images/000000327306.jpg,../datasets/raw/coco_person/val/labels/000000327306.txt,coco_person,000000327306,test_pool,test
000000327617.jpg,../datasets/raw/coco_person/val/images/000000327617.jpg,../datasets/raw/coco_person/val/labels/000000327617.txt,coco_person,000000327617,test_pool,test
000000327701.jpg,../datasets/raw/coco_person/val/images/000000327701.jpg,../datasets/raw/coco_person/val/labels/000000327701.txt,coco_person,000000327701,test_pool,test
000000328238.jpg,../datasets/raw/coco_person/val/images/000000328238.jpg,../datasets/raw/coco_person/val/labels/000000328238.txt,coco_person,000000328238,test_pool,test
000000328430.jpg,../datasets/raw/coco_person/val/images/000000328430.jpg,../datasets/raw/coco_person/val/labels/000000328430.txt,coco_person,000000328430,test_pool,test
000000329041.jpg,../datasets/raw/coco_person/val/images/000000329041.jpg,../datasets/raw/coco_person/val/labels/000000329041.txt,coco_person,000000329041,test_pool,test
000000329323.jpg,../datasets/raw/coco_person/val/images/000000329323.jpg,../datasets/raw/coco_person/val/labels/000000329323.txt,coco_person,000000329323,test_pool,test
000000329614.jpg,../datasets/raw/coco_person/val/images/000000329614.jpg,../datasets/raw/coco_person/val/labels/000000329614.txt,coco_person,000000329614,test_pool,test
000000330369.jpg,../datasets/raw/coco_person/val/images/000000330369.jpg,../datasets/raw/coco_person/val/labels/000000330369.txt,coco_person,000000330369,test_pool,test
000000330818.jpg,../datasets/raw/coco_person/val/images/000000330818.jpg,../datasets/raw/coco_person/val/labels/000000330818.txt,coco_person,000000330818,test_pool,test
000000331280.jpg,../datasets/raw/coco_person/val/images/000000331280.jpg,../datasets/raw/coco_person/val/labels/000000331280.txt,coco_person,000000331280,test_pool,test
000000331799.jpg,../datasets/raw/coco_person/val/images/000000331799.jpg,../datasets/raw/coco_person/val/labels/000000331799.txt,coco_person,000000331799,test_pool,test
000000331817.jpg,../datasets/raw/coco_person/val/images/000000331817.jpg,../datasets/raw/coco_person/val/labels/000000331817.txt,coco_person,000000331817,test_pool,test
000000332351.jpg,../datasets/raw/coco_person/val/images/000000332351.jpg,../datasets/raw/coco_person/val/labels/000000332351.txt,coco_person,000000332351,test_pool,test
000000332845.jpg,../datasets/raw/coco_person/val/images/000000332845.jpg,../datasets/raw/coco_person/val/labels/000000332845.txt,coco_person,000000332845,test_pool,test
000000332901.jpg,../datasets/raw/coco_person/val/images/000000332901.jpg,../datasets/raw/coco_person/val/labels/000000332901.txt,coco_person,000000332901,test_pool,test
000000333402.jpg,../datasets/raw/coco_person/val/images/000000333402.jpg,../datasets/raw/coco_person/val/labels/000000333402.txt,coco_person,000000333402,test_pool,test
000000333745.jpg,../datasets/raw/coco_person/val/images/000000333745.jpg,../datasets/raw/coco_person/val/labels/000000333745.txt,coco_person,000000333745,test_pool,test
000000334006.jpg,../datasets/raw/coco_person/val/images/000000334006.jpg,../datasets/raw/coco_person/val/labels/000000334006.txt,coco_person,000000334006,test_pool,test
000000334309.jpg,../datasets/raw/coco_person/val/images/000000334309.jpg,../datasets/raw/coco_person/val/labels/000000334309.txt,coco_person,000000334309,test_pool,test
000000334483.jpg,../datasets/raw/coco_person/val/images/000000334483.jpg,../datasets/raw/coco_person/val/labels/000000334483.txt,coco_person,000000334483,test_pool,test
000000334530.jpg,../datasets/raw/coco_person/val/images/000000334530.jpg,../datasets/raw/coco_person/val/labels/000000334530.txt,coco_person,000000334530,test_pool,test
000000334719.jpg,../datasets/raw/coco_person/val/images/000000334719.jpg,../datasets/raw/coco_person/val/labels/000000334719.txt,coco_person,000000334719,test_pool,test
000000336209.jpg,../datasets/raw/coco_person/val/images/000000336209.jpg,../datasets/raw/coco_person/val/labels/000000336209.txt,coco_person,000000336209,test_pool,test
000000336658.jpg,../datasets/raw/coco_person/val/images/000000336658.jpg,../datasets/raw/coco_person/val/labels/000000336658.txt,coco_person,000000336658,test_pool,test
000000338624.jpg,../datasets/raw/coco_person/val/images/000000338624.jpg,../datasets/raw/coco_person/val/labels/000000338624.txt,coco_person,000000338624,test_pool,test
000000338625.jpg,../datasets/raw/coco_person/val/images/000000338625.jpg,../datasets/raw/coco_person/val/labels/000000338625.txt,coco_person,000000338625,test_pool,test
000000340451.jpg,../datasets/raw/coco_person/val/images/000000340451.jpg,../datasets/raw/coco_person/val/labels/000000340451.txt,coco_person,000000340451,test_pool,test
000000340894.jpg,../datasets/raw/coco_person/val/images/000000340894.jpg,../datasets/raw/coco_person/val/labels/000000340894.txt,coco_person,000000340894,test_pool,test
000000341094.jpg,../datasets/raw/coco_person/val/images/000000341094.jpg,../datasets/raw/coco_person/val/labels/000000341094.txt,coco_person,000000341094,test_pool,test
000000341719.jpg,../datasets/raw/coco_person/val/images/000000341719.jpg,../datasets/raw/coco_person/val/labels/000000341719.txt,coco_person,000000341719,test_pool,test
000000341828.jpg,../datasets/raw/coco_person/val/images/000000341828.jpg,../datasets/raw/coco_person/val/labels/000000341828.txt,coco_person,000000341828,test_pool,test
000000342367.jpg,../datasets/raw/coco_person/val/images/000000342367.jpg,../datasets/raw/coco_person/val/labels/000000342367.txt,coco_person,000000342367,test_pool,test
000000343524.jpg,../datasets/raw/coco_person/val/images/000000343524.jpg,../datasets/raw/coco_person/val/labels/000000343524.txt,coco_person,000000343524,test_pool,test
000000343803.jpg,../datasets/raw/coco_person/val/images/000000343803.jpg,../datasets/raw/coco_person/val/labels/000000343803.txt,coco_person,000000343803,test_pool,test
000000343976.jpg,../datasets/raw/coco_person/val/images/000000343976.jpg,../datasets/raw/coco_person/val/labels/000000343976.txt,coco_person,000000343976,test_pool,test
000000345356.jpg,../datasets/raw/coco_person/val/images/000000345356.jpg,../datasets/raw/coco_person/val/labels/000000345356.txt,coco_person,000000345356,test_pool,test
000000345385.jpg,../datasets/raw/coco_person/val/images/000000345385.jpg,../datasets/raw/coco_person/val/labels/000000345385.txt,coco_person,000000345385,test_pool,test
000000345466.jpg,../datasets/raw/coco_person/val/images/000000345466.jpg,../datasets/raw/coco_person/val/labels/000000345466.txt,coco_person,000000345466,test_pool,test
000000346232.jpg,../datasets/raw/coco_person/val/images/000000346232.jpg,../datasets/raw/coco_person/val/labels/000000346232.txt,coco_person,000000346232,test_pool,test
000000346703.jpg,../datasets/raw/coco_person/val/images/000000346703.jpg,../datasets/raw/coco_person/val/labels/000000346703.txt,coco_person,000000346703,test_pool,test
000000346968.jpg,../datasets/raw/coco_person/val/images/000000346968.jpg,../datasets/raw/coco_person/val/labels/000000346968.txt,coco_person,000000346968,test_pool,test
000000347174.jpg,../datasets/raw/coco_person/val/images/000000347174.jpg,../datasets/raw/coco_person/val/labels/000000347174.txt,coco_person,000000347174,test_pool,test
000000347254.jpg,../datasets/raw/coco_person/val/images/000000347254.jpg,../datasets/raw/coco_person/val/labels/000000347254.txt,coco_person,000000347254,test_pool,test
000000347265.jpg,../datasets/raw/coco_person/val/images/000000347265.jpg,../datasets/raw/coco_person/val/labels/000000347265.txt,coco_person,000000347265,test_pool,test
000000348881.jpg,../datasets/raw/coco_person/val/images/000000348881.jpg,../datasets/raw/coco_person/val/labels/000000348881.txt,coco_person,000000348881,test_pool,test
000000349184.jpg,../datasets/raw/coco_person/val/images/000000349184.jpg,../datasets/raw/coco_person/val/labels/000000349184.txt,coco_person,000000349184,test_pool,test
000000349594.jpg,../datasets/raw/coco_person/val/images/000000349594.jpg,../datasets/raw/coco_person/val/labels/000000349594.txt,coco_person,000000349594,test_pool,test
000000350122.jpg,../datasets/raw/coco_person/val/images/000000350122.jpg,../datasets/raw/coco_person/val/labels/000000350122.txt,coco_person,000000350122,test_pool,test
000000351823.jpg,../datasets/raw/coco_person/val/images/000000351823.jpg,../datasets/raw/coco_person/val/labels/000000351823.txt,coco_person,000000351823,test_pool,test
000000352582.jpg,../datasets/raw/coco_person/val/images/000000352582.jpg,../datasets/raw/coco_person/val/labels/000000352582.txt,coco_person,000000352582,test_pool,test
000000354307.jpg,../datasets/raw/coco_person/val/images/000000354307.jpg,../datasets/raw/coco_person/val/labels/000000354307.txt,coco_person,000000354307,test_pool,test
000000354547.jpg,../datasets/raw/coco_person/val/images/000000354547.jpg,../datasets/raw/coco_person/val/labels/000000354547.txt,coco_person,000000354547,test_pool,test
000000355257.jpg,../datasets/raw/coco_person/val/images/000000355257.jpg,../datasets/raw/coco_person/val/labels/000000355257.txt,coco_person,000000355257,test_pool,test
000000356125.jpg,../datasets/raw/coco_person/val/images/000000356125.jpg,../datasets/raw/coco_person/val/labels/000000356125.txt,coco_person,000000356125,test_pool,test
000000356248.jpg,../datasets/raw/coco_person/val/images/000000356248.jpg,../datasets/raw/coco_person/val/labels/000000356248.txt,coco_person,000000356248,test_pool,test
000000356505.jpg,../datasets/raw/coco_person/val/images/000000356505.jpg,../datasets/raw/coco_person/val/labels/000000356505.txt,coco_person,000000356505,test_pool,test
000000356531.jpg,../datasets/raw/coco_person/val/images/000000356531.jpg,../datasets/raw/coco_person/val/labels/000000356531.txt,coco_person,000000356531,test_pool,test
000000356612.jpg,../datasets/raw/coco_person/val/images/000000356612.jpg,../datasets/raw/coco_person/val/labels/000000356612.txt,coco_person,000000356612,test_pool,test
000000357459.jpg,../datasets/raw/coco_person/val/images/000000357459.jpg,../datasets/raw/coco_person/val/labels/000000357459.txt,coco_person,000000357459,test_pool,test
000000357888.jpg,../datasets/raw/coco_person/val/images/000000357888.jpg,../datasets/raw/coco_person/val/labels/000000357888.txt,coco_person,000000357888,test_pool,test
000000358525.jpg,../datasets/raw/coco_person/val/images/000000358525.jpg,../datasets/raw/coco_person/val/labels/000000358525.txt,coco_person,000000358525,test_pool,test
000000359677.jpg,../datasets/raw/coco_person/val/images/000000359677.jpg,../datasets/raw/coco_person/val/labels/000000359677.txt,coco_person,000000359677,test_pool,test
000000360137.jpg,../datasets/raw/coco_person/val/images/000000360137.jpg,../datasets/raw/coco_person/val/labels/000000360137.txt,coco_person,000000360137,test_pool,test
000000361103.jpg,../datasets/raw/coco_person/val/images/000000361103.jpg,../datasets/raw/coco_person/val/labels/000000361103.txt,coco_person,000000361103,test_pool,test
000000361147.jpg,../datasets/raw/coco_person/val/images/000000361147.jpg,../datasets/raw/coco_person/val/labels/000000361147.txt,coco_person,000000361147,test_pool,test
000000361238.jpg,../datasets/raw/coco_person/val/images/000000361238.jpg,../datasets/raw/coco_person/val/labels/000000361238.txt,coco_person,000000361238,test_pool,test
000000361506.jpg,../datasets/raw/coco_person/val/images/000000361506.jpg,../datasets/raw/coco_person/val/labels/000000361506.txt,coco_person,000000361506,test_pool,test
000000361551.jpg,../datasets/raw/coco_person/val/images/000000361551.jpg,../datasets/raw/coco_person/val/labels/000000361551.txt,coco_person,000000361551,test_pool,test
000000361730.jpg,../datasets/raw/coco_person/val/images/000000361730.jpg,../datasets/raw/coco_person/val/labels/000000361730.txt,coco_person,000000361730,test_pool,test
000000361919.jpg,../datasets/raw/coco_person/val/images/000000361919.jpg,../datasets/raw/coco_person/val/labels/000000361919.txt,coco_person,000000361919,test_pool,test
000000362520.jpg,../datasets/raw/coco_person/val/images/000000362520.jpg,../datasets/raw/coco_person/val/labels/000000362520.txt,coco_person,000000362520,test_pool,test
000000362682.jpg,../datasets/raw/coco_person/val/images/000000362682.jpg,../datasets/raw/coco_person/val/labels/000000362682.txt,coco_person,000000362682,test_pool,test
000000363666.jpg,../datasets/raw/coco_person/val/images/000000363666.jpg,../datasets/raw/coco_person/val/labels/000000363666.txt,coco_person,000000363666,test_pool,test
000000364557.jpg,../datasets/raw/coco_person/val/images/000000364557.jpg,../datasets/raw/coco_person/val/labels/000000364557.txt,coco_person,000000364557,test_pool,test
000000365208.jpg,../datasets/raw/coco_person/val/images/000000365208.jpg,../datasets/raw/coco_person/val/labels/000000365208.txt,coco_person,000000365208,test_pool,test
000000365521.jpg,../datasets/raw/coco_person/val/images/000000365521.jpg,../datasets/raw/coco_person/val/labels/000000365521.txt,coco_person,000000365521,test_pool,test
000000365642.jpg,../datasets/raw/coco_person/val/images/000000365642.jpg,../datasets/raw/coco_person/val/labels/000000365642.txt,coco_person,000000365642,test_pool,test
000000365886.jpg,../datasets/raw/coco_person/val/images/000000365886.jpg,../datasets/raw/coco_person/val/labels/000000365886.txt,coco_person,000000365886,test_pool,test
000000366884.jpg,../datasets/raw/coco_person/val/images/000000366884.jpg,../datasets/raw/coco_person/val/labels/000000366884.txt,coco_person,000000366884,test_pool,test
000000367680.jpg,../datasets/raw/coco_person/val/images/000000367680.jpg,../datasets/raw/coco_person/val/labels/000000367680.txt,coco_person,000000367680,test_pool,test
000000368961.jpg,../datasets/raw/coco_person/val/images/000000368961.jpg,../datasets/raw/coco_person/val/labels/000000368961.txt,coco_person,000000368961,test_pool,test
000000369037.jpg,../datasets/raw/coco_person/val/images/000000369037.jpg,../datasets/raw/coco_person/val/labels/000000369037.txt,coco_person,000000369037,test_pool,test
000000369310.jpg,../datasets/raw/coco_person/val/images/000000369310.jpg,../datasets/raw/coco_person/val/labels/000000369310.txt,coco_person,000000369310,test_pool,test
000000369442.jpg,../datasets/raw/coco_person/val/images/000000369442.jpg,../datasets/raw/coco_person/val/labels/000000369442.txt,coco_person,000000369442,test_pool,test
000000369503.jpg,../datasets/raw/coco_person/val/images/000000369503.jpg,../datasets/raw/coco_person/val/labels/000000369503.txt,coco_person,000000369503,test_pool,test
000000370270.jpg,../datasets/raw/coco_person/val/images/000000370270.jpg,../datasets/raw/coco_person/val/labels/000000370270.txt,coco_person,000000370270,test_pool,test
000000370486.jpg,../datasets/raw/coco_person/val/images/000000370486.jpg,../datasets/raw/coco_person/val/labels/000000370486.txt,coco_person,000000370486,test_pool,test
000000371042.jpg,../datasets/raw/coco_person/val/images/000000371042.jpg,../datasets/raw/coco_person/val/labels/000000371042.txt,coco_person,000000371042,test_pool,test
000000372349.jpg,../datasets/raw/coco_person/val/images/000000372349.jpg,../datasets/raw/coco_person/val/labels/000000372349.txt,coco_person,000000372349,test_pool,test
000000373705.jpg,../datasets/raw/coco_person/val/images/000000373705.jpg,../datasets/raw/coco_person/val/labels/000000373705.txt,coco_person,000000373705,test_pool,test
000000374052.jpg,../datasets/raw/coco_person/val/images/000000374052.jpg,../datasets/raw/coco_person/val/labels/000000374052.txt,coco_person,000000374052,test_pool,test
000000374083.jpg,../datasets/raw/coco_person/val/images/000000374083.jpg,../datasets/raw/coco_person/val/labels/000000374083.txt,coco_person,000000374083,test_pool,test
000000374545.jpg,../datasets/raw/coco_person/val/images/000000374545.jpg,../datasets/raw/coco_person/val/labels/000000374545.txt,coco_person,000000374545,test_pool,test
000000375469.jpg,../datasets/raw/coco_person/val/images/000000375469.jpg,../datasets/raw/coco_person/val/labels/000000375469.txt,coco_person,000000375469,test_pool,test
000000376365.jpg,../datasets/raw/coco_person/val/images/000000376365.jpg,../datasets/raw/coco_person/val/labels/000000376365.txt,coco_person,000000376365,test_pool,test
000000376900.jpg,../datasets/raw/coco_person/val/images/000000376900.jpg,../datasets/raw/coco_person/val/labels/000000376900.txt,coco_person,000000376900,test_pool,test
000000377113.jpg,../datasets/raw/coco_person/val/images/000000377113.jpg,../datasets/raw/coco_person/val/labels/000000377113.txt,coco_person,000000377113,test_pool,test
000000377588.jpg,../datasets/raw/coco_person/val/images/000000377588.jpg,../datasets/raw/coco_person/val/labels/000000377588.txt,coco_person,000000377588,test_pool,test
000000377635.jpg,../datasets/raw/coco_person/val/images/000000377635.jpg,../datasets/raw/coco_person/val/labels/000000377635.txt,coco_person,000000377635,test_pool,test
000000378116.jpg,../datasets/raw/coco_person/val/images/000000378116.jpg,../datasets/raw/coco_person/val/labels/000000378116.txt,coco_person,000000378116,test_pool,test
000000378873.jpg,../datasets/raw/coco_person/val/images/000000378873.jpg,../datasets/raw/coco_person/val/labels/000000378873.txt,coco_person,000000378873,test_pool,test
000000380706.jpg,../datasets/raw/coco_person/val/images/000000380706.jpg,../datasets/raw/coco_person/val/labels/000000380706.txt,coco_person,000000380706,test_pool,test
000000381360.jpg,../datasets/raw/coco_person/val/images/000000381360.jpg,../datasets/raw/coco_person/val/labels/000000381360.txt,coco_person,000000381360,test_pool,test
000000381587.jpg,../datasets/raw/coco_person/val/images/000000381587.jpg,../datasets/raw/coco_person/val/labels/000000381587.txt,coco_person,000000381587,test_pool,test
000000381639.jpg,../datasets/raw/coco_person/val/images/000000381639.jpg,../datasets/raw/coco_person/val/labels/000000381639.txt,coco_person,000000381639,test_pool,test
000000381971.jpg,../datasets/raw/coco_person/val/images/000000381971.jpg,../datasets/raw/coco_person/val/labels/000000381971.txt,coco_person,000000381971,test_pool,test
000000383289.jpg,../datasets/raw/coco_person/val/images/000000383289.jpg,../datasets/raw/coco_person/val/labels/000000383289.txt,coco_person,000000383289,test_pool,test
000000383337.jpg,../datasets/raw/coco_person/val/images/000000383337.jpg,../datasets/raw/coco_person/val/labels/000000383337.txt,coco_person,000000383337,test_pool,test
000000383339.jpg,../datasets/raw/coco_person/val/images/000000383339.jpg,../datasets/raw/coco_person/val/labels/000000383339.txt,coco_person,000000383339,test_pool,test
000000384136.jpg,../datasets/raw/coco_person/val/images/000000384136.jpg,../datasets/raw/coco_person/val/labels/000000384136.txt,coco_person,000000384136,test_pool,test
000000384468.jpg,../datasets/raw/coco_person/val/images/000000384468.jpg,../datasets/raw/coco_person/val/labels/000000384468.txt,coco_person,000000384468,test_pool,test
000000386352.jpg,../datasets/raw/coco_person/val/images/000000386352.jpg,../datasets/raw/coco_person/val/labels/000000386352.txt,coco_person,000000386352,test_pool,test
000000386879.jpg,../datasets/raw/coco_person/val/images/000000386879.jpg,../datasets/raw/coco_person/val/labels/000000386879.txt,coco_person,000000386879,test_pool,test
000000386912.jpg,../datasets/raw/coco_person/val/images/000000386912.jpg,../datasets/raw/coco_person/val/labels/000000386912.txt,coco_person,000000386912,test_pool,test
000000387916.jpg,../datasets/raw/coco_person/val/images/000000387916.jpg,../datasets/raw/coco_person/val/labels/000000387916.txt,coco_person,000000387916,test_pool,test
000000388215.jpg,../datasets/raw/coco_person/val/images/000000388215.jpg,../datasets/raw/coco_person/val/labels/000000388215.txt,coco_person,000000388215,test_pool,test
000000389109.jpg,../datasets/raw/coco_person/val/images/000000389109.jpg,../datasets/raw/coco_person/val/labels/000000389109.txt,coco_person,000000389109,test_pool,test
000000389532.jpg,../datasets/raw/coco_person/val/images/000000389532.jpg,../datasets/raw/coco_person/val/labels/000000389532.txt,coco_person,000000389532,test_pool,test
000000389812.jpg,../datasets/raw/coco_person/val/images/000000389812.jpg,../datasets/raw/coco_person/val/labels/000000389812.txt,coco_person,000000389812,test_pool,test
000000390826.jpg,../datasets/raw/coco_person/val/images/000000390826.jpg,../datasets/raw/coco_person/val/labels/000000390826.txt,coco_person,000000390826,test_pool,test
000000390902.jpg,../datasets/raw/coco_person/val/images/000000390902.jpg,../datasets/raw/coco_person/val/labels/000000390902.txt,coco_person,000000390902,test_pool,test
000000391290.jpg,../datasets/raw/coco_person/val/images/000000391290.jpg,../datasets/raw/coco_person/val/labels/000000391290.txt,coco_person,000000391290,test_pool,test
000000391375.jpg,../datasets/raw/coco_person/val/images/000000391375.jpg,../datasets/raw/coco_person/val/labels/000000391375.txt,coco_person,000000391375,test_pool,test
000000393093.jpg,../datasets/raw/coco_person/val/images/000000393093.jpg,../datasets/raw/coco_person/val/labels/000000393093.txt,coco_person,000000393093,test_pool,test
000000394206.jpg,../datasets/raw/coco_person/val/images/000000394206.jpg,../datasets/raw/coco_person/val/labels/000000394206.txt,coco_person,000000394206,test_pool,test
000000394275.jpg,../datasets/raw/coco_person/val/images/000000394275.jpg,../datasets/raw/coco_person/val/labels/000000394275.txt,coco_person,000000394275,test_pool,test
000000394677.jpg,../datasets/raw/coco_person/val/images/000000394677.jpg,../datasets/raw/coco_person/val/labels/000000394677.txt,coco_person,000000394677,test_pool,test
000000394940.jpg,../datasets/raw/coco_person/val/images/000000394940.jpg,../datasets/raw/coco_person/val/labels/000000394940.txt,coco_person,000000394940,test_pool,test
000000395575.jpg,../datasets/raw/coco_person/val/images/000000395575.jpg,../datasets/raw/coco_person/val/labels/000000395575.txt,coco_person,000000395575,test_pool,test
000000396338.jpg,../datasets/raw/coco_person/val/images/000000396338.jpg,../datasets/raw/coco_person/val/labels/000000396338.txt,coco_person,000000396338,test_pool,test
000000397133.jpg,../datasets/raw/coco_person/val/images/000000397133.jpg,../datasets/raw/coco_person/val/labels/000000397133.txt,coco_person,000000397133,test_pool,test
000000397279.jpg,../datasets/raw/coco_person/val/images/000000397279.jpg,../datasets/raw/coco_person/val/labels/000000397279.txt,coco_person,000000397279,test_pool,test
000000397351.jpg,../datasets/raw/coco_person/val/images/000000397351.jpg,../datasets/raw/coco_person/val/labels/000000397351.txt,coco_person,000000397351,test_pool,test
000000397354.jpg,../datasets/raw/coco_person/val/images/000000397354.jpg,../datasets/raw/coco_person/val/labels/000000397354.txt,coco_person,000000397354,test_pool,test
000000398203.jpg,../datasets/raw/coco_person/val/images/000000398203.jpg,../datasets/raw/coco_person/val/labels/000000398203.txt,coco_person,000000398203,test_pool,test
000000398237.jpg,../datasets/raw/coco_person/val/images/000000398237.jpg,../datasets/raw/coco_person/val/labels/000000398237.txt,coco_person,000000398237,test_pool,test
000000398742.jpg,../datasets/raw/coco_person/val/images/000000398742.jpg,../datasets/raw/coco_person/val/labels/000000398742.txt,coco_person,000000398742,test_pool,test
000000399462.jpg,../datasets/raw/coco_person/val/images/000000399462.jpg,../datasets/raw/coco_person/val/labels/000000399462.txt,coco_person,000000399462,test_pool,test
000000400815.jpg,../datasets/raw/coco_person/val/images/000000400815.jpg,../datasets/raw/coco_person/val/labels/000000400815.txt,coco_person,000000400815,test_pool,test
000000401244.jpg,../datasets/raw/coco_person/val/images/000000401244.jpg,../datasets/raw/coco_person/val/labels/000000401244.txt,coco_person,000000401244,test_pool,test
000000401250.jpg,../datasets/raw/coco_person/val/images/000000401250.jpg,../datasets/raw/coco_person/val/labels/000000401250.txt,coco_person,000000401250,test_pool,test
000000402720.jpg,../datasets/raw/coco_person/val/images/000000402720.jpg,../datasets/raw/coco_person/val/labels/000000402720.txt,coco_person,000000402720,test_pool,test
000000402765.jpg,../datasets/raw/coco_person/val/images/000000402765.jpg,../datasets/raw/coco_person/val/labels/000000402765.txt,coco_person,000000402765,test_pool,test
000000403122.jpg,../datasets/raw/coco_person/val/images/000000403122.jpg,../datasets/raw/coco_person/val/labels/000000403122.txt,coco_person,000000403122,test_pool,test
000000403584.jpg,../datasets/raw/coco_person/val/images/000000403584.jpg,../datasets/raw/coco_person/val/labels/000000403584.txt,coco_person,000000403584,test_pool,test
000000404484.jpg,../datasets/raw/coco_person/val/images/000000404484.jpg,../datasets/raw/coco_person/val/labels/000000404484.txt,coco_person,000000404484,test_pool,test
000000405249.jpg,../datasets/raw/coco_person/val/images/000000405249.jpg,../datasets/raw/coco_person/val/labels/000000405249.txt,coco_person,000000405249,test_pool,test
000000405279.jpg,../datasets/raw/coco_person/val/images/000000405279.jpg,../datasets/raw/coco_person/val/labels/000000405279.txt,coco_person,000000405279,test_pool,test
000000406417.jpg,../datasets/raw/coco_person/val/images/000000406417.jpg,../datasets/raw/coco_person/val/labels/000000406417.txt,coco_person,000000406417,test_pool,test
000000406997.jpg,../datasets/raw/coco_person/val/images/000000406997.jpg,../datasets/raw/coco_person/val/labels/000000406997.txt,coco_person,000000406997,test_pool,test
000000407646.jpg,../datasets/raw/coco_person/val/images/000000407646.jpg,../datasets/raw/coco_person/val/labels/000000407646.txt,coco_person,000000407646,test_pool,test
000000408112.jpg,../datasets/raw/coco_person/val/images/000000408112.jpg,../datasets/raw/coco_person/val/labels/000000408112.txt,coco_person,000000408112,test_pool,test
000000409211.jpg,../datasets/raw/coco_person/val/images/000000409211.jpg,../datasets/raw/coco_person/val/labels/000000409211.txt,coco_person,000000409211,test_pool,test
000000409475.jpg,../datasets/raw/coco_person/val/images/000000409475.jpg,../datasets/raw/coco_person/val/labels/000000409475.txt,coco_person,000000409475,test_pool,test
000000409542.jpg,../datasets/raw/coco_person/val/images/000000409542.jpg,../datasets/raw/coco_person/val/labels/000000409542.txt,coco_person,000000409542,test_pool,test
000000410496.jpg,../datasets/raw/coco_person/val/images/000000410496.jpg,../datasets/raw/coco_person/val/labels/000000410496.txt,coco_person,000000410496,test_pool,test
000000410650.jpg,../datasets/raw/coco_person/val/images/000000410650.jpg,../datasets/raw/coco_person/val/labels/000000410650.txt,coco_person,000000410650,test_pool,test
000000411530.jpg,../datasets/raw/coco_person/val/images/000000411530.jpg,../datasets/raw/coco_person/val/labels/000000411530.txt,coco_person,000000411530,test_pool,test
000000411817.jpg,../datasets/raw/coco_person/val/images/000000411817.jpg,../datasets/raw/coco_person/val/labels/000000411817.txt,coco_person,000000411817,test_pool,test
000000411938.jpg,../datasets/raw/coco_person/val/images/000000411938.jpg,../datasets/raw/coco_person/val/labels/000000411938.txt,coco_person,000000411938,test_pool,test
000000412286.jpg,../datasets/raw/coco_person/val/images/000000412286.jpg,../datasets/raw/coco_person/val/labels/000000412286.txt,coco_person,000000412286,test_pool,test
000000412362.jpg,../datasets/raw/coco_person/val/images/000000412362.jpg,../datasets/raw/coco_person/val/labels/000000412362.txt,coco_person,000000412362,test_pool,test
000000412894.jpg,../datasets/raw/coco_person/val/images/000000412894.jpg,../datasets/raw/coco_person/val/labels/000000412894.txt,coco_person,000000412894,test_pool,test
000000413395.jpg,../datasets/raw/coco_person/val/images/000000413395.jpg,../datasets/raw/coco_person/val/labels/000000413395.txt,coco_person,000000413395,test_pool,test
000000414170.jpg,../datasets/raw/coco_person/val/images/000000414170.jpg,../datasets/raw/coco_person/val/labels/000000414170.txt,coco_person,000000414170,test_pool,test
000000414510.jpg,../datasets/raw/coco_person/val/images/000000414510.jpg,../datasets/raw/coco_person/val/labels/000000414510.txt,coco_person,000000414510,test_pool,test
000000414673.jpg,../datasets/raw/coco_person/val/images/000000414673.jpg,../datasets/raw/coco_person/val/labels/000000414673.txt,coco_person,000000414673,test_pool,test
000000414795.jpg,../datasets/raw/coco_person/val/images/000000414795.jpg,../datasets/raw/coco_person/val/labels/000000414795.txt,coco_person,000000414795,test_pool,test
000000415536.jpg,../datasets/raw/coco_person/val/images/000000415536.jpg,../datasets/raw/coco_person/val/labels/000000415536.txt,coco_person,000000415536,test_pool,test
000000415727.jpg,../datasets/raw/coco_person/val/images/000000415727.jpg,../datasets/raw/coco_person/val/labels/000000415727.txt,coco_person,000000415727,test_pool,test
000000417249.jpg,../datasets/raw/coco_person/val/images/000000417249.jpg,../datasets/raw/coco_person/val/labels/000000417249.txt,coco_person,000000417249,test_pool,test
000000417285.jpg,../datasets/raw/coco_person/val/images/000000417285.jpg,../datasets/raw/coco_person/val/labels/000000417285.txt,coco_person,000000417285,test_pool,test
000000417779.jpg,../datasets/raw/coco_person/val/images/000000417779.jpg,../datasets/raw/coco_person/val/labels/000000417779.txt,coco_person,000000417779,test_pool,test
000000419379.jpg,../datasets/raw/coco_person/val/images/000000419379.jpg,../datasets/raw/coco_person/val/labels/000000419379.txt,coco_person,000000419379,test_pool,test
000000419974.jpg,../datasets/raw/coco_person/val/images/000000419974.jpg,../datasets/raw/coco_person/val/labels/000000419974.txt,coco_person,000000419974,test_pool,test
000000420916.jpg,../datasets/raw/coco_person/val/images/000000420916.jpg,../datasets/raw/coco_person/val/labels/000000420916.txt,coco_person,000000420916,test_pool,test
000000421757.jpg,../datasets/raw/coco_person/val/images/000000421757.jpg,../datasets/raw/coco_person/val/labels/000000421757.txt,coco_person,000000421757,test_pool,test
000000422706.jpg,../datasets/raw/coco_person/val/images/000000422706.jpg,../datasets/raw/coco_person/val/labels/000000422706.txt,coco_person,000000422706,test_pool,test
000000422886.jpg,../datasets/raw/coco_person/val/images/000000422886.jpg,../datasets/raw/coco_person/val/labels/000000422886.txt,coco_person,000000422886,test_pool,test
000000423123.jpg,../datasets/raw/coco_person/val/images/000000423123.jpg,../datasets/raw/coco_person/val/labels/000000423123.txt,coco_person,000000423123,test_pool,test
000000423506.jpg,../datasets/raw/coco_person/val/images/000000423506.jpg,../datasets/raw/coco_person/val/labels/000000423506.txt,coco_person,000000423506,test_pool,test
000000424135.jpg,../datasets/raw/coco_person/val/images/000000424135.jpg,../datasets/raw/coco_person/val/labels/000000424135.txt,coco_person,000000424135,test_pool,test
000000424162.jpg,../datasets/raw/coco_person/val/images/000000424162.jpg,../datasets/raw/coco_person/val/labels/000000424162.txt,coco_person,000000424162,test_pool,test
000000424349.jpg,../datasets/raw/coco_person/val/images/000000424349.jpg,../datasets/raw/coco_person/val/labels/000000424349.txt,coco_person,000000424349,test_pool,test
000000424551.jpg,../datasets/raw/coco_person/val/images/000000424551.jpg,../datasets/raw/coco_person/val/labels/000000424551.txt,coco_person,000000424551,test_pool,test
000000424642.jpg,../datasets/raw/coco_person/val/images/000000424642.jpg,../datasets/raw/coco_person/val/labels/000000424642.txt,coco_person,000000424642,test_pool,test
000000424975.jpg,../datasets/raw/coco_person/val/images/000000424975.jpg,../datasets/raw/coco_person/val/labels/000000424975.txt,coco_person,000000424975,test_pool,test
000000425221.jpg,../datasets/raw/coco_person/val/images/000000425221.jpg,../datasets/raw/coco_person/val/labels/000000425221.txt,coco_person,000000425221,test_pool,test
000000425226.jpg,../datasets/raw/coco_person/val/images/000000425226.jpg,../datasets/raw/coco_person/val/labels/000000425226.txt,coco_person,000000425226,test_pool,test
000000425361.jpg,../datasets/raw/coco_person/val/images/000000425361.jpg,../datasets/raw/coco_person/val/labels/000000425361.txt,coco_person,000000425361,test_pool,test
000000425702.jpg,../datasets/raw/coco_person/val/images/000000425702.jpg,../datasets/raw/coco_person/val/labels/000000425702.txt,coco_person,000000425702,test_pool,test
000000426836.jpg,../datasets/raw/coco_person/val/images/000000426836.jpg,../datasets/raw/coco_person/val/labels/000000426836.txt,coco_person,000000426836,test_pool,test
000000427256.jpg,../datasets/raw/coco_person/val/images/000000427256.jpg,../datasets/raw/coco_person/val/labels/000000427256.txt,coco_person,000000427256,test_pool,test
000000427997.jpg,../datasets/raw/coco_person/val/images/000000427997.jpg,../datasets/raw/coco_person/val/labels/000000427997.txt,coco_person,000000427997,test_pool,test
000000428111.jpg,../datasets/raw/coco_person/val/images/000000428111.jpg,../datasets/raw/coco_person/val/labels/000000428111.txt,coco_person,000000428111,test_pool,test
000000428218.jpg,../datasets/raw/coco_person/val/images/000000428218.jpg,../datasets/raw/coco_person/val/labels/000000428218.txt,coco_person,000000428218,test_pool,test
000000428454.jpg,../datasets/raw/coco_person/val/images/000000428454.jpg,../datasets/raw/coco_person/val/labels/000000428454.txt,coco_person,000000428454,test_pool,test
000000428562.jpg,../datasets/raw/coco_person/val/images/000000428562.jpg,../datasets/raw/coco_person/val/labels/000000428562.txt,coco_person,000000428562,test_pool,test
000000429761.jpg,../datasets/raw/coco_person/val/images/000000429761.jpg,../datasets/raw/coco_person/val/labels/000000429761.txt,coco_person,000000429761,test_pool,test
000000430073.jpg,../datasets/raw/coco_person/val/images/000000430073.jpg,../datasets/raw/coco_person/val/labels/000000430073.txt,coco_person,000000430073,test_pool,test
000000430961.jpg,../datasets/raw/coco_person/val/images/000000430961.jpg,../datasets/raw/coco_person/val/labels/000000430961.txt,coco_person,000000430961,test_pool,test
000000431545.jpg,../datasets/raw/coco_person/val/images/000000431545.jpg,../datasets/raw/coco_person/val/labels/000000431545.txt,coco_person,000000431545,test_pool,test
000000431693.jpg,../datasets/raw/coco_person/val/images/000000431693.jpg,../datasets/raw/coco_person/val/labels/000000431693.txt,coco_person,000000431693,test_pool,test
000000431848.jpg,../datasets/raw/coco_person/val/images/000000431848.jpg,../datasets/raw/coco_person/val/labels/000000431848.txt,coco_person,000000431848,test_pool,test
000000432553.jpg,../datasets/raw/coco_person/val/images/000000432553.jpg,../datasets/raw/coco_person/val/labels/000000432553.txt,coco_person,000000432553,test_pool,test
000000432898.jpg,../datasets/raw/coco_person/val/images/000000432898.jpg,../datasets/raw/coco_person/val/labels/000000432898.txt,coco_person,000000432898,test_pool,test
000000433204.jpg,../datasets/raw/coco_person/val/images/000000433204.jpg,../datasets/raw/coco_person/val/labels/000000433204.txt,coco_person,000000433204,test_pool,test
000000433915.jpg,../datasets/raw/coco_person/val/images/000000433915.jpg,../datasets/raw/coco_person/val/labels/000000433915.txt,coco_person,000000433915,test_pool,test
000000433980.jpg,../datasets/raw/coco_person/val/images/000000433980.jpg,../datasets/raw/coco_person/val/labels/000000433980.txt,coco_person,000000433980,test_pool,test
000000434247.jpg,../datasets/raw/coco_person/val/images/000000434247.jpg,../datasets/raw/coco_person/val/labels/000000434247.txt,coco_person,000000434247,test_pool,test
000000434548.jpg,../datasets/raw/coco_person/val/images/000000434548.jpg,../datasets/raw/coco_person/val/labels/000000434548.txt,coco_person,000000434548,test_pool,test
000000435208.jpg,../datasets/raw/coco_person/val/images/000000435208.jpg,../datasets/raw/coco_person/val/labels/000000435208.txt,coco_person,000000435208,test_pool,test
000000436617.jpg,../datasets/raw/coco_person/val/images/000000436617.jpg,../datasets/raw/coco_person/val/labels/000000436617.txt,coco_person,000000436617,test_pool,test
000000436738.jpg,../datasets/raw/coco_person/val/images/000000436738.jpg,../datasets/raw/coco_person/val/labels/000000436738.txt,coco_person,000000436738,test_pool,test
000000436883.jpg,../datasets/raw/coco_person/val/images/000000436883.jpg,../datasets/raw/coco_person/val/labels/000000436883.txt,coco_person,000000436883,test_pool,test
000000437205.jpg,../datasets/raw/coco_person/val/images/000000437205.jpg,../datasets/raw/coco_person/val/labels/000000437205.txt,coco_person,000000437205,test_pool,test
000000437331.jpg,../datasets/raw/coco_person/val/images/000000437331.jpg,../datasets/raw/coco_person/val/labels/000000437331.txt,coco_person,000000437331,test_pool,test
000000437351.jpg,../datasets/raw/coco_person/val/images/000000437351.jpg,../datasets/raw/coco_person/val/labels/000000437351.txt,coco_person,000000437351,test_pool,test
000000438304.jpg,../datasets/raw/coco_person/val/images/000000438304.jpg,../datasets/raw/coco_person/val/labels/000000438304.txt,coco_person,000000438304,test_pool,test
000000438862.jpg,../datasets/raw/coco_person/val/images/000000438862.jpg,../datasets/raw/coco_person/val/labels/000000438862.txt,coco_person,000000438862,test_pool,test
000000438876.jpg,../datasets/raw/coco_person/val/images/000000438876.jpg,../datasets/raw/coco_person/val/labels/000000438876.txt,coco_person,000000438876,test_pool,test
000000439180.jpg,../datasets/raw/coco_person/val/images/000000439180.jpg,../datasets/raw/coco_person/val/labels/000000439180.txt,coco_person,000000439180,test_pool,test
000000439426.jpg,../datasets/raw/coco_person/val/images/000000439426.jpg,../datasets/raw/coco_person/val/labels/000000439426.txt,coco_person,000000439426,test_pool,test
000000439525.jpg,../datasets/raw/coco_person/val/images/000000439525.jpg,../datasets/raw/coco_person/val/labels/000000439525.txt,coco_person,000000439525,test_pool,test
000000439715.jpg,../datasets/raw/coco_person/val/images/000000439715.jpg,../datasets/raw/coco_person/val/labels/000000439715.txt,coco_person,000000439715,test_pool,test
000000439994.jpg,../datasets/raw/coco_person/val/images/000000439994.jpg,../datasets/raw/coco_person/val/labels/000000439994.txt,coco_person,000000439994,test_pool,test
000000440171.jpg,../datasets/raw/coco_person/val/images/000000440171.jpg,../datasets/raw/coco_person/val/labels/000000440171.txt,coco_person,000000440171,test_pool,test
000000440475.jpg,../datasets/raw/coco_person/val/images/000000440475.jpg,../datasets/raw/coco_person/val/labels/000000440475.txt,coco_person,000000440475,test_pool,test
000000441247.jpg,../datasets/raw/coco_person/val/images/000000441247.jpg,../datasets/raw/coco_person/val/labels/000000441247.txt,coco_person,000000441247,test_pool,test
000000441286.jpg,../datasets/raw/coco_person/val/images/000000441286.jpg,../datasets/raw/coco_person/val/labels/000000441286.txt,coco_person,000000441286,test_pool,test
000000441442.jpg,../datasets/raw/coco_person/val/images/000000441442.jpg,../datasets/raw/coco_person/val/labels/000000441442.txt,coco_person,000000441442,test_pool,test
000000441468.jpg,../datasets/raw/coco_person/val/images/000000441468.jpg,../datasets/raw/coco_person/val/labels/000000441468.txt,coco_person,000000441468,test_pool,test
000000441586.jpg,../datasets/raw/coco_person/val/images/000000441586.jpg,../datasets/raw/coco_person/val/labels/000000441586.txt,coco_person,000000441586,test_pool,test
000000442306.jpg,../datasets/raw/coco_person/val/images/000000442306.jpg,../datasets/raw/coco_person/val/labels/000000442306.txt,coco_person,000000442306,test_pool,test
000000442480.jpg,../datasets/raw/coco_person/val/images/000000442480.jpg,../datasets/raw/coco_person/val/labels/000000442480.txt,coco_person,000000442480,test_pool,test
000000442746.jpg,../datasets/raw/coco_person/val/images/000000442746.jpg,../datasets/raw/coco_person/val/labels/000000442746.txt,coco_person,000000442746,test_pool,test
000000443426.jpg,../datasets/raw/coco_person/val/images/000000443426.jpg,../datasets/raw/coco_person/val/labels/000000443426.txt,coco_person,000000443426,test_pool,test
000000445999.jpg,../datasets/raw/coco_person/val/images/000000445999.jpg,../datasets/raw/coco_person/val/labels/000000445999.txt,coco_person,000000445999,test_pool,test
000000446651.jpg,../datasets/raw/coco_person/val/images/000000446651.jpg,../datasets/raw/coco_person/val/labels/000000446651.txt,coco_person,000000446651,test_pool,test
000000447314.jpg,../datasets/raw/coco_person/val/images/000000447314.jpg,../datasets/raw/coco_person/val/labels/000000447314.txt,coco_person,000000447314,test_pool,test
000000448410.jpg,../datasets/raw/coco_person/val/images/000000448410.jpg,../datasets/raw/coco_person/val/labels/000000448410.txt,coco_person,000000448410,test_pool,test
000000448810.jpg,../datasets/raw/coco_person/val/images/000000448810.jpg,../datasets/raw/coco_person/val/labels/000000448810.txt,coco_person,000000448810,test_pool,test
000000449312.jpg,../datasets/raw/coco_person/val/images/000000449312.jpg,../datasets/raw/coco_person/val/labels/000000449312.txt,coco_person,000000449312,test_pool,test
000000449661.jpg,../datasets/raw/coco_person/val/images/000000449661.jpg,../datasets/raw/coco_person/val/labels/000000449661.txt,coco_person,000000449661,test_pool,test
000000449909.jpg,../datasets/raw/coco_person/val/images/000000449909.jpg,../datasets/raw/coco_person/val/labels/000000449909.txt,coco_person,000000449909,test_pool,test
000000450399.jpg,../datasets/raw/coco_person/val/images/000000450399.jpg,../datasets/raw/coco_person/val/labels/000000450399.txt,coco_person,000000450399,test_pool,test
000000450686.jpg,../datasets/raw/coco_person/val/images/000000450686.jpg,../datasets/raw/coco_person/val/labels/000000450686.txt,coco_person,000000450686,test_pool,test
000000451043.jpg,../datasets/raw/coco_person/val/images/000000451043.jpg,../datasets/raw/coco_person/val/labels/000000451043.txt,coco_person,000000451043,test_pool,test
000000451084.jpg,../datasets/raw/coco_person/val/images/000000451084.jpg,../datasets/raw/coco_person/val/labels/000000451084.txt,coco_person,000000451084,test_pool,test
000000451155.jpg,../datasets/raw/coco_person/val/images/000000451155.jpg,../datasets/raw/coco_person/val/labels/000000451155.txt,coco_person,000000451155,test_pool,test
000000451879.jpg,../datasets/raw/coco_person/val/images/000000451879.jpg,../datasets/raw/coco_person/val/labels/000000451879.txt,coco_person,000000451879,test_pool,test
000000453001.jpg,../datasets/raw/coco_person/val/images/000000453001.jpg,../datasets/raw/coco_person/val/labels/000000453001.txt,coco_person,000000453001,test_pool,test
000000453166.jpg,../datasets/raw/coco_person/val/images/000000453166.jpg,../datasets/raw/coco_person/val/labels/000000453166.txt,coco_person,000000453166,test_pool,test
000000454067.jpg,../datasets/raw/coco_person/val/images/000000454067.jpg,../datasets/raw/coco_person/val/labels/000000454067.txt,coco_person,000000454067,test_pool,test
000000454404.jpg,../datasets/raw/coco_person/val/images/000000454404.jpg,../datasets/raw/coco_person/val/labels/000000454404.txt,coco_person,000000454404,test_pool,test
000000454798.jpg,../datasets/raw/coco_person/val/images/000000454798.jpg,../datasets/raw/coco_person/val/labels/000000454798.txt,coco_person,000000454798,test_pool,test
000000455157.jpg,../datasets/raw/coco_person/val/images/000000455157.jpg,../datasets/raw/coco_person/val/labels/000000455157.txt,coco_person,000000455157,test_pool,test
000000455301.jpg,../datasets/raw/coco_person/val/images/000000455301.jpg,../datasets/raw/coco_person/val/labels/000000455301.txt,coco_person,000000455301,test_pool,test
000000455555.jpg,../datasets/raw/coco_person/val/images/000000455555.jpg,../datasets/raw/coco_person/val/labels/000000455555.txt,coco_person,000000455555,test_pool,test
000000455624.jpg,../datasets/raw/coco_person/val/images/000000455624.jpg,../datasets/raw/coco_person/val/labels/000000455624.txt,coco_person,000000455624,test_pool,test
000000455937.jpg,../datasets/raw/coco_person/val/images/000000455937.jpg,../datasets/raw/coco_person/val/labels/000000455937.txt,coco_person,000000455937,test_pool,test
000000456559.jpg,../datasets/raw/coco_person/val/images/000000456559.jpg,../datasets/raw/coco_person/val/labels/000000456559.txt,coco_person,000000456559,test_pool,test
000000456662.jpg,../datasets/raw/coco_person/val/images/000000456662.jpg,../datasets/raw/coco_person/val/labels/000000456662.txt,coco_person,000000456662,test_pool,test
000000457559.jpg,../datasets/raw/coco_person/val/images/000000457559.jpg,../datasets/raw/coco_person/val/labels/000000457559.txt,coco_person,000000457559,test_pool,test
000000458045.jpg,../datasets/raw/coco_person/val/images/000000458045.jpg,../datasets/raw/coco_person/val/labels/000000458045.txt,coco_person,000000458045,test_pool,test
000000458223.jpg,../datasets/raw/coco_person/val/images/000000458223.jpg,../datasets/raw/coco_person/val/labels/000000458223.txt,coco_person,000000458223,test_pool,test
000000458255.jpg,../datasets/raw/coco_person/val/images/000000458255.jpg,../datasets/raw/coco_person/val/labels/000000458255.txt,coco_person,000000458255,test_pool,test
000000458992.jpg,../datasets/raw/coco_person/val/images/000000458992.jpg,../datasets/raw/coco_person/val/labels/000000458992.txt,coco_person,000000458992,test_pool,test
000000459437.jpg,../datasets/raw/coco_person/val/images/000000459437.jpg,../datasets/raw/coco_person/val/labels/000000459437.txt,coco_person,000000459437,test_pool,test
000000459662.jpg,../datasets/raw/coco_person/val/images/000000459662.jpg,../datasets/raw/coco_person/val/labels/000000459662.txt,coco_person,000000459662,test_pool,test
000000460147.jpg,../datasets/raw/coco_person/val/images/000000460147.jpg,../datasets/raw/coco_person/val/labels/000000460147.txt,coco_person,000000460147,test_pool,test
000000460333.jpg,../datasets/raw/coco_person/val/images/000000460333.jpg,../datasets/raw/coco_person/val/labels/000000460333.txt,coco_person,000000460333,test_pool,test
000000460841.jpg,../datasets/raw/coco_person/val/images/000000460841.jpg,../datasets/raw/coco_person/val/labels/000000460841.txt,coco_person,000000460841,test_pool,test
000000462643.jpg,../datasets/raw/coco_person/val/images/000000462643.jpg,../datasets/raw/coco_person/val/labels/000000462643.txt,coco_person,000000462643,test_pool,test
000000462728.jpg,../datasets/raw/coco_person/val/images/000000462728.jpg,../datasets/raw/coco_person/val/labels/000000462728.txt,coco_person,000000462728,test_pool,test
000000463174.jpg,../datasets/raw/coco_person/val/images/000000463174.jpg,../datasets/raw/coco_person/val/labels/000000463174.txt,coco_person,000000463174,test_pool,test
000000463542.jpg,../datasets/raw/coco_person/val/images/000000463542.jpg,../datasets/raw/coco_person/val/labels/000000463542.txt,coco_person,000000463542,test_pool,test
000000463618.jpg,../datasets/raw/coco_person/val/images/000000463618.jpg,../datasets/raw/coco_person/val/labels/000000463618.txt,coco_person,000000463618,test_pool,test
000000463849.jpg,../datasets/raw/coco_person/val/images/000000463849.jpg,../datasets/raw/coco_person/val/labels/000000463849.txt,coco_person,000000463849,test_pool,test
000000464144.jpg,../datasets/raw/coco_person/val/images/000000464144.jpg,../datasets/raw/coco_person/val/labels/000000464144.txt,coco_person,000000464144,test_pool,test
000000464476.jpg,../datasets/raw/coco_person/val/images/000000464476.jpg,../datasets/raw/coco_person/val/labels/000000464476.txt,coco_person,000000464476,test_pool,test
000000465180.jpg,../datasets/raw/coco_person/val/images/000000465180.jpg,../datasets/raw/coco_person/val/labels/000000465180.txt,coco_person,000000465180,test_pool,test
000000466125.jpg,../datasets/raw/coco_person/val/images/000000466125.jpg,../datasets/raw/coco_person/val/labels/000000466125.txt,coco_person,000000466125,test_pool,test
000000466986.jpg,../datasets/raw/coco_person/val/images/000000466986.jpg,../datasets/raw/coco_person/val/labels/000000466986.txt,coco_person,000000466986,test_pool,test
000000467848.jpg,../datasets/raw/coco_person/val/images/000000467848.jpg,../datasets/raw/coco_person/val/labels/000000467848.txt,coco_person,000000467848,test_pool,test
000000468505.jpg,../datasets/raw/coco_person/val/images/000000468505.jpg,../datasets/raw/coco_person/val/labels/000000468505.txt,coco_person,000000468505,test_pool,test
000000468954.jpg,../datasets/raw/coco_person/val/images/000000468954.jpg,../datasets/raw/coco_person/val/labels/000000468954.txt,coco_person,000000468954,test_pool,test
000000471567.jpg,../datasets/raw/coco_person/val/images/000000471567.jpg,../datasets/raw/coco_person/val/labels/000000471567.txt,coco_person,000000471567,test_pool,test
000000472298.jpg,../datasets/raw/coco_person/val/images/000000472298.jpg,../datasets/raw/coco_person/val/labels/000000472298.txt,coco_person,000000472298,test_pool,test
000000472623.jpg,../datasets/raw/coco_person/val/images/000000472623.jpg,../datasets/raw/coco_person/val/labels/000000472623.txt,coco_person,000000472623,test_pool,test
000000473237.jpg,../datasets/raw/coco_person/val/images/000000473237.jpg,../datasets/raw/coco_person/val/labels/000000473237.txt,coco_person,000000473237,test_pool,test
000000474021.jpg,../datasets/raw/coco_person/val/images/000000474021.jpg,../datasets/raw/coco_person/val/labels/000000474021.txt,coco_person,000000474021,test_pool,test
000000474039.jpg,../datasets/raw/coco_person/val/images/000000474039.jpg,../datasets/raw/coco_person/val/labels/000000474039.txt,coco_person,000000474039,test_pool,test
000000475387.jpg,../datasets/raw/coco_person/val/images/000000475387.jpg,../datasets/raw/coco_person/val/labels/000000475387.txt,coco_person,000000475387,test_pool,test
000000475484.jpg,../datasets/raw/coco_person/val/images/000000475484.jpg,../datasets/raw/coco_person/val/labels/000000475484.txt,coco_person,000000475484,test_pool,test
000000475572.jpg,../datasets/raw/coco_person/val/images/000000475572.jpg,../datasets/raw/coco_person/val/labels/000000475572.txt,coco_person,000000475572,test_pool,test
000000476119.jpg,../datasets/raw/coco_person/val/images/000000476119.jpg,../datasets/raw/coco_person/val/labels/000000476119.txt,coco_person,000000476119,test_pool,test
000000476258.jpg,../datasets/raw/coco_person/val/images/000000476258.jpg,../datasets/raw/coco_person/val/labels/000000476258.txt,coco_person,000000476258,test_pool,test
000000476415.jpg,../datasets/raw/coco_person/val/images/000000476415.jpg,../datasets/raw/coco_person/val/labels/000000476415.txt,coco_person,000000476415,test_pool,test
000000476514.jpg,../datasets/raw/coco_person/val/images/000000476514.jpg,../datasets/raw/coco_person/val/labels/000000476514.txt,coco_person,000000476514,test_pool,test
000000476770.jpg,../datasets/raw/coco_person/val/images/000000476770.jpg,../datasets/raw/coco_person/val/labels/000000476770.txt,coco_person,000000476770,test_pool,test
000000477441.jpg,../datasets/raw/coco_person/val/images/000000477441.jpg,../datasets/raw/coco_person/val/labels/000000477441.txt,coco_person,000000477441,test_pool,test
000000478420.jpg,../datasets/raw/coco_person/val/images/000000478420.jpg,../datasets/raw/coco_person/val/labels/000000478420.txt,coco_person,000000478420,test_pool,test
000000479248.jpg,../datasets/raw/coco_person/val/images/000000479248.jpg,../datasets/raw/coco_person/val/labels/000000479248.txt,coco_person,000000479248,test_pool,test
000000479912.jpg,../datasets/raw/coco_person/val/images/000000479912.jpg,../datasets/raw/coco_person/val/labels/000000479912.txt,coco_person,000000479912,test_pool,test
000000480021.jpg,../datasets/raw/coco_person/val/images/000000480021.jpg,../datasets/raw/coco_person/val/labels/000000480021.txt,coco_person,000000480021,test_pool,test
000000481386.jpg,../datasets/raw/coco_person/val/images/000000481386.jpg,../datasets/raw/coco_person/val/labels/000000481386.txt,coco_person,000000481386,test_pool,test
000000481480.jpg,../datasets/raw/coco_person/val/images/000000481480.jpg,../datasets/raw/coco_person/val/labels/000000481480.txt,coco_person,000000481480,test_pool,test
000000481573.jpg,../datasets/raw/coco_person/val/images/000000481573.jpg,../datasets/raw/coco_person/val/labels/000000481573.txt,coco_person,000000481573,test_pool,test
000000481582.jpg,../datasets/raw/coco_person/val/images/000000481582.jpg,../datasets/raw/coco_person/val/labels/000000481582.txt,coco_person,000000481582,test_pool,test
000000482319.jpg,../datasets/raw/coco_person/val/images/000000482319.jpg,../datasets/raw/coco_person/val/labels/000000482319.txt,coco_person,000000482319,test_pool,test
000000482436.jpg,../datasets/raw/coco_person/val/images/000000482436.jpg,../datasets/raw/coco_person/val/labels/000000482436.txt,coco_person,000000482436,test_pool,test
000000482917.jpg,../datasets/raw/coco_person/val/images/000000482917.jpg,../datasets/raw/coco_person/val/labels/000000482917.txt,coco_person,000000482917,test_pool,test
000000483667.jpg,../datasets/raw/coco_person/val/images/000000483667.jpg,../datasets/raw/coco_person/val/labels/000000483667.txt,coco_person,000000483667,test_pool,test
000000483999.jpg,../datasets/raw/coco_person/val/images/000000483999.jpg,../datasets/raw/coco_person/val/labels/000000483999.txt,coco_person,000000483999,test_pool,test
000000484351.jpg,../datasets/raw/coco_person/val/images/000000484351.jpg,../datasets/raw/coco_person/val/labels/000000484351.txt,coco_person,000000484351,test_pool,test
000000484978.jpg,../datasets/raw/coco_person/val/images/000000484978.jpg,../datasets/raw/coco_person/val/labels/000000484978.txt,coco_person,000000484978,test_pool,test
000000485071.jpg,../datasets/raw/coco_person/val/images/000000485071.jpg,../datasets/raw/coco_person/val/labels/000000485071.txt,coco_person,000000485071,test_pool,test
000000485844.jpg,../datasets/raw/coco_person/val/images/000000485844.jpg,../datasets/raw/coco_person/val/labels/000000485844.txt,coco_person,000000485844,test_pool,test
000000488673.jpg,../datasets/raw/coco_person/val/images/000000488673.jpg,../datasets/raw/coco_person/val/labels/000000488673.txt,coco_person,000000488673,test_pool,test
000000489611.jpg,../datasets/raw/coco_person/val/images/000000489611.jpg,../datasets/raw/coco_person/val/labels/000000489611.txt,coco_person,000000489611,test_pool,test
000000489924.jpg,../datasets/raw/coco_person/val/images/000000489924.jpg,../datasets/raw/coco_person/val/labels/000000489924.txt,coco_person,000000489924,test_pool,test
000000490171.jpg,../datasets/raw/coco_person/val/images/000000490171.jpg,../datasets/raw/coco_person/val/labels/000000490171.txt,coco_person,000000490171,test_pool,test
000000490515.jpg,../datasets/raw/coco_person/val/images/000000490515.jpg,../datasets/raw/coco_person/val/labels/000000490515.txt,coco_person,000000490515,test_pool,test
000000491213.jpg,../datasets/raw/coco_person/val/images/000000491213.jpg,../datasets/raw/coco_person/val/labels/000000491213.txt,coco_person,000000491213,test_pool,test
000000492077.jpg,../datasets/raw/coco_person/val/images/000000492077.jpg,../datasets/raw/coco_person/val/labels/000000492077.txt,coco_person,000000492077,test_pool,test
000000492282.jpg,../datasets/raw/coco_person/val/images/000000492282.jpg,../datasets/raw/coco_person/val/labels/000000492282.txt,coco_person,000000492282,test_pool,test
000000492284.jpg,../datasets/raw/coco_person/val/images/000000492284.jpg,../datasets/raw/coco_person/val/labels/000000492284.txt,coco_person,000000492284,test_pool,test
000000493905.jpg,../datasets/raw/coco_person/val/images/000000493905.jpg,../datasets/raw/coco_person/val/labels/000000493905.txt,coco_person,000000493905,test_pool,test
000000494869.jpg,../datasets/raw/coco_person/val/images/000000494869.jpg,../datasets/raw/coco_person/val/labels/000000494869.txt,coco_person,000000494869,test_pool,test
000000494913.jpg,../datasets/raw/coco_person/val/images/000000494913.jpg,../datasets/raw/coco_person/val/labels/000000494913.txt,coco_person,000000494913,test_pool,test
000000495146.jpg,../datasets/raw/coco_person/val/images/000000495146.jpg,../datasets/raw/coco_person/val/labels/000000495146.txt,coco_person,000000495146,test_pool,test
000000496597.jpg,../datasets/raw/coco_person/val/images/000000496597.jpg,../datasets/raw/coco_person/val/labels/000000496597.txt,coco_person,000000496597,test_pool,test
000000496854.jpg,../datasets/raw/coco_person/val/images/000000496854.jpg,../datasets/raw/coco_person/val/labels/000000496854.txt,coco_person,000000496854,test_pool,test
000000497599.jpg,../datasets/raw/coco_person/val/images/000000497599.jpg,../datasets/raw/coco_person/val/labels/000000497599.txt,coco_person,000000497599,test_pool,test
000000498747.jpg,../datasets/raw/coco_person/val/images/000000498747.jpg,../datasets/raw/coco_person/val/labels/000000498747.txt,coco_person,000000498747,test_pool,test
000000498807.jpg,../datasets/raw/coco_person/val/images/000000498807.jpg,../datasets/raw/coco_person/val/labels/000000498807.txt,coco_person,000000498807,test_pool,test
000000499181.jpg,../datasets/raw/coco_person/val/images/000000499181.jpg,../datasets/raw/coco_person/val/labels/000000499181.txt,coco_person,000000499181,test_pool,test
000000499266.jpg,../datasets/raw/coco_person/val/images/000000499266.jpg,../datasets/raw/coco_person/val/labels/000000499266.txt,coco_person,000000499266,test_pool,test
000000500257.jpg,../datasets/raw/coco_person/val/images/000000500257.jpg,../datasets/raw/coco_person/val/labels/000000500257.txt,coco_person,000000500257,test_pool,test
000000500270.jpg,../datasets/raw/coco_person/val/images/000000500270.jpg,../datasets/raw/coco_person/val/labels/000000500270.txt,coco_person,000000500270,test_pool,test
000000500477.jpg,../datasets/raw/coco_person/val/images/000000500477.jpg,../datasets/raw/coco_person/val/labels/000000500477.txt,coco_person,000000500477,test_pool,test
000000500565.jpg,../datasets/raw/coco_person/val/images/000000500565.jpg,../datasets/raw/coco_person/val/labels/000000500565.txt,coco_person,000000500565,test_pool,test
000000500716.jpg,../datasets/raw/coco_person/val/images/000000500716.jpg,../datasets/raw/coco_person/val/labels/000000500716.txt,coco_person,000000500716,test_pool,test
000000502168.jpg,../datasets/raw/coco_person/val/images/000000502168.jpg,../datasets/raw/coco_person/val/labels/000000502168.txt,coco_person,000000502168,test_pool,test
000000504589.jpg,../datasets/raw/coco_person/val/images/000000504589.jpg,../datasets/raw/coco_person/val/labels/000000504589.txt,coco_person,000000504589,test_pool,test
000000505451.jpg,../datasets/raw/coco_person/val/images/000000505451.jpg,../datasets/raw/coco_person/val/labels/000000505451.txt,coco_person,000000505451,test_pool,test
000000505638.jpg,../datasets/raw/coco_person/val/images/000000505638.jpg,../datasets/raw/coco_person/val/labels/000000505638.txt,coco_person,000000505638,test_pool,test
000000505789.jpg,../datasets/raw/coco_person/val/images/000000505789.jpg,../datasets/raw/coco_person/val/labels/000000505789.txt,coco_person,000000505789,test_pool,test
000000506707.jpg,../datasets/raw/coco_person/val/images/000000506707.jpg,../datasets/raw/coco_person/val/labels/000000506707.txt,coco_person,000000506707,test_pool,test
000000508101.jpg,../datasets/raw/coco_person/val/images/000000508101.jpg,../datasets/raw/coco_person/val/labels/000000508101.txt,coco_person,000000508101,test_pool,test
000000509014.jpg,../datasets/raw/coco_person/val/images/000000509014.jpg,../datasets/raw/coco_person/val/labels/000000509014.txt,coco_person,000000509014,test_pool,test
000000511647.jpg,../datasets/raw/coco_person/val/images/000000511647.jpg,../datasets/raw/coco_person/val/labels/000000511647.txt,coco_person,000000511647,test_pool,test
000000511760.jpg,../datasets/raw/coco_person/val/images/000000511760.jpg,../datasets/raw/coco_person/val/labels/000000511760.txt,coco_person,000000511760,test_pool,test
000000512836.jpg,../datasets/raw/coco_person/val/images/000000512836.jpg,../datasets/raw/coco_person/val/labels/000000512836.txt,coco_person,000000512836,test_pool,test
000000512985.jpg,../datasets/raw/coco_person/val/images/000000512985.jpg,../datasets/raw/coco_person/val/labels/000000512985.txt,coco_person,000000512985,test_pool,test
000000513567.jpg,../datasets/raw/coco_person/val/images/000000513567.jpg,../datasets/raw/coco_person/val/labels/000000513567.txt,coco_person,000000513567,test_pool,test
000000514586.jpg,../datasets/raw/coco_person/val/images/000000514586.jpg,../datasets/raw/coco_person/val/labels/000000514586.txt,coco_person,000000514586,test_pool,test
000000515077.jpg,../datasets/raw/coco_person/val/images/000000515077.jpg,../datasets/raw/coco_person/val/labels/000000515077.txt,coco_person,000000515077,test_pool,test
000000515350.jpg,../datasets/raw/coco_person/val/images/000000515350.jpg,../datasets/raw/coco_person/val/labels/000000515350.txt,coco_person,000000515350,test_pool,test
000000515828.jpg,../datasets/raw/coco_person/val/images/000000515828.jpg,../datasets/raw/coco_person/val/labels/000000515828.txt,coco_person,000000515828,test_pool,test
000000516143.jpg,../datasets/raw/coco_person/val/images/000000516143.jpg,../datasets/raw/coco_person/val/labels/000000516143.txt,coco_person,000000516143,test_pool,test
000000516173.jpg,../datasets/raw/coco_person/val/images/000000516173.jpg,../datasets/raw/coco_person/val/labels/000000516173.txt,coco_person,000000516173,test_pool,test
000000516601.jpg,../datasets/raw/coco_person/val/images/000000516601.jpg,../datasets/raw/coco_person/val/labels/000000516601.txt,coco_person,000000516601,test_pool,test
000000518326.jpg,../datasets/raw/coco_person/val/images/000000518326.jpg,../datasets/raw/coco_person/val/labels/000000518326.txt,coco_person,000000518326,test_pool,test
000000519688.jpg,../datasets/raw/coco_person/val/images/000000519688.jpg,../datasets/raw/coco_person/val/labels/000000519688.txt,coco_person,000000519688,test_pool,test
000000520324.jpg,../datasets/raw/coco_person/val/images/000000520324.jpg,../datasets/raw/coco_person/val/labels/000000520324.txt,coco_person,000000520324,test_pool,test
000000520707.jpg,../datasets/raw/coco_person/val/images/000000520707.jpg,../datasets/raw/coco_person/val/labels/000000520707.txt,coco_person,000000520707,test_pool,test
000000520832.jpg,../datasets/raw/coco_person/val/images/000000520832.jpg,../datasets/raw/coco_person/val/labels/000000520832.txt,coco_person,000000520832,test_pool,test
000000521956.jpg,../datasets/raw/coco_person/val/images/000000521956.jpg,../datasets/raw/coco_person/val/labels/000000521956.txt,coco_person,000000521956,test_pool,test
000000522393.jpg,../datasets/raw/coco_person/val/images/000000522393.jpg,../datasets/raw/coco_person/val/labels/000000522393.txt,coco_person,000000522393,test_pool,test
000000522713.jpg,../datasets/raw/coco_person/val/images/000000522713.jpg,../datasets/raw/coco_person/val/labels/000000522713.txt,coco_person,000000522713,test_pool,test
000000522889.jpg,../datasets/raw/coco_person/val/images/000000522889.jpg,../datasets/raw/coco_person/val/labels/000000522889.txt,coco_person,000000522889,test_pool,test
000000524850.jpg,../datasets/raw/coco_person/val/images/000000524850.jpg,../datasets/raw/coco_person/val/labels/000000524850.txt,coco_person,000000524850,test_pool,test
000000527029.jpg,../datasets/raw/coco_person/val/images/000000527029.jpg,../datasets/raw/coco_person/val/labels/000000527029.txt,coco_person,000000527029,test_pool,test
000000529148.jpg,../datasets/raw/coco_person/val/images/000000529148.jpg,../datasets/raw/coco_person/val/labels/000000529148.txt,coco_person,000000529148,test_pool,test
000000529762.jpg,../datasets/raw/coco_person/val/images/000000529762.jpg,../datasets/raw/coco_person/val/labels/000000529762.txt,coco_person,000000529762,test_pool,test
000000529939.jpg,../datasets/raw/coco_person/val/images/000000529939.jpg,../datasets/raw/coco_person/val/labels/000000529939.txt,coco_person,000000529939,test_pool,test
000000530975.jpg,../datasets/raw/coco_person/val/images/000000530975.jpg,../datasets/raw/coco_person/val/labels/000000530975.txt,coco_person,000000530975,test_pool,test
000000532481.jpg,../datasets/raw/coco_person/val/images/000000532481.jpg,../datasets/raw/coco_person/val/labels/000000532481.txt,coco_person,000000532481,test_pool,test
000000532493.jpg,../datasets/raw/coco_person/val/images/000000532493.jpg,../datasets/raw/coco_person/val/labels/000000532493.txt,coco_person,000000532493,test_pool,test
000000532530.jpg,../datasets/raw/coco_person/val/images/000000532530.jpg,../datasets/raw/coco_person/val/labels/000000532530.txt,coco_person,000000532530,test_pool,test
000000532855.jpg,../datasets/raw/coco_person/val/images/000000532855.jpg,../datasets/raw/coco_person/val/labels/000000532855.txt,coco_person,000000532855,test_pool,test
000000533493.jpg,../datasets/raw/coco_person/val/images/000000533493.jpg,../datasets/raw/coco_person/val/labels/000000533493.txt,coco_person,000000533493,test_pool,test
000000534041.jpg,../datasets/raw/coco_person/val/images/000000534041.jpg,../datasets/raw/coco_person/val/labels/000000534041.txt,coco_person,000000534041,test_pool,test
000000534673.jpg,../datasets/raw/coco_person/val/images/000000534673.jpg,../datasets/raw/coco_person/val/labels/000000534673.txt,coco_person,000000534673,test_pool,test
000000535608.jpg,../datasets/raw/coco_person/val/images/000000535608.jpg,../datasets/raw/coco_person/val/labels/000000535608.txt,coco_person,000000535608,test_pool,test
000000537153.jpg,../datasets/raw/coco_person/val/images/000000537153.jpg,../datasets/raw/coco_person/val/labels/000000537153.txt,coco_person,000000537153,test_pool,test
000000538067.jpg,../datasets/raw/coco_person/val/images/000000538067.jpg,../datasets/raw/coco_person/val/labels/000000538067.txt,coco_person,000000538067,test_pool,test
000000538364.jpg,../datasets/raw/coco_person/val/images/000000538364.jpg,../datasets/raw/coco_person/val/labels/000000538364.txt,coco_person,000000538364,test_pool,test
000000539883.jpg,../datasets/raw/coco_person/val/images/000000539883.jpg,../datasets/raw/coco_person/val/labels/000000539883.txt,coco_person,000000539883,test_pool,test
000000540414.jpg,../datasets/raw/coco_person/val/images/000000540414.jpg,../datasets/raw/coco_person/val/labels/000000540414.txt,coco_person,000000540414,test_pool,test
000000541123.jpg,../datasets/raw/coco_person/val/images/000000541123.jpg,../datasets/raw/coco_person/val/labels/000000541123.txt,coco_person,000000541123,test_pool,test
000000541773.jpg,../datasets/raw/coco_person/val/images/000000541773.jpg,../datasets/raw/coco_person/val/labels/000000541773.txt,coco_person,000000541773,test_pool,test
000000542127.jpg,../datasets/raw/coco_person/val/images/000000542127.jpg,../datasets/raw/coco_person/val/labels/000000542127.txt,coco_person,000000542127,test_pool,test
000000542423.jpg,../datasets/raw/coco_person/val/images/000000542423.jpg,../datasets/raw/coco_person/val/labels/000000542423.txt,coco_person,000000542423,test_pool,test
000000542856.jpg,../datasets/raw/coco_person/val/images/000000542856.jpg,../datasets/raw/coco_person/val/labels/000000542856.txt,coco_person,000000542856,test_pool,test
000000544519.jpg,../datasets/raw/coco_person/val/images/000000544519.jpg,../datasets/raw/coco_person/val/labels/000000544519.txt,coco_person,000000544519,test_pool,test
000000546964.jpg,../datasets/raw/coco_person/val/images/000000546964.jpg,../datasets/raw/coco_person/val/labels/000000546964.txt,coco_person,000000546964,test_pool,test
000000547336.jpg,../datasets/raw/coco_person/val/images/000000547336.jpg,../datasets/raw/coco_person/val/labels/000000547336.txt,coco_person,000000547336,test_pool,test
000000547854.jpg,../datasets/raw/coco_person/val/images/000000547854.jpg,../datasets/raw/coco_person/val/labels/000000547854.txt,coco_person,000000547854,test_pool,test
000000548339.jpg,../datasets/raw/coco_person/val/images/000000548339.jpg,../datasets/raw/coco_person/val/labels/000000548339.txt,coco_person,000000548339,test_pool,test
000000548555.jpg,../datasets/raw/coco_person/val/images/000000548555.jpg,../datasets/raw/coco_person/val/labels/000000548555.txt,coco_person,000000548555,test_pool,test
000000549930.jpg,../datasets/raw/coco_person/val/images/000000549930.jpg,../datasets/raw/coco_person/val/labels/000000549930.txt,coco_person,000000549930,test_pool,test
000000550349.jpg,../datasets/raw/coco_person/val/images/000000550349.jpg,../datasets/raw/coco_person/val/labels/000000550349.txt,coco_person,000000550349,test_pool,test
000000550691.jpg,../datasets/raw/coco_person/val/images/000000550691.jpg,../datasets/raw/coco_person/val/labels/000000550691.txt,coco_person,000000550691,test_pool,test
000000550714.jpg,../datasets/raw/coco_person/val/images/000000550714.jpg,../datasets/raw/coco_person/val/labels/000000550714.txt,coco_person,000000550714,test_pool,test
000000551804.jpg,../datasets/raw/coco_person/val/images/000000551804.jpg,../datasets/raw/coco_person/val/labels/000000551804.txt,coco_person,000000551804,test_pool,test
000000551820.jpg,../datasets/raw/coco_person/val/images/000000551820.jpg,../datasets/raw/coco_person/val/labels/000000551820.txt,coco_person,000000551820,test_pool,test
000000553511.jpg,../datasets/raw/coco_person/val/images/000000553511.jpg,../datasets/raw/coco_person/val/labels/000000553511.txt,coco_person,000000553511,test_pool,test
000000553731.jpg,../datasets/raw/coco_person/val/images/000000553731.jpg,../datasets/raw/coco_person/val/labels/000000553731.txt,coco_person,000000553731,test_pool,test
000000553776.jpg,../datasets/raw/coco_person/val/images/000000553776.jpg,../datasets/raw/coco_person/val/labels/000000553776.txt,coco_person,000000553776,test_pool,test
000000554002.jpg,../datasets/raw/coco_person/val/images/000000554002.jpg,../datasets/raw/coco_person/val/labels/000000554002.txt,coco_person,000000554002,test_pool,test
000000554156.jpg,../datasets/raw/coco_person/val/images/000000554156.jpg,../datasets/raw/coco_person/val/labels/000000554156.txt,coco_person,000000554156,test_pool,test
000000554266.jpg,../datasets/raw/coco_person/val/images/000000554266.jpg,../datasets/raw/coco_person/val/labels/000000554266.txt,coco_person,000000554266,test_pool,test
000000554328.jpg,../datasets/raw/coco_person/val/images/000000554328.jpg,../datasets/raw/coco_person/val/labels/000000554328.txt,coco_person,000000554328,test_pool,test
000000554595.jpg,../datasets/raw/coco_person/val/images/000000554595.jpg,../datasets/raw/coco_person/val/labels/000000554595.txt,coco_person,000000554595,test_pool,test
000000556000.jpg,../datasets/raw/coco_person/val/images/000000556000.jpg,../datasets/raw/coco_person/val/labels/000000556000.txt,coco_person,000000556000,test_pool,test
000000556193.jpg,../datasets/raw/coco_person/val/images/000000556193.jpg,../datasets/raw/coco_person/val/labels/000000556193.txt,coco_person,000000556193,test_pool,test
000000557672.jpg,../datasets/raw/coco_person/val/images/000000557672.jpg,../datasets/raw/coco_person/val/labels/000000557672.txt,coco_person,000000557672,test_pool,test
000000558421.jpg,../datasets/raw/coco_person/val/images/000000558421.jpg,../datasets/raw/coco_person/val/labels/000000558421.txt,coco_person,000000558421,test_pool,test
000000558854.jpg,../datasets/raw/coco_person/val/images/000000558854.jpg,../datasets/raw/coco_person/val/labels/000000558854.txt,coco_person,000000558854,test_pool,test
000000559348.jpg,../datasets/raw/coco_person/val/images/000000559348.jpg,../datasets/raw/coco_person/val/labels/000000559348.txt,coco_person,000000559348,test_pool,test
000000559543.jpg,../datasets/raw/coco_person/val/images/000000559543.jpg,../datasets/raw/coco_person/val/labels/000000559543.txt,coco_person,000000559543,test_pool,test
000000559842.jpg,../datasets/raw/coco_person/val/images/000000559842.jpg,../datasets/raw/coco_person/val/labels/000000559842.txt,coco_person,000000559842,test_pool,test
000000559956.jpg,../datasets/raw/coco_person/val/images/000000559956.jpg,../datasets/raw/coco_person/val/labels/000000559956.txt,coco_person,000000559956,test_pool,test
000000560474.jpg,../datasets/raw/coco_person/val/images/000000560474.jpg,../datasets/raw/coco_person/val/labels/000000560474.txt,coco_person,000000560474,test_pool,test
000000560880.jpg,../datasets/raw/coco_person/val/images/000000560880.jpg,../datasets/raw/coco_person/val/labels/000000560880.txt,coco_person,000000560880,test_pool,test
000000562243.jpg,../datasets/raw/coco_person/val/images/000000562243.jpg,../datasets/raw/coco_person/val/labels/000000562243.txt,coco_person,000000562243,test_pool,test
000000562448.jpg,../datasets/raw/coco_person/val/images/000000562448.jpg,../datasets/raw/coco_person/val/labels/000000562448.txt,coco_person,000000562448,test_pool,test
000000562581.jpg,../datasets/raw/coco_person/val/images/000000562581.jpg,../datasets/raw/coco_person/val/labels/000000562581.txt,coco_person,000000562581,test_pool,test
000000563281.jpg,../datasets/raw/coco_person/val/images/000000563281.jpg,../datasets/raw/coco_person/val/labels/000000563281.txt,coco_person,000000563281,test_pool,test
000000563470.jpg,../datasets/raw/coco_person/val/images/000000563470.jpg,../datasets/raw/coco_person/val/labels/000000563470.txt,coco_person,000000563470,test_pool,test
000000563604.jpg,../datasets/raw/coco_person/val/images/000000563604.jpg,../datasets/raw/coco_person/val/labels/000000563604.txt,coco_person,000000563604,test_pool,test
000000563653.jpg,../datasets/raw/coco_person/val/images/000000563653.jpg,../datasets/raw/coco_person/val/labels/000000563653.txt,coco_person,000000563653,test_pool,test
000000563882.jpg,../datasets/raw/coco_person/val/images/000000563882.jpg,../datasets/raw/coco_person/val/labels/000000563882.txt,coco_person,000000563882,test_pool,test
000000565563.jpg,../datasets/raw/coco_person/val/images/000000565563.jpg,../datasets/raw/coco_person/val/labels/000000565563.txt,coco_person,000000565563,test_pool,test
000000565778.jpg,../datasets/raw/coco_person/val/images/000000565778.jpg,../datasets/raw/coco_person/val/labels/000000565778.txt,coco_person,000000565778,test_pool,test
000000565877.jpg,../datasets/raw/coco_person/val/images/000000565877.jpg,../datasets/raw/coco_person/val/labels/000000565877.txt,coco_person,000000565877,test_pool,test
000000565962.jpg,../datasets/raw/coco_person/val/images/000000565962.jpg,../datasets/raw/coco_person/val/labels/000000565962.txt,coco_person,000000565962,test_pool,test
000000566524.jpg,../datasets/raw/coco_person/val/images/000000566524.jpg,../datasets/raw/coco_person/val/labels/000000566524.txt,coco_person,000000566524,test_pool,test
000000567011.jpg,../datasets/raw/coco_person/val/images/000000567011.jpg,../datasets/raw/coco_person/val/labels/000000567011.txt,coco_person,000000567011,test_pool,test
000000567740.jpg,../datasets/raw/coco_person/val/images/000000567740.jpg,../datasets/raw/coco_person/val/labels/000000567740.txt,coco_person,000000567740,test_pool,test
000000568195.jpg,../datasets/raw/coco_person/val/images/000000568195.jpg,../datasets/raw/coco_person/val/labels/000000568195.txt,coco_person,000000568195,test_pool,test
000000568213.jpg,../datasets/raw/coco_person/val/images/000000568213.jpg,../datasets/raw/coco_person/val/labels/000000568213.txt,coco_person,000000568213,test_pool,test
000000568290.jpg,../datasets/raw/coco_person/val/images/000000568290.jpg,../datasets/raw/coco_person/val/labels/000000568290.txt,coco_person,000000568290,test_pool,test
000000568584.jpg,../datasets/raw/coco_person/val/images/000000568584.jpg,../datasets/raw/coco_person/val/labels/000000568584.txt,coco_person,000000568584,test_pool,test
000000569059.jpg,../datasets/raw/coco_person/val/images/000000569059.jpg,../datasets/raw/coco_person/val/labels/000000569059.txt,coco_person,000000569059,test_pool,test
000000570539.jpg,../datasets/raw/coco_person/val/images/000000570539.jpg,../datasets/raw/coco_person/val/labels/000000570539.txt,coco_person,000000570539,test_pool,test
000000570688.jpg,../datasets/raw/coco_person/val/images/000000570688.jpg,../datasets/raw/coco_person/val/labels/000000570688.txt,coco_person,000000570688,test_pool,test
000000571598.jpg,../datasets/raw/coco_person/val/images/000000571598.jpg,../datasets/raw/coco_person/val/labels/000000571598.txt,coco_person,000000571598,test_pool,test
000000573258.jpg,../datasets/raw/coco_person/val/images/000000573258.jpg,../datasets/raw/coco_person/val/labels/000000573258.txt,coco_person,000000573258,test_pool,test
000000575081.jpg,../datasets/raw/coco_person/val/images/000000575081.jpg,../datasets/raw/coco_person/val/labels/000000575081.txt,coco_person,000000575081,test_pool,test
000000575187.jpg,../datasets/raw/coco_person/val/images/000000575187.jpg,../datasets/raw/coco_person/val/labels/000000575187.txt,coco_person,000000575187,test_pool,test
000000576052.jpg,../datasets/raw/coco_person/val/images/000000576052.jpg,../datasets/raw/coco_person/val/labels/000000576052.txt,coco_person,000000576052,test_pool,test
000000576955.jpg,../datasets/raw/coco_person/val/images/000000576955.jpg,../datasets/raw/coco_person/val/labels/000000576955.txt,coco_person,000000576955,test_pool,test
000000577959.jpg,../datasets/raw/coco_person/val/images/000000577959.jpg,../datasets/raw/coco_person/val/labels/000000577959.txt,coco_person,000000577959,test_pool,test
000000578489.jpg,../datasets/raw/coco_person/val/images/000000578489.jpg,../datasets/raw/coco_person/val/labels/000000578489.txt,coco_person,000000578489,test_pool,test
000000578792.jpg,../datasets/raw/coco_person/val/images/000000578792.jpg,../datasets/raw/coco_person/val/labels/000000578792.txt,coco_person,000000578792,test_pool,test
000000578871.jpg,../datasets/raw/coco_person/val/images/000000578871.jpg,../datasets/raw/coco_person/val/labels/000000578871.txt,coco_person,000000578871,test_pool,test
000000579818.jpg,../datasets/raw/coco_person/val/images/000000579818.jpg,../datasets/raw/coco_person/val/labels/000000579818.txt,coco_person,000000579818,test_pool,test
000000579902.jpg,../datasets/raw/coco_person/val/images/000000579902.jpg,../datasets/raw/coco_person/val/labels/000000579902.txt,coco_person,000000579902,test_pool,test
000000581206.jpg,../datasets/raw/coco_person/val/images/000000581206.jpg,../datasets/raw/coco_person/val/labels/000000581206.txt,coco_person,000000581206,test_pool,test
